source_video,frame_number,timestamp_seconds,class_id,class_name,confidence,x1,y1,x2,y2,box_center_x,box_center_y,box_width,box_height
T_20260712_200418_666396.mp4,0,0.0,0,marker,0.970918,284.438,150.299,558.984,395.98,421.711,273.139,274.546,245.681
T_20260712_200418_666396.mp4,0,0.0,1,power_adapter,0.948892,549.451,167.92,770.93,373.207,660.19,270.563,221.479,205.287
T_20260712_200418_666396.mp4,1,0.033333,0,marker,0.948647,290.807,160.623,559.398,395.63,425.102,278.127,268.591,235.007
T_20260712_200418_666396.mp4,1,0.033333,1,power_adapter,0.821926,542.602,152.149,827.454,374.34,685.028,263.244,284.852,222.191
T_20260712_200418_666396.mp4,2,0.066667,0,marker,0.947847,291.532,159.477,563.332,397.368,427.432,278.422,271.8,237.891
T_20260712_200418_666396.mp4,2,0.066667,1,power_adapter,0.823847,541.479,149.663,844.305,375.718,692.892,262.69,302.825,226.055
T_20260712_200418_666396.mp4,3,0.1,0,marker,0.954786,290.298,159.917,562.549,397.448,426.424,278.683,272.252,237.53
T_20260712_200418_666396.mp4,3,0.1,1,power_adapter,0.80573,541.375,150.817,832.188,376.543,686.781,263.68,290.813,225.726
T_20260712_200418_666396.mp4,4,0.133333,0,marker,0.956099,290.224,159.879,563.321,397.793,426.772,278.836,273.097,237.914
T_20260712_200418_666396.mp4,4,0.133333,1,power_adapter,0.843414,541.295,152.069,805.596,376.657,673.446,264.363,264.3,224.588
T_20260712_200418_666396.mp4,5,0.166667,0,marker,0.955083,290.053,159.973,563.062,396.646,426.558,278.309,273.009,236.673
T_20260712_200418_666396.mp4,5,0.166667,1,power_adapter,0.877223,547.036,160.596,782.511,373.548,664.774,267.072,235.475,212.953
T_20260712_200418_666396.mp4,6,0.2,0,marker,0.952425,290.928,159.894,557.975,399.104,424.451,279.499,267.047,239.209
T_20260712_200418_666396.mp4,6,0.2,1,power_adapter,0.881599,549.838,161.98,779.854,370.906,664.846,266.443,230.016,208.926
T_20260712_200418_666396.mp4,7,0.233333,0,marker,0.950461,290.305,158.184,558.791,398.068,424.548,278.126,268.486,239.884
T_20260712_200418_666396.mp4,7,0.233333,1,power_adapter,0.860776,549.649,163.125,779.635,371.753,664.642,267.439,229.986,208.628
T_20260712_200418_666396.mp4,8,0.266667,0,marker,0.94923,290.502,159.051,558.927,397.794,424.715,278.422,268.425,238.743
T_20260712_200418_666396.mp4,8,0.266667,1,power_adapter,0.853413,548.719,161.182,775.334,371.763,662.027,266.473,226.616,210.581
T_20260712_200418_666396.mp4,9,0.3,0,marker,0.94963,290.577,158.922,558.302,397.608,424.439,278.265,267.725,238.686
T_20260712_200418_666396.mp4,9,0.3,1,power_adapter,0.835927,548.347,159.513,771.125,371.913,659.736,265.713,222.777,212.4
T_20260712_200418_666396.mp4,10,0.333333,0,marker,0.952929,289.997,158.826,558.417,397.562,424.207,278.194,268.42,238.735
T_20260712_200418_666396.mp4,10,0.333333,1,power_adapter,0.835347,549.08,161.146,774.039,371.664,661.56,266.405,224.959,210.518
T_20260712_200418_666396.mp4,11,0.366667,0,marker,0.950005,289.413,158.418,558.278,397.309,423.846,277.863,268.865,238.891
T_20260712_200418_666396.mp4,11,0.366667,1,power_adapter,0.843185,549.59,159.059,772.752,372.142,661.171,265.6,223.161,213.083
T_20260712_200418_666396.mp4,12,0.4,0,marker,0.948811,291.244,157.576,562.62,396.191,426.932,276.884,271.376,238.615
T_20260712_200418_666396.mp4,12,0.4,1,power_adapter,0.873646,546.499,164.814,781.861,372.981,664.18,268.897,235.362,208.167
T_20260712_200418_666396.mp4,13,0.433333,0,marker,0.953816,291.09,157.623,561.293,395.187,426.191,276.405,270.204,237.564
T_20260712_200418_666396.mp4,13,0.433333,1,power_adapter,0.894559,547.493,167.898,780.528,373.602,664.01,270.75,233.035,205.704
T_20260712_200418_666396.mp4,14,0.466667,0,marker,0.954615,290.438,155.66,562.801,396.374,426.619,276.017,272.363,240.714
T_20260712_200418_666396.mp4,14,0.466667,1,power_adapter,0.886837,547.812,167.626,780.878,374.578,664.345,271.102,233.066,206.953
T_20260712_200418_666396.mp4,15,0.5,0,marker,0.953924,290.818,155.503,564.351,396.901,427.584,276.202,273.533,241.398
T_20260712_200418_666396.mp4,15,0.5,1,power_adapter,0.846876,540.595,156.135,810.455,378.152,675.525,267.144,269.86,222.016
T_20260712_200418_666396.mp4,16,0.533333,0,marker,0.958857,290.437,155.216,563.555,397.43,426.996,276.323,273.118,242.214
T_20260712_200418_666396.mp4,16,0.533333,1,power_adapter,0.755528,540.022,152.38,825.974,376.823,682.998,264.602,285.952,224.443
T_20260712_200418_666396.mp4,17,0.566667,0,marker,0.957342,290.793,154.584,564.236,398.327,427.515,276.455,273.443,243.743
T_20260712_200418_666396.mp4,17,0.566667,1,power_adapter,0.84387,541.202,160.065,820.476,376.364,680.839,268.214,279.274,216.299
T_20260712_200418_666396.mp4,18,0.6,0,marker,0.954571,292.387,153.646,563.073,399.061,427.73,276.353,270.686,245.416
T_20260712_200418_666396.mp4,18,0.6,1,power_adapter,0.788434,539.267,155.175,871.912,377.736,705.59,266.456,332.645,222.561
T_20260712_200418_666396.mp4,19,0.633333,0,marker,0.942766,291.572,150.051,569.067,402.181,430.32,276.116,277.495,252.129
T_20260712_200418_666396.mp4,19,0.633333,1,power_adapter,0.683272,536.949,152.226,881.72,378.084,709.334,265.155,344.771,225.858
T_20260712_200418_666396.mp4,20,0.666667,0,marker,0.942112,291.639,152.488,568.198,404.667,429.918,278.577,276.559,252.179
T_20260712_200418_666396.mp4,20,0.666667,1,power_adapter,0.691665,532.742,153.669,878.254,375.115,705.498,264.392,345.512,221.446
T_20260712_200418_666396.mp4,21,0.7,0,marker,0.934868,292.326,149.775,570.414,402.127,431.37,275.951,278.087,252.351
T_20260712_200418_666396.mp4,21,0.7,1,power_adapter,0.665928,531.28,154.193,880.568,374.212,705.924,264.203,349.288,220.02
T_20260712_200418_666396.mp4,22,0.733333,0,marker,0.942599,285.335,151.024,579.948,398.393,432.641,274.709,294.613,247.369
T_20260712_200418_666396.mp4,22,0.733333,1,power_adapter,0.682247,540.219,153.9,882.67,373.811,711.445,263.855,342.451,219.911
T_20260712_200418_666396.mp4,23,0.766667,0,marker,0.940944,290.944,151.144,567.273,402.249,429.108,276.697,276.329,251.104
T_20260712_200418_666396.mp4,23,0.766667,1,power_adapter,0.698276,549.502,155.821,884.524,373.433,717.013,264.627,335.023,217.612
T_20260712_200418_666396.mp4,24,0.8,0,marker,0.943193,294.828,158.695,565.702,405.503,430.265,282.099,270.874,246.808
T_20260712_200418_666396.mp4,24,0.8,1,power_adapter,0.697962,550.347,153.502,887.916,375.796,719.131,264.649,337.569,222.294
T_20260712_200418_666396.mp4,25,0.833333,0,marker,0.9395,287.247,158.101,574.526,404.301,430.886,281.201,287.279,246.2
T_20260712_200418_666396.mp4,25,0.833333,1,power_adapter,0.702215,553.311,164.58,885.689,380.647,719.5,272.613,332.377,216.067
T_20260712_200418_666396.mp4,26,0.866667,0,marker,0.937871,288.201,157.43,571.097,401.21,429.649,279.32,282.896,243.78
T_20260712_200418_666396.mp4,26,0.866667,1,power_adapter,0.650064,556.069,154.568,893.793,377.956,724.931,266.262,337.724,223.388
T_20260712_200418_666396.mp4,26,0.866667,1,power_adapter,0.283578,561.901,159.532,775.562,375.835,668.732,267.683,213.66,216.303
T_20260712_200418_666396.mp4,27,0.9,0,marker,0.941369,295.615,158.199,563.707,401.505,429.661,279.852,268.092,243.306
T_20260712_200418_666396.mp4,27,0.9,1,power_adapter,0.537012,564.864,136.899,873.031,378.456,718.947,257.678,308.166,241.557
T_20260712_200418_666396.mp4,28,0.933333,0,marker,0.940754,295.34,158.954,564.117,402.908,429.728,280.931,268.778,243.953
T_20260712_200418_666396.mp4,28,0.933333,1,power_adapter,0.285098,573.276,131.371,865.128,370.547,719.202,250.959,291.852,239.176
T_20260712_200418_666396.mp4,29,0.966667,0,marker,0.943085,296.036,159.129,568.086,403.188,432.061,281.158,272.05,244.059
T_20260712_200418_666396.mp4,29,0.966667,1,power_adapter,0.450287,576.292,127.817,841.707,368.607,708.999,248.212,265.414,240.791
T_20260712_200418_666396.mp4,30,1.0,0,marker,0.953366,289.344,160.951,578.409,402.924,433.876,281.937,289.065,241.973
T_20260712_200418_666396.mp4,30,1.0,1,power_adapter,0.779704,585.078,132.882,827.66,362.401,706.369,247.642,242.581,229.519
T_20260712_200418_666396.mp4,31,1.033333,0,marker,0.949753,286.917,160.701,576.507,401.07,431.712,280.886,289.59,240.369
T_20260712_200418_666396.mp4,31,1.033333,1,power_adapter,0.878922,594.712,156.761,795.226,357.573,694.969,257.167,200.514,200.812
T_20260712_200418_666396.mp4,32,1.066667,0,marker,0.948774,286.92,162.421,576.159,400.412,431.54,281.416,289.239,237.991
T_20260712_200418_666396.mp4,32,1.066667,1,power_adapter,0.914078,596.212,159.205,794.937,353.245,695.575,256.225,198.725,194.04
T_20260712_200418_666396.mp4,33,1.1,0,marker,0.94556,291.526,157.816,568.87,400.545,430.198,279.181,277.343,242.729
T_20260712_200418_666396.mp4,33,1.1,1,power_adapter,0.921827,599.326,158.053,795.924,349.42,697.625,253.737,196.598,191.367
T_20260712_200418_666396.mp4,34,1.133333,0,marker,0.94541,292.029,158.504,568.6,400.396,430.314,279.45,276.571,241.892
T_20260712_200418_666396.mp4,34,1.133333,1,power_adapter,0.93614,598.122,158.946,793.932,350.071,696.027,254.509,195.81,191.125
T_20260712_200418_666396.mp4,35,1.166667,1,power_adapter,0.948916,593.761,160.864,789.992,349.13,691.877,254.997,196.23,188.266
T_20260712_200418_666396.mp4,35,1.166667,0,marker,0.940583,291.403,157.232,568.23,397.441,429.816,277.336,276.826,240.209
T_20260712_200418_666396.mp4,36,1.2,1,power_adapter,0.95185,593.289,161.173,786.166,348.225,689.727,254.699,192.877,187.052
T_20260712_200418_666396.mp4,36,1.2,0,marker,0.94121,295.452,160.139,565.103,400.9,430.278,280.519,269.651,240.761
T_20260712_200418_666396.mp4,37,1.233333,0,marker,0.945889,295.025,160.664,566.091,400.598,430.558,280.631,271.067,239.934
T_20260712_200418_666396.mp4,37,1.233333,1,power_adapter,0.945525,592.696,158.965,784.435,350.062,688.565,254.513,191.739,191.097
T_20260712_200418_666396.mp4,38,1.266667,1,power_adapter,0.948691,591.89,160.811,782.734,347.738,687.312,254.275,190.844,186.926
T_20260712_200418_666396.mp4,38,1.266667,0,marker,0.943824,295.297,159.541,566.61,401.742,430.954,280.642,271.313,242.201
T_20260712_200418_666396.mp4,39,1.3,0,marker,0.952372,293.465,157.135,567.919,400.974,430.692,279.055,274.454,243.84
T_20260712_200418_666396.mp4,39,1.3,1,power_adapter,0.93846,592.023,163.032,783.085,348.183,687.554,255.607,191.062,185.152
T_20260712_200418_666396.mp4,40,1.333333,0,marker,0.957788,293.39,156.87,568.899,402.645,431.145,279.757,275.51,245.775
T_20260712_200418_666396.mp4,40,1.333333,1,power_adapter,0.950044,591.072,159.994,785.867,348.757,688.469,254.375,194.795,188.763
T_20260712_200418_666396.mp4,41,1.366667,1,power_adapter,0.964379,589.732,158.931,788.122,346.908,688.927,252.92,198.389,187.978
T_20260712_200418_666396.mp4,41,1.366667,0,marker,0.9485,294.133,153.872,568.631,400.224,431.382,277.048,274.498,246.352
T_20260712_200418_666396.mp4,42,1.4,1,power_adapter,0.958664,589.303,162.141,786.191,346.226,687.747,254.183,196.888,184.085
T_20260712_200418_666396.mp4,42,1.4,0,marker,0.952867,294.166,156.357,569.327,400.839,431.747,278.598,275.161,244.482
T_20260712_200418_666396.mp4,43,1.433333,1,power_adapter,0.958336,587.661,159.61,785.772,345.881,686.716,252.745,198.112,186.271
T_20260712_200418_666396.mp4,43,1.433333,0,marker,0.949611,293.52,157.065,569.431,400.599,431.475,278.832,275.91,243.534
T_20260712_200418_666396.mp4,44,1.466667,1,power_adapter,0.96048,588.969,160.031,787.093,346.074,688.031,253.052,198.125,186.044
T_20260712_200418_666396.mp4,44,1.466667,0,marker,0.950939,293.514,157.129,569.068,400.03,431.291,278.579,275.553,242.901
T_20260712_200418_666396.mp4,45,1.5,1,power_adapter,0.959119,589.865,160.405,787.293,345.976,688.579,253.191,197.428,185.57
T_20260712_200418_666396.mp4,45,1.5,0,marker,0.951726,292.363,157.22,569.228,400.42,430.795,278.82,276.865,243.2
T_20260712_200418_666396.mp4,46,1.533333,0,marker,0.953011,292.021,156.051,569.042,401.104,430.531,278.577,277.021,245.053
T_20260712_200418_666396.mp4,46,1.533333,1,power_adapter,0.946469,590.997,161.279,788.771,345.919,689.884,253.599,197.774,184.64
T_20260712_200418_666396.mp4,47,1.566667,0,marker,0.947233,292.947,156.065,569.392,400.745,431.169,278.405,276.445,244.68
T_20260712_200418_666396.mp4,47,1.566667,1,power_adapter,0.936579,591.037,160.248,787.139,346.051,689.088,253.15,196.102,185.803
T_20260712_200418_666396.mp4,48,1.6,0,marker,0.933284,293.124,159.937,568.418,399.191,430.771,279.564,275.294,239.254
T_20260712_200418_666396.mp4,48,1.6,1,power_adapter,0.91872,591.209,160.215,783.164,345.801,687.187,253.008,191.955,185.586
T_20260712_200418_666396.mp4,49,1.633333,0,marker,0.941039,293.095,157.803,568.487,399.358,430.791,278.581,275.392,241.555
T_20260712_200418_666396.mp4,49,1.633333,1,power_adapter,0.914762,590.622,158.904,780.633,345.807,685.628,252.356,190.011,186.903
T_20260712_200418_666396.mp4,50,1.666667,0,marker,0.939642,294.02,158.509,568.987,399.558,431.504,279.033,274.967,241.049
T_20260712_200418_666396.mp4,50,1.666667,1,power_adapter,0.90669,590.88,159.137,776.937,345.201,683.908,252.169,186.057,186.064
T_20260712_200418_666396.mp4,51,1.7,0,marker,0.939527,293.604,158.707,567.82,398.548,430.712,278.627,274.216,239.841
T_20260712_200418_666396.mp4,51,1.7,1,power_adapter,0.909655,588.863,157.247,777.66,345.648,683.261,251.448,188.797,188.401
T_20260712_200418_666396.mp4,52,1.733333,0,marker,0.945973,293.44,157.2,568.994,399.436,431.217,278.318,275.554,242.236
T_20260712_200418_666396.mp4,52,1.733333,1,power_adapter,0.894733,590.193,155.969,777.392,345.961,683.792,250.965,187.199,189.992
T_20260712_200418_666396.mp4,53,1.766667,0,marker,0.948412,294.194,157.6,569.393,400.455,431.794,279.027,275.199,242.854
T_20260712_200418_666396.mp4,53,1.766667,1,power_adapter,0.8998,589.191,150.113,783.403,344.637,686.297,247.375,194.212,194.524
T_20260712_200418_666396.mp4,54,1.8,0,marker,0.945794,292.649,156.78,567.138,400.447,429.894,278.614,274.49,243.666
T_20260712_200418_666396.mp4,54,1.8,1,power_adapter,0.86443,584.173,129.085,790.105,344.502,687.139,236.794,205.932,215.417
T_20260712_200418_666396.mp4,55,1.833333,0,marker,0.949247,293.214,158.869,566.962,400.087,430.088,279.478,273.749,241.218
T_20260712_200418_666396.mp4,55,1.833333,1,power_adapter,0.755362,579.928,116.836,803.833,345.125,691.881,230.98,223.905,228.289
T_20260712_200418_666396.mp4,56,1.866667,0,marker,0.947937,292.495,159.15,566.213,400.318,429.354,279.734,273.718,241.169
T_20260712_200418_666396.mp4,56,1.866667,1,power_adapter,0.664533,576.205,120.602,833.878,346.006,705.042,233.304,257.673,225.403
T_20260712_200418_666396.mp4,57,1.9,0,marker,0.941488,294.453,164.06,567.45,398.611,430.952,281.335,272.997,234.55
T_20260712_200418_666396.mp4,57,1.9,1,power_adapter,0.744083,573.538,133.301,822.532,346.93,698.035,240.115,248.994,213.629
T_20260712_200418_666396.mp4,58,1.933333,0,marker,0.946023,294.859,162.139,567.771,398.977,431.315,280.558,272.912,236.839
T_20260712_200418_666396.mp4,58,1.933333,1,power_adapter,0.782805,581.686,154.566,779.179,341.251,680.433,247.909,197.493,186.685
T_20260712_200418_666396.mp4,59,1.966667,0,marker,0.943309,294.015,159.678,566.923,400.191,430.469,279.934,272.907,240.513
T_20260712_200418_666396.mp4,59,1.966667,1,power_adapter,0.846419,580.231,150.847,782.791,347.393,681.511,249.12,202.56,196.547
T_20260712_200418_666396.mp4,60,2.0,0,marker,0.948505,288.048,159.606,575.76,396.84,431.904,278.223,287.712,237.234
T_20260712_200418_666396.mp4,60,2.0,1,power_adapter,0.854983,580.362,149.627,830.137,343.903,705.25,246.765,249.775,194.276
T_20260712_200418_666396.mp4,61,2.033333,0,marker,0.9516,288.13,159.609,577.124,399.351,432.627,279.48,288.995,239.742
T_20260712_200418_666396.mp4,61,2.033333,1,power_adapter,0.942507,576.397,141.801,875.985,354.961,726.191,248.381,299.588,213.16
T_20260712_200418_666396.mp4,62,2.066667,0,marker,0.953519,296.069,160.005,570.222,402.629,433.146,281.317,274.153,242.624
T_20260712_200418_666396.mp4,62,2.066667,1,power_adapter,0.91321,566.281,144.397,833.806,361.069,700.043,252.733,267.525,216.672
T_20260712_200418_666396.mp4,63,2.1,0,marker,0.950031,295.634,158.967,569.226,401.389,432.43,280.178,273.592,242.423
T_20260712_200418_666396.mp4,63,2.1,1,power_adapter,0.917913,564.369,144.284,816.253,368.888,690.311,256.586,251.884,224.604
T_20260712_200418_666396.mp4,64,2.133333,0,marker,0.949716,295.175,157.998,569.319,402.144,432.247,280.071,274.144,244.146
T_20260712_200418_666396.mp4,64,2.133333,1,power_adapter,0.931628,561.83,136.967,813.363,368.396,687.596,252.681,251.533,231.429
T_20260712_200418_666396.mp4,65,2.166667,0,marker,0.950111,295.219,157.304,569.286,402.002,432.252,279.653,274.067,244.698
T_20260712_200418_666396.mp4,65,2.166667,1,power_adapter,0.944176,561.772,138.581,816.194,365.057,688.983,251.819,254.422,226.476
T_20260712_200418_666396.mp4,66,2.2,1,power_adapter,0.96551,562.686,142.253,826.586,361.735,694.636,251.994,263.9,219.482
T_20260712_200418_666396.mp4,66,2.2,0,marker,0.951867,296.629,158.73,569.986,403.298,433.307,281.014,273.357,244.567
T_20260712_200418_666396.mp4,67,2.233333,1,power_adapter,0.961944,565.741,143.906,802.263,362.02,684.002,252.963,236.522,218.114
T_20260712_200418_666396.mp4,67,2.233333,0,marker,0.948468,297.286,158.121,569.723,401.738,433.504,279.93,272.437,243.617
T_20260712_200418_666396.mp4,68,2.266667,1,power_adapter,0.949517,571.589,167.107,793.403,354.405,682.496,260.756,221.814,187.298
T_20260712_200418_666396.mp4,68,2.266667,0,marker,0.948676,296.121,158.298,569.691,402.129,432.906,280.213,273.571,243.83
T_20260712_200418_666396.mp4,69,2.3,0,marker,0.944393,296.287,160.017,568.401,401.605,432.344,280.811,272.114,241.588
T_20260712_200418_666396.mp4,69,2.3,1,power_adapter,0.93041,571.769,167.458,790.727,349.564,681.248,258.511,218.958,182.106
T_20260712_200418_666396.mp4,70,2.333333,1,power_adapter,0.945727,575.735,164.26,792.143,349.306,683.939,256.783,216.408,185.046
T_20260712_200418_666396.mp4,70,2.333333,0,marker,0.941368,295.42,159.855,567.679,400.932,431.549,280.393,272.26,241.077
T_20260712_200418_666396.mp4,71,2.366667,1,power_adapter,0.950689,574.234,166.293,793.797,348.854,684.015,257.573,219.562,182.561
T_20260712_200418_666396.mp4,71,2.366667,0,marker,0.942723,295.191,159.107,567.896,401.697,431.544,280.402,272.705,242.59
T_20260712_200418_666396.mp4,72,2.4,1,power_adapter,0.962436,578.132,158.227,790.355,348.367,684.244,253.297,212.222,190.14
T_20260712_200418_666396.mp4,72,2.4,0,marker,0.942705,294.553,159.506,565.341,398.044,429.947,278.775,270.788,238.538
T_20260712_200418_666396.mp4,73,2.433333,1,power_adapter,0.966599,580.283,157.423,791.621,348.924,685.952,253.174,211.338,191.501
T_20260712_200418_666396.mp4,73,2.433333,0,marker,0.947989,295.424,160.69,566.032,398.671,430.728,279.681,270.608,237.982
T_20260712_200418_666396.mp4,74,2.466667,1,power_adapter,0.961255,577.365,154.964,790.87,349.654,684.117,252.309,213.505,194.69
T_20260712_200418_666396.mp4,74,2.466667,0,marker,0.9459,294.724,160.907,566.429,399.125,430.576,280.016,271.705,238.218
T_20260712_200418_666396.mp4,75,2.5,1,power_adapter,0.967323,580.24,156.001,791.842,348.751,686.041,252.376,211.602,192.749
T_20260712_200418_666396.mp4,75,2.5,0,marker,0.947177,293.41,160.481,565.935,397.74,429.672,279.11,272.525,237.259
T_20260712_200418_666396.mp4,76,2.533333,1,power_adapter,0.964388,583.633,154.873,792.724,348.338,688.178,251.606,209.091,193.465
T_20260712_200418_666396.mp4,76,2.533333,0,marker,0.944684,293.762,159.694,565.922,399.138,429.842,279.416,272.16,239.445
T_20260712_200418_666396.mp4,77,2.566667,1,power_adapter,0.953696,584.024,149.487,792.086,347.67,688.055,248.579,208.062,198.184
T_20260712_200418_666396.mp4,77,2.566667,0,marker,0.947251,293.384,159.684,566.089,399.203,429.736,279.444,272.706,239.519
T_20260712_200418_666396.mp4,78,2.6,0,marker,0.946735,295.256,160.842,566.97,401.299,431.113,281.071,271.714,240.458
T_20260712_200418_666396.mp4,78,2.6,1,power_adapter,0.934278,583.697,140.315,792.706,350.634,688.201,245.475,209.009,210.319
T_20260712_200418_666396.mp4,79,2.633333,0,marker,0.947669,295.541,160.817,566.261,401.324,430.901,281.07,270.72,240.508
T_20260712_200418_666396.mp4,79,2.633333,1,power_adapter,0.940911,583.772,133.628,790.549,349.437,687.16,241.532,206.777,215.808
T_20260712_200418_666396.mp4,80,2.666667,0,marker,0.947885,296.249,160.466,566.645,400.852,431.447,280.659,270.396,240.386
T_20260712_200418_666396.mp4,80,2.666667,1,power_adapter,0.931593,587.067,143.534,785.291,349.81,686.179,246.672,198.224,206.276
T_20260712_200418_666396.mp4,81,2.7,0,marker,0.945357,294.121,160.547,566.177,400.686,430.149,280.616,272.057,240.139
T_20260712_200418_666396.mp4,81,2.7,1,power_adapter,0.872396,575.415,152.163,777.305,350.823,676.36,251.493,201.89,198.66
T_20260712_200418_666396.mp4,82,2.733333,0,marker,0.945832,295.475,159.559,566.656,401.389,431.066,280.474,271.181,241.83
T_20260712_200418_666396.mp4,82,2.733333,1,power_adapter,0.793835,564.961,138.883,768.832,349.721,666.897,244.302,203.871,210.838
T_20260712_200418_666396.mp4,83,2.766667,0,marker,0.946474,295.746,158.752,567.496,400.913,431.621,279.833,271.75,242.161
T_20260712_200418_666396.mp4,83,2.766667,1,power_adapter,0.725857,563.01,131.419,784.695,352.008,673.852,241.713,221.685,220.589
T_20260712_200418_666396.mp4,84,2.8,0,marker,0.946135,298.176,161.249,566.322,399.976,432.249,280.612,268.146,238.728
T_20260712_200418_666396.mp4,84,2.8,1,power_adapter,0.788958,565.767,135.858,803.961,350.538,684.864,243.198,238.193,214.679
T_20260712_200418_666396.mp4,85,2.833333,0,marker,0.953462,297.47,160.622,568.539,400.947,433.004,280.784,271.069,240.325
T_20260712_200418_666396.mp4,85,2.833333,1,power_adapter,0.799169,562.07,136.282,819.526,356.0,690.798,246.141,257.456,219.717
T_20260712_200418_666396.mp4,86,2.866667,0,marker,0.958151,297.241,158.805,571.886,402.605,434.564,280.705,274.646,243.801
T_20260712_200418_666396.mp4,86,2.866667,1,power_adapter,0.856014,558.821,136.698,825.338,359.043,692.079,247.87,266.517,222.345
T_20260712_200418_666396.mp4,87,2.9,0,marker,0.956891,297.804,158.096,571.055,401.588,434.429,279.842,273.251,243.491
T_20260712_200418_666396.mp4,87,2.9,1,power_adapter,0.876299,561.232,137.568,856.765,355.947,708.999,246.758,295.533,218.379
T_20260712_200418_666396.mp4,88,2.933333,0,marker,0.95674,297.269,158.394,570.18,401.62,433.725,280.007,272.911,243.226
T_20260712_200418_666396.mp4,88,2.933333,1,power_adapter,0.827229,553.397,139.488,861.946,358.267,707.672,248.877,308.549,218.779
T_20260712_200418_666396.mp4,89,2.966667,0,marker,0.954272,296.97,158.094,570.998,402.36,433.984,280.227,274.028,244.266
T_20260712_200418_666396.mp4,89,2.966667,1,power_adapter,0.844869,554.923,138.874,840.215,360.764,697.569,249.819,285.293,221.89
T_20260712_200418_666396.mp4,90,3.0,0,marker,0.95589,289.131,158.021,577.301,396.76,433.216,277.391,288.171,238.74
T_20260712_200418_666396.mp4,90,3.0,1,power_adapter,0.865122,565.394,139.489,838.748,360.326,702.071,249.907,273.354,220.837
T_20260712_200418_666396.mp4,91,3.033333,0,marker,0.958506,289.334,159.152,577.685,396.433,433.509,277.792,288.351,237.281
T_20260712_200418_666396.mp4,91,3.033333,1,power_adapter,0.878933,564.423,140.736,856.397,361.336,710.41,251.036,291.975,220.599
T_20260712_200418_666396.mp4,92,3.066667,0,marker,0.959584,295.789,158.934,571.346,401.409,433.567,280.172,275.557,242.475
T_20260712_200418_666396.mp4,92,3.066667,1,power_adapter,0.882034,565.745,142.037,859.001,358.3,712.373,250.169,293.256,216.264
T_20260712_200418_666396.mp4,93,3.1,0,marker,0.954468,296.097,157.267,570.0,398.016,433.049,277.642,273.903,240.749
T_20260712_200418_666396.mp4,93,3.1,1,power_adapter,0.898714,566.289,141.856,845.796,355.072,706.043,248.464,279.507,213.215
T_20260712_200418_666396.mp4,94,3.133333,0,marker,0.95304,296.56,157.543,569.701,397.153,433.131,277.348,273.141,239.61
T_20260712_200418_666396.mp4,94,3.133333,1,power_adapter,0.918824,573.404,131.861,865.954,348.059,719.679,239.96,292.55,216.198
T_20260712_200418_666396.mp4,95,3.166667,0,marker,0.955166,296.064,157.648,569.763,397.84,432.913,277.744,273.699,240.192
T_20260712_200418_666396.mp4,95,3.166667,1,power_adapter,0.938277,578.742,132.198,782.981,343.191,680.861,237.694,204.239,210.992
T_20260712_200418_666396.mp4,96,3.2,1,power_adapter,0.945464,581.58,137.263,795.437,343.99,688.509,240.627,213.857,206.727
T_20260712_200418_666396.mp4,96,3.2,0,marker,0.944891,295.016,155.775,566.841,398.252,430.929,277.013,271.825,242.477
T_20260712_200418_666396.mp4,97,3.233333,0,marker,0.939059,295.581,157.545,566.043,397.245,430.812,277.395,270.461,239.7
T_20260712_200418_666396.mp4,97,3.233333,1,power_adapter,0.912714,583.525,149.749,789.737,343.79,686.631,246.77,206.212,194.041
T_20260712_200418_666396.mp4,98,3.266667,0,marker,0.938718,295.38,157.255,565.962,397.593,430.671,277.424,270.583,240.337
T_20260712_200418_666396.mp4,98,3.266667,1,power_adapter,0.926022,576.594,149.804,788.199,343.04,682.397,246.422,211.605,193.236
T_20260712_200418_666396.mp4,99,3.3,1,power_adapter,0.951858,579.158,150.92,787.27,343.446,683.214,247.183,208.112,192.526
T_20260712_200418_666396.mp4,99,3.3,0,marker,0.942228,296.004,157.556,566.92,396.956,431.462,277.256,270.917,239.4
T_20260712_200418_666396.mp4,100,3.333333,0,marker,0.946375,296.661,156.832,565.418,397.13,431.039,276.981,268.757,240.298
T_20260712_200418_666396.mp4,100,3.333333,1,power_adapter,0.938558,580.85,154.52,785.585,342.968,683.217,248.744,204.735,188.448
T_20260712_200418_666396.mp4,101,3.366667,1,power_adapter,0.952747,583.168,157.428,782.671,341.336,682.919,249.382,199.503,183.908
T_20260712_200418_666396.mp4,101,3.366667,0,marker,0.946615,296.451,157.526,565.402,397.378,430.926,277.452,268.952,239.852
T_20260712_200418_666396.mp4,102,3.4,1,power_adapter,0.950789,585.547,157.395,786.057,341.944,685.802,249.669,200.51,184.549
T_20260712_200418_666396.mp4,102,3.4,0,marker,0.95008,296.947,159.446,565.141,396.654,431.044,278.05,268.195,237.208
T_20260712_200418_666396.mp4,103,3.433333,0,marker,0.943732,297.413,159.399,565.461,396.366,431.437,277.882,268.047,236.966
T_20260712_200418_666396.mp4,103,3.433333,1,power_adapter,0.922076,582.453,154.468,775.122,344.772,678.788,249.62,192.668,190.304
T_20260712_200418_666396.mp4,104,3.466667,1,power_adapter,0.944813,584.919,149.212,770.682,345.191,677.8,247.201,185.763,195.979
T_20260712_200418_666396.mp4,104,3.466667,0,marker,0.933637,297.165,159.143,563.95,395.34,430.558,277.241,266.785,236.197
T_20260712_200418_666396.mp4,105,3.5,0,marker,0.943041,295.639,160.983,564.733,395.812,430.186,278.398,269.094,234.829
T_20260712_200418_666396.mp4,105,3.5,1,power_adapter,0.912942,582.23,140.822,776.7,343.936,679.465,242.379,194.47,203.113
T_20260712_200418_666396.mp4,106,3.533333,0,marker,0.946528,296.798,160.229,566.751,396.391,431.775,278.31,269.952,236.162
T_20260712_200418_666396.mp4,106,3.533333,1,power_adapter,0.754722,574.179,136.431,787.373,342.619,680.776,239.525,213.193,206.187
T_20260712_200418_666396.mp4,107,3.566667,0,marker,0.955062,296.503,159.332,568.767,396.932,432.635,278.132,272.264,237.6
T_20260712_200418_666396.mp4,107,3.566667,1,power_adapter,0.681376,571.039,139.233,834.619,345.772,702.829,242.503,263.58,206.539
T_20260712_200418_666396.mp4,107,3.566667,1,power_adapter,0.41638,575.28,144.018,765.85,343.739,670.565,243.879,190.57,199.721
T_20260712_200418_666396.mp4,108,3.6,0,marker,0.938786,293.159,158.421,565.154,397.221,429.156,277.821,271.995,238.799
T_20260712_200418_666396.mp4,108,3.6,1,power_adapter,0.814489,574.418,142.836,841.62,347.963,708.019,245.399,267.202,205.127
T_20260712_200418_666396.mp4,108,3.6,1,power_adapter,0.487548,577.663,148.144,770.896,345.605,674.28,246.874,193.233,197.461
T_20260712_200418_666396.mp4,109,3.633333,0,marker,0.947577,294.443,158.788,566.961,397.704,430.702,278.246,272.518,238.916
T_20260712_200418_666396.mp4,109,3.633333,1,power_adapter,0.897761,577.295,144.665,842.783,351.915,710.039,248.29,265.487,207.25
T_20260712_200418_666396.mp4,110,3.666667,0,marker,0.946059,294.448,157.868,565.96,398.153,430.204,278.011,271.512,240.285
T_20260712_200418_666396.mp4,110,3.666667,1,power_adapter,0.894181,576.433,138.525,846.359,351.314,711.396,244.92,269.926,212.789
T_20260712_200418_666396.mp4,111,3.7,0,marker,0.949704,294.675,159.234,567.11,398.092,430.893,278.663,272.434,238.858
T_20260712_200418_666396.mp4,111,3.7,1,power_adapter,0.939585,570.065,130.446,846.255,354.041,708.16,242.243,276.19,223.596
T_20260712_200418_666396.mp4,112,3.733333,0,marker,0.954182,295.202,157.063,568.587,398.624,431.894,277.844,273.384,241.561
T_20260712_200418_666396.mp4,112,3.733333,1,power_adapter,0.935041,571.95,129.157,840.366,355.623,706.158,242.39,268.416,226.466
T_20260712_200418_666396.mp4,113,3.766667,0,marker,0.953443,295.997,156.07,569.353,399.745,432.675,277.908,273.356,243.675
T_20260712_200418_666396.mp4,113,3.766667,1,power_adapter,0.875865,568.803,129.082,840.16,356.625,704.482,242.853,271.357,227.542
T_20260712_200418_666396.mp4,114,3.8,0,marker,0.951041,297.418,155.524,568.445,399.138,432.932,277.331,271.027,243.615
T_20260712_200418_666396.mp4,114,3.8,1,power_adapter,0.818247,570.346,135.775,839.443,356.738,704.894,246.256,269.097,220.962
T_20260712_200418_666396.mp4,115,3.833333,0,marker,0.951197,295.809,154.702,567.86,398.129,431.835,276.416,272.051,243.427
T_20260712_200418_666396.mp4,115,3.833333,1,power_adapter,0.799679,575.219,149.796,839.942,351.618,707.58,250.707,264.723,201.822
T_20260712_200418_666396.mp4,116,3.866667,0,marker,0.952028,288.817,156.767,575.968,394.371,432.393,275.569,287.151,237.604
T_20260712_200418_666396.mp4,116,3.866667,1,power_adapter,0.834976,573.04,148.611,847.358,349.409,710.199,249.01,274.318,200.798
T_20260712_200418_666396.mp4,117,3.9,0,marker,0.950065,288.84,158.112,575.476,394.689,432.158,276.4,286.636,236.577
T_20260712_200418_666396.mp4,117,3.9,1,power_adapter,0.88694,575.987,151.954,854.097,345.241,715.042,248.598,278.11,193.287
T_20260712_200418_666396.mp4,118,3.933333,0,marker,0.94789,289.616,157.503,577.384,397.751,433.5,277.627,287.768,240.248
T_20260712_200418_666396.mp4,118,3.933333,1,power_adapter,0.895038,573.199,143.988,851.36,356.261,712.28,250.125,278.161,212.273
T_20260712_200418_666396.mp4,119,3.966667,0,marker,0.949117,288.485,155.465,579.16,398.773,433.822,277.119,290.676,243.308
T_20260712_200418_666396.mp4,119,3.966667,1,power_adapter,0.765479,579.627,131.715,868.901,344.704,724.264,238.209,289.274,212.989
T_20260712_200418_666396.mp4,120,4.0,0,marker,0.946545,287.614,153.749,579.115,401.164,433.365,277.456,291.501,247.415
T_20260712_200418_666396.mp4,120,4.0,1,power_adapter,0.804196,583.242,121.52,887.114,326.214,735.178,223.867,303.871,204.694
T_20260712_200418_666396.mp4,121,4.033333,0,marker,0.95144,288.058,155.876,579.009,400.321,433.534,278.099,290.951,244.445
T_20260712_200418_666396.mp4,121,4.033333,1,power_adapter,0.677984,598.438,120.771,919.459,313.221,758.949,216.996,321.021,192.45
T_20260712_200418_666396.mp4,122,4.066667,0,marker,0.949148,287.172,155.524,578.621,398.533,432.897,277.028,291.449,243.009
T_20260712_200418_666396.mp4,122,4.066667,1,power_adapter,0.748667,617.702,117.895,921.975,304.077,769.839,210.986,304.273,186.181
T_20260712_200418_666396.mp4,123,4.1,0,marker,0.949218,287.097,156.385,578.967,396.797,433.032,276.591,291.87,240.413
T_20260712_200418_666396.mp4,123,4.1,1,power_adapter,0.629734,634.587,115.826,941.349,298.478,787.968,207.152,306.762,182.651
T_20260712_200418_666396.mp4,123,4.1,1,power_adapter,0.371808,642.618,116.784,847.12,297.541,744.869,207.163,204.502,180.757
T_20260712_200418_666396.mp4,124,4.133333,0,marker,0.946896,287.415,155.58,578.87,397.616,433.143,276.598,291.456,242.037
T_20260712_200418_666396.mp4,124,4.133333,1,power_adapter,0.607057,652.133,113.543,961.198,298.635,806.666,206.089,309.065,185.092
T_20260712_200418_666396.mp4,125,4.166667,0,marker,0.946126,287.55,155.87,579.099,397.648,433.324,276.759,291.549,241.779
T_20260712_200418_666396.mp4,125,4.166667,1,power_adapter,0.508386,675.977,111.003,983.103,298.067,829.54,204.535,307.126,187.064
T_20260712_200418_666396.mp4,126,4.2,0,marker,0.957845,288.49,155.896,580.248,396.394,434.369,276.145,291.758,240.499
T_20260712_200418_666396.mp4,126,4.2,1,power_adapter,0.519777,697.671,120.039,1001.969,300.028,849.82,210.033,304.297,179.99
T_20260712_200418_666396.mp4,127,4.233333,0,marker,0.954882,288.22,155.874,579.728,396.778,433.974,276.326,291.508,240.904
T_20260712_200418_666396.mp4,127,4.233333,1,power_adapter,0.589765,725.947,124.506,995.097,300.549,860.522,212.527,269.15,176.043
T_20260712_200418_666396.mp4,128,4.266667,0,marker,0.95707,288.208,155.663,580.395,396.093,434.301,275.878,292.187,240.43
T_20260712_200418_666396.mp4,128,4.266667,1,power_adapter,0.536047,728.416,123.041,1007.204,305.449,867.81,214.245,278.788,182.408
T_20260712_200418_666396.mp4,129,4.3,0,marker,0.954533,289.828,158.821,577.928,397.424,433.878,278.122,288.101,238.604
T_20260712_200418_666396.mp4,129,4.3,1,power_adapter,0.3863,721.592,123.282,1037.008,316.574,879.3,219.928,315.416,193.292
T_20260712_200418_666396.mp4,130,4.333333,0,marker,0.960824,290.184,158.597,578.394,397.617,434.289,278.107,288.21,239.019
T_20260712_200418_666396.mp4,130,4.333333,1,power_adapter,0.646231,727.357,130.633,1012.117,326.689,869.737,228.661,284.76,196.056
T_20260712_200418_666396.mp4,131,4.366667,0,marker,0.960433,289.803,157.527,579.472,397.343,434.638,277.435,289.669,239.816
T_20260712_200418_666396.mp4,131,4.366667,1,power_adapter,0.689002,728.374,135.697,1019.121,331.749,873.747,233.723,290.748,196.052
T_20260712_200418_666396.mp4,132,4.4,0,marker,0.951159,288.928,157.281,578.528,399.465,433.728,278.373,289.601,242.184
T_20260712_200418_666396.mp4,132,4.4,1,power_adapter,0.774164,719.196,141.55,1014.08,341.823,866.638,241.686,294.884,200.272
T_20260712_200418_666396.mp4,133,4.433333,0,marker,0.953458,295.032,157.75,571.648,402.339,433.34,280.045,276.617,244.589
T_20260712_200418_666396.mp4,133,4.433333,1,power_adapter,0.800743,731.746,143.137,1010.468,336.375,871.107,239.756,278.723,193.238
T_20260712_200418_666396.mp4,134,4.466667,0,marker,0.953512,295.309,156.655,571.422,402.156,433.365,279.406,276.113,245.501
T_20260712_200418_666396.mp4,134,4.466667,1,power_adapter,0.869801,735.003,149.175,997.582,341.183,866.293,245.179,262.579,192.009
T_20260712_200418_666396.mp4,135,4.5,0,marker,0.95146,296.309,157.555,571.402,401.732,433.855,279.644,275.093,244.176
T_20260712_200418_666396.mp4,135,4.5,1,power_adapter,0.906712,726.413,154.445,965.766,347.159,846.09,250.802,239.353,192.713
T_20260712_200418_666396.mp4,136,4.533333,0,marker,0.951392,294.886,157.941,571.909,403.309,433.398,280.625,277.024,245.368
T_20260712_200418_666396.mp4,136,4.533333,1,power_adapter,0.485662,735.857,156.52,965.832,350.964,850.844,253.742,229.975,194.444
T_20260712_200418_666396.mp4,137,4.566667,0,marker,0.957369,294.235,156.693,571.725,404.147,432.98,280.42,277.49,247.454
T_20260712_200418_666396.mp4,137,4.566667,1,power_adapter,0.677803,751.964,173.913,978.915,344.843,865.439,259.378,226.951,170.93
T_20260712_200418_666396.mp4,138,4.6,0,marker,0.951255,293.4,154.335,570.847,402.374,432.124,278.354,277.447,248.039
T_20260712_200418_666396.mp4,138,4.6,1,power_adapter,0.889919,756.349,154.683,967.862,337.81,862.105,246.246,211.513,183.127
T_20260712_200418_666396.mp4,139,4.633333,0,marker,0.950919,286.744,156.212,577.201,396.986,431.972,276.599,290.457,240.774
T_20260712_200418_666396.mp4,139,4.633333,1,power_adapter,0.838947,746.075,155.4,964.422,333.662,855.249,244.531,218.346,178.262
T_20260712_200418_666396.mp4,140,4.666667,0,marker,0.957189,286.726,157.655,577.094,398.52,431.91,278.087,290.368,240.865
T_20260712_200418_666396.mp4,140,4.666667,1,power_adapter,0.92727,744.622,152.599,963.255,333.923,853.938,243.261,218.633,181.324
T_20260712_200418_666396.mp4,141,4.7,0,marker,0.954651,294.121,155.44,569.374,402.4,431.748,278.92,275.253,246.96
T_20260712_200418_666396.mp4,141,4.7,1,power_adapter,0.938203,749.701,154.691,964.609,335.189,857.155,244.94,214.908,180.497
T_20260712_200418_666396.mp4,142,4.733333,0,marker,0.955044,293.724,153.613,569.217,403.331,431.47,278.472,275.493,249.718
T_20260712_200418_666396.mp4,142,4.733333,1,power_adapter,0.942263,749.657,154.909,965.163,334.606,857.41,244.758,215.506,179.697
T_20260712_200418_666396.mp4,143,4.766667,0,marker,0.953345,287.667,159.111,575.88,399.147,431.774,279.129,288.213,240.036
T_20260712_200418_666396.mp4,143,4.766667,1,power_adapter,0.940099,747.966,153.187,965.598,334.878,856.782,244.032,217.632,181.69
T_20260712_200418_666396.mp4,144,4.8,0,marker,0.945787,288.319,159.154,574.024,395.01,431.171,277.082,285.705,235.856
T_20260712_200418_666396.mp4,144,4.8,1,power_adapter,0.937818,747.193,151.797,967.321,333.552,857.257,242.674,220.128,181.755
T_20260712_200418_666396.mp4,145,4.833333,0,marker,0.949725,288.163,159.121,574.223,394.83,431.193,276.976,286.06,235.709
T_20260712_200418_666396.mp4,145,4.833333,1,power_adapter,0.936622,747.507,152.263,968.525,333.725,858.016,242.994,221.018,181.463
T_20260712_200418_666396.mp4,146,4.866667,0,marker,0.954032,287.524,156.731,575.843,396.007,431.684,276.369,288.319,239.276
T_20260712_200418_666396.mp4,146,4.866667,1,power_adapter,0.932112,747.822,152.183,968.668,334.313,858.245,243.248,220.846,182.13
T_20260712_200418_666396.mp4,147,4.9,0,marker,0.961562,286.507,156.604,575.486,398.875,430.997,277.739,288.979,242.271
T_20260712_200418_666396.mp4,147,4.9,1,power_adapter,0.938333,747.487,152.279,967.761,333.717,857.624,242.998,220.274,181.438
T_20260712_200418_666396.mp4,148,4.933333,0,marker,0.958347,286.473,156.499,575.1,398.429,430.787,277.464,288.628,241.93
T_20260712_200418_666396.mp4,148,4.933333,1,power_adapter,0.938197,748.755,152.999,966.725,334.082,857.74,243.54,217.971,181.083
T_20260712_200418_666396.mp4,149,4.966667,0,marker,0.960442,286.403,156.076,576.932,398.485,431.667,277.28,290.529,242.408
T_20260712_200418_666396.mp4,149,4.966667,1,power_adapter,0.935788,747.826,154.358,966.185,334.695,857.005,244.527,218.358,180.336
T_20260712_200418_666396.mp4,150,5.0,0,marker,0.961434,285.882,157.496,576.687,398.303,431.285,277.9,290.805,240.807
T_20260712_200418_666396.mp4,150,5.0,1,power_adapter,0.938491,749.543,153.426,967.837,334.648,858.69,244.037,218.293,181.222
T_20260712_200418_666396.mp4,151,5.033333,0,marker,0.95992,285.773,156.441,576.352,397.868,431.062,277.155,290.579,241.427
T_20260712_200418_666396.mp4,151,5.033333,1,power_adapter,0.919758,748.859,152.232,967.143,335.418,858.001,243.825,218.284,183.187
T_20260712_200418_666396.mp4,152,5.066667,0,marker,0.963618,286.023,156.113,577.488,398.824,431.755,277.469,291.465,242.711
T_20260712_200418_666396.mp4,152,5.066667,1,power_adapter,0.887604,747.341,155.59,969.204,335.096,858.273,245.343,221.863,179.506
T_20260712_200418_666396.mp4,153,5.1,0,marker,0.964804,286.296,155.868,577.777,398.414,432.037,277.141,291.482,242.545
T_20260712_200418_666396.mp4,153,5.1,1,power_adapter,0.870262,756.567,154.559,977.991,335.291,867.279,244.925,221.424,180.732
T_20260712_200418_666396.mp4,154,5.133333,0,marker,0.962222,285.768,156.108,577.856,398.685,431.812,277.397,292.089,242.577
T_20260712_200418_666396.mp4,154,5.133333,1,power_adapter,0.810649,765.073,155.429,971.292,334.271,868.182,244.85,206.22,178.842
T_20260712_200418_666396.mp4,155,5.166667,0,marker,0.960054,285.69,154.659,578.133,398.133,431.912,276.396,292.444,243.474
T_20260712_200418_666396.mp4,155,5.166667,1,power_adapter,0.77502,752.294,154.025,975.774,335.605,864.034,244.815,223.48,181.581
T_20260712_200418_666396.mp4,156,5.2,0,marker,0.944105,293.118,153.625,570.895,402.817,432.006,278.221,277.777,249.192
T_20260712_200418_666396.mp4,156,5.2,1,power_adapter,0.727827,758.729,150.783,977.443,335.619,868.086,243.201,218.714,184.836
T_20260712_200418_666396.mp4,156,5.2,1,power_adapter,0.252017,670.561,139.773,972.482,331.615,821.522,235.694,301.921,191.842
T_20260712_200418_666396.mp4,157,5.233333,0,marker,0.952834,293.299,154.843,570.717,403.309,432.008,279.076,277.418,248.465
T_20260712_200418_666396.mp4,157,5.233333,1,power_adapter,0.819653,682.992,141.045,981.655,341.651,832.324,241.348,298.662,200.606
T_20260712_200418_666396.mp4,158,5.266667,0,marker,0.94873,292.848,155.156,571.764,403.91,432.306,279.533,278.916,248.754
T_20260712_200418_666396.mp4,158,5.266667,1,power_adapter,0.809338,683.326,125.894,985.319,343.133,834.323,234.514,301.993,217.239
T_20260712_200418_666396.mp4,158,5.266667,1,power_adapter,0.298159,750.058,141.774,991.954,338.542,871.006,240.158,241.896,196.768
T_20260712_200418_666396.mp4,159,5.3,0,marker,0.951511,288.264,156.509,580.631,395.876,434.448,276.192,292.368,239.368
T_20260712_200418_666396.mp4,159,5.3,1,power_adapter,0.829511,686.987,128.831,987.521,346.999,837.254,237.915,300.534,218.168
T_20260712_200418_666396.mp4,160,5.333333,0,marker,0.951275,288.372,155.283,581.344,396.194,434.858,275.738,292.973,240.91
T_20260712_200418_666396.mp4,160,5.333333,1,power_adapter,0.802834,690.558,127.757,989.866,348.4,840.212,238.079,299.309,220.643
T_20260712_200418_666396.mp4,161,5.366667,0,marker,0.953223,288.655,155.957,580.237,395.15,434.446,275.554,291.582,239.193
T_20260712_200418_666396.mp4,161,5.366667,1,power_adapter,0.851831,689.954,128.131,988.414,343.722,839.184,235.926,298.46,215.592
T_20260712_200418_666396.mp4,162,5.4,0,marker,0.955432,288.479,155.992,579.968,396.195,434.223,276.093,291.489,240.204
T_20260712_200418_666396.mp4,162,5.4,1,power_adapter,0.901689,690.055,127.972,986.095,347.815,838.075,237.894,296.04,219.843
T_20260712_200418_666396.mp4,163,5.433333,0,marker,0.95571,288.372,155.613,579.42,397.2,433.896,276.406,291.048,241.587
T_20260712_200418_666396.mp4,163,5.433333,1,power_adapter,0.916573,690.648,126.264,987.857,343.559,839.253,234.911,297.209,217.295
T_20260712_200418_666396.mp4,164,5.466667,0,marker,0.955452,288.157,154.366,579.866,397.023,434.012,275.694,291.709,242.657
T_20260712_200418_666396.mp4,164,5.466667,1,power_adapter,0.887031,690.251,136.264,978.404,340.234,834.328,238.249,288.153,203.97
T_20260712_200418_666396.mp4,165,5.5,0,marker,0.958691,289.573,154.87,579.727,396.571,434.65,275.721,290.153,241.701
T_20260712_200418_666396.mp4,165,5.5,1,power_adapter,0.848895,689.174,153.32,973.448,332.632,831.311,242.976,284.274,179.312
T_20260712_200418_666396.mp4,166,5.533333,0,marker,0.956077,289.726,154.538,579.488,396.387,434.607,275.462,289.763,241.849
T_20260712_200418_666396.mp4,166,5.533333,1,power_adapter,0.822256,695.464,137.004,973.66,327.303,834.562,232.154,278.196,190.299
T_20260712_200418_666396.mp4,167,5.566667,0,marker,0.957549,289.649,153.437,580.565,396.937,435.107,275.187,290.916,243.5
T_20260712_200418_666396.mp4,167,5.566667,1,power_adapter,0.819844,686.457,139.007,970.193,316.177,828.325,227.592,283.736,177.17
T_20260712_200418_666396.mp4,168,5.6,0,marker,0.946911,287.623,153.325,579.44,397.009,433.531,275.167,291.817,243.684
T_20260712_200418_666396.mp4,168,5.6,1,power_adapter,0.602443,680.888,132.123,961.533,307.669,821.211,219.896,280.645,175.546
T_20260712_200418_666396.mp4,169,5.633333,0,marker,0.949225,288.034,156.11,578.398,397.484,433.216,276.797,290.364,241.374
T_20260712_200418_666396.mp4,169,5.633333,1,power_adapter,0.530252,684.618,112.123,949.782,308.444,817.2,210.283,265.164,196.32
T_20260712_200418_666396.mp4,170,5.666667,0,marker,0.948015,286.902,155.079,578.84,399.361,432.871,277.22,291.938,244.282
T_20260712_200418_666396.mp4,170,5.666667,1,power_adapter,0.537831,662.794,104.961,931.656,312.1,797.225,208.531,268.862,207.139
T_20260712_200418_666396.mp4,171,5.7,0,marker,0.956684,286.616,154.265,578.497,398.871,432.557,276.568,291.881,244.607
T_20260712_200418_666396.mp4,171,5.7,1,power_adapter,0.679706,670.739,119.668,903.499,317.18,787.119,218.424,232.76,197.512
T_20260712_200418_666396.mp4,172,5.733333,0,marker,0.958777,287.115,153.995,578.538,399.851,432.827,276.923,291.423,245.857
T_20260712_200418_666396.mp4,172,5.733333,1,power_adapter,0.585548,648.081,127.233,891.327,324.328,769.704,225.781,243.246,197.095
T_20260712_200418_666396.mp4,173,5.766667,0,marker,0.960939,287.163,154.834,577.819,399.359,432.491,277.097,290.656,244.525
T_20260712_200418_666396.mp4,173,5.766667,1,power_adapter,0.678077,643.632,129.148,865.692,332.178,754.662,230.663,222.06,203.029
T_20260712_200418_666396.mp4,174,5.8,0,marker,0.960561,286.698,153.824,577.758,400.789,432.228,277.306,291.061,246.965
T_20260712_200418_666396.mp4,174,5.8,1,power_adapter,0.84895,638.388,135.907,849.414,333.084,743.901,234.495,211.025,197.177
T_20260712_200418_666396.mp4,175,5.833333,0,marker,0.959538,286.33,152.823,577.68,400.496,432.005,276.659,291.35,247.673
T_20260712_200418_666396.mp4,175,5.833333,1,power_adapter,0.878032,638.59,139.274,841.222,337.431,739.906,238.353,202.632,198.157
T_20260712_200418_666396.mp4,176,5.866667,0,marker,0.958962,291.826,152.796,570.624,403.24,431.225,278.018,278.798,250.445
T_20260712_200418_666396.mp4,176,5.866667,1,power_adapter,0.81445,632.764,147.834,835.903,343.284,734.333,245.559,203.139,195.451
T_20260712_200418_666396.mp4,177,5.9,0,marker,0.961042,286.167,154.41,576.504,398.346,431.335,276.378,290.337,243.936
T_20260712_200418_666396.mp4,177,5.9,1,power_adapter,0.837156,637.183,158.039,834.118,343.454,735.65,250.747,196.935,185.414
T_20260712_200418_666396.mp4,178,5.933333,0,marker,0.958713,292.52,155.734,568.963,403.487,430.741,279.61,276.443,247.752
T_20260712_200418_666396.mp4,178,5.933333,1,power_adapter,0.908566,643.694,158.896,835.702,344.128,739.698,251.512,192.008,185.232
T_20260712_200418_666396.mp4,179,5.966667,0,marker,0.958507,285.867,156.366,576.257,397.617,431.062,276.992,290.39,241.251
T_20260712_200418_666396.mp4,179,5.966667,1,power_adapter,0.780169,655.736,157.027,839.924,342.435,747.83,249.731,184.188,185.408
T_20260712_200418_666396.mp4,180,6.0,0,marker,0.951613,287.804,157.921,576.406,393.602,432.105,275.761,288.602,235.681
T_20260712_200418_666396.mp4,180,6.0,1,power_adapter,0.658456,655.122,167.427,837.382,343.363,746.252,255.395,182.26,175.936
T_20260712_200418_666396.mp4,181,6.033333,0,marker,0.950683,287.877,159.747,576.16,392.599,432.019,276.173,288.283,232.852
T_20260712_200418_666396.mp4,181,6.033333,1,power_adapter,0.858805,636.596,154.556,833.733,344.459,735.164,249.507,197.137,189.903
T_20260712_200418_666396.mp4,182,6.066667,0,marker,0.949805,287.401,159.264,576.314,393.763,431.857,276.513,288.913,234.499
T_20260712_200418_666396.mp4,182,6.066667,1,power_adapter,0.915928,630.026,149.295,833.676,344.22,731.851,246.758,203.651,194.924
T_20260712_200418_666396.mp4,183,6.1,0,marker,0.955074,287.659,158.0,577.159,393.538,432.409,275.769,289.5,235.539
T_20260712_200418_666396.mp4,183,6.1,1,power_adapter,0.91773,630.949,157.727,833.213,343.955,732.081,250.841,202.264,186.228
T_20260712_200418_666396.mp4,184,6.133333,0,marker,0.954848,287.824,158.685,576.883,392.574,432.354,275.629,289.059,233.889
T_20260712_200418_666396.mp4,184,6.133333,1,power_adapter,0.912869,630.881,149.641,834.273,344.374,732.577,247.007,203.392,194.733
T_20260712_200418_666396.mp4,185,6.166667,0,marker,0.955019,287.643,158.674,577.062,392.512,432.352,275.593,289.42,233.838
T_20260712_200418_666396.mp4,185,6.166667,1,power_adapter,0.924316,631.576,152.156,834.02,344.342,732.798,248.249,202.444,192.185
T_20260712_200418_666396.mp4,186,6.2,0,marker,0.951562,293.783,157.074,569.245,397.233,431.514,277.154,275.463,240.16
T_20260712_200418_666396.mp4,186,6.2,1,power_adapter,0.935851,631.513,155.453,833.778,344.425,732.645,249.939,202.265,188.972
T_20260712_200418_666396.mp4,187,6.233333,0,marker,0.950269,293.69,157.341,569.68,397.873,431.685,277.607,275.99,240.532
T_20260712_200418_666396.mp4,187,6.233333,1,power_adapter,0.933485,631.992,156.066,834.124,344.218,733.058,250.142,202.132,188.152
T_20260712_200418_666396.mp4,188,6.266667,0,marker,0.953923,286.749,158.18,576.565,393.849,431.657,276.015,289.816,235.669
T_20260712_200418_666396.mp4,188,6.266667,1,power_adapter,0.921377,630.228,154.082,833.926,344.367,732.077,249.224,203.698,190.284
T_20260712_200418_666396.mp4,189,6.3,0,marker,0.953187,285.828,157.21,576.911,395.116,431.37,276.163,291.082,237.906
T_20260712_200418_666396.mp4,189,6.3,1,power_adapter,0.894057,630.654,153.222,833.34,344.736,731.997,248.979,202.687,191.514
T_20260712_200418_666396.mp4,190,6.333333,0,marker,0.951936,292.124,153.897,569.628,400.44,430.876,277.169,277.504,246.543
T_20260712_200418_666396.mp4,190,6.333333,1,power_adapter,0.821472,628.483,151.374,847.929,346.227,738.206,248.8,219.446,194.853
T_20260712_200418_666396.mp4,191,6.366667,0,marker,0.952564,292.275,153.953,569.435,400.748,430.855,277.351,277.16,246.795
T_20260712_200418_666396.mp4,191,6.366667,1,power_adapter,0.807834,629.341,147.547,858.329,348.053,743.835,247.8,228.988,200.506
T_20260712_200418_666396.mp4,192,6.4,0,marker,0.952336,293.327,156.091,570.721,399.628,432.024,277.859,277.394,243.537
T_20260712_200418_666396.mp4,192,6.4,1,power_adapter,0.752349,630.948,151.907,843.34,345.471,737.144,248.689,212.392,193.564
T_20260712_200418_666396.mp4,193,6.433333,0,marker,0.952321,286.852,157.783,576.965,394.9,431.908,276.341,290.113,237.117
T_20260712_200418_666396.mp4,193,6.433333,1,power_adapter,0.730712,630.583,144.852,913.738,348.246,772.161,246.549,283.154,203.394
T_20260712_200418_666396.mp4,193,6.433333,1,power_adapter,0.665425,634.239,152.257,835.069,345.419,734.654,248.838,200.83,193.163
T_20260712_200418_666396.mp4,194,6.466667,0,marker,0.95506,286.442,158.489,577.465,395.813,431.953,277.151,291.023,237.324
T_20260712_200418_666396.mp4,194,6.466667,1,power_adapter,0.730602,630.138,150.977,833.122,345.346,731.63,248.161,202.984,194.37
T_20260712_200418_666396.mp4,195,6.5,0,marker,0.959314,293.324,155.186,570.467,399.951,431.896,277.568,277.143,244.765
T_20260712_200418_666396.mp4,195,6.5,1,power_adapter,0.76589,632.942,153.966,826.736,343.386,729.839,248.676,193.794,189.42
T_20260712_200418_666396.mp4,195,6.5,1,power_adapter,0.388533,631.608,147.884,898.194,344.856,764.901,246.37,266.586,196.972
T_20260712_200418_666396.mp4,196,6.533333,0,marker,0.961194,293.423,156.934,570.604,401.759,432.014,279.347,277.181,244.825
T_20260712_200418_666396.mp4,196,6.533333,1,power_adapter,0.750276,629.814,151.062,828.763,343.272,729.288,247.167,198.948,192.21
T_20260712_200418_666396.mp4,197,6.566667,0,marker,0.961917,286.784,157.677,579.35,398.069,433.067,277.873,292.567,240.393
T_20260712_200418_666396.mp4,197,6.566667,1,power_adapter,0.808139,633.285,149.625,826.709,337.2,729.997,243.413,193.424,187.575
T_20260712_200418_666396.mp4,198,6.6,0,marker,0.966596,288.326,157.296,579.747,396.668,434.036,276.982,291.421,239.372
T_20260712_200418_666396.mp4,198,6.6,1,power_adapter,0.727244,629.197,141.017,822.567,330.306,725.882,235.661,193.37,189.289
T_20260712_200418_666396.mp4,199,6.633333,0,marker,0.966988,289.525,156.972,579.466,395.827,434.495,276.4,289.941,238.855
T_20260712_200418_666396.mp4,199,6.633333,1,power_adapter,0.812067,626.645,132.781,823.879,325.988,725.262,229.385,197.234,193.207
T_20260712_200418_666396.mp4,200,6.666667,0,marker,0.965679,290.419,156.434,578.774,396.542,434.596,276.488,288.355,240.109
T_20260712_200418_666396.mp4,200,6.666667,1,power_adapter,0.792059,617.391,132.951,806.953,318.101,712.172,225.526,189.562,185.15
T_20260712_200418_666396.mp4,201,6.7,0,marker,0.958855,287.875,155.415,578.374,394.699,433.124,275.057,290.499,239.285
T_20260712_200418_666396.mp4,201,6.7,1,power_adapter,0.771347,598.794,126.335,801.449,322.015,700.121,224.175,202.655,195.68
T_20260712_200418_666396.mp4,202,6.733333,0,marker,0.953205,287.677,155.665,577.531,395.467,432.604,275.566,289.854,239.802
T_20260712_200418_666396.mp4,202,6.733333,1,power_adapter,0.711557,589.242,127.08,826.744,330.257,707.993,228.669,237.502,203.178
T_20260712_200418_666396.mp4,203,6.766667,0,marker,0.954461,288.211,154.928,577.202,394.461,432.706,274.695,288.991,239.532
T_20260712_200418_666396.mp4,203,6.766667,1,power_adapter,0.695706,573.728,128.692,896.429,338.131,735.079,233.412,322.701,209.439
T_20260712_200418_666396.mp4,203,6.766667,1,power_adapter,0.615618,574.25,134.252,790.988,335.429,682.619,234.841,216.738,201.177
T_20260712_200418_666396.mp4,204,6.8,0,marker,0.948092,285.432,154.856,578.586,396.441,432.009,275.649,293.154,241.585
T_20260712_200418_666396.mp4,204,6.8,1,power_adapter,0.687461,558.044,138.866,802.786,343.275,680.415,241.07,244.742,204.409
T_20260712_200418_666396.mp4,205,6.833333,0,marker,0.937982,290.874,152.789,566.816,396.907,428.845,274.848,275.942,244.119
T_20260712_200418_666396.mp4,205,6.833333,1,power_adapter,0.706862,558.298,148.341,769.593,355.234,663.945,251.787,211.295,206.893
T_20260712_200418_666396.mp4,205,6.833333,1,power_adapter,0.292639,551.997,143.371,846.763,358.473,699.38,250.922,294.765,215.102
T_20260712_200418_666396.mp4,206,6.866667,0,marker,0.943882,291.445,152.233,565.058,397.978,428.252,275.105,273.614,245.745
T_20260712_200418_666396.mp4,206,6.866667,1,power_adapter,0.694247,550.862,151.688,882.246,372.097,716.554,261.892,331.384,220.41
T_20260712_200418_666396.mp4,206,6.866667,1,power_adapter,0.529355,555.115,154.254,762.823,370.213,658.969,262.234,207.708,215.959
T_20260712_200418_666396.mp4,207,6.9,0,marker,0.952661,292.195,152.124,559.884,396.889,426.039,274.507,267.688,244.765
T_20260712_200418_666396.mp4,207,6.9,1,power_adapter,0.830476,543.388,162.876,860.009,384.386,701.698,273.631,316.622,221.51
T_20260712_200418_666396.mp4,207,6.9,1,power_adapter,0.759736,539.5,167.261,758.904,380.027,649.202,273.644,219.403,212.766
T_20260712_200418_666396.mp4,208,6.933333,0,marker,0.952296,292.97,153.087,559.838,397.125,426.404,275.106,266.867,244.037
T_20260712_200418_666396.mp4,208,6.933333,1,power_adapter,0.792579,547.72,167.289,881.406,396.344,714.563,281.816,333.686,229.056
T_20260712_200418_666396.mp4,208,6.933333,1,power_adapter,0.303461,548.764,173.144,763.305,390.676,656.034,281.91,214.541,217.532
T_20260712_200418_666396.mp4,209,6.966667,0,marker,0.955179,293.657,154.311,557.602,396.572,425.63,275.442,263.945,242.262
T_20260712_200418_666396.mp4,209,6.966667,1,power_adapter,0.78545,550.343,173.352,895.178,403.731,722.76,288.541,344.836,230.379
T_20260712_200418_666396.mp4,209,6.966667,1,power_adapter,0.539266,556.668,177.107,780.577,403.536,668.623,290.322,223.909,226.43
T_20260712_200418_666396.mp4,210,7.0,0,marker,0.944649,292.747,153.09,557.393,397.55,425.07,275.32,264.646,244.461
T_20260712_200418_666396.mp4,210,7.0,1,power_adapter,0.776582,552.149,181.474,892.236,408.13,722.192,294.802,340.087,226.655
T_20260712_200418_666396.mp4,211,7.033333,0,marker,0.947674,293.171,155.098,557.91,396.128,425.54,275.613,264.739,241.031
T_20260712_200418_666396.mp4,211,7.033333,1,power_adapter,0.758063,554.008,183.604,892.923,409.583,723.466,296.593,338.915,225.979
T_20260712_200418_666396.mp4,212,7.066667,0,marker,0.948495,292.246,153.189,559.657,397.779,425.952,275.484,267.411,244.589
T_20260712_200418_666396.mp4,212,7.066667,1,power_adapter,0.737817,555.156,182.968,892.766,409.751,723.961,296.359,337.611,226.783
T_20260712_200418_666396.mp4,213,7.1,0,marker,0.947314,292.524,154.71,558.876,396.189,425.7,275.449,266.353,241.479
T_20260712_200418_666396.mp4,213,7.1,1,power_adapter,0.692276,557.149,178.097,876.736,408.197,716.943,293.147,319.587,230.099
T_20260712_200418_666396.mp4,214,7.133333,0,marker,0.949531,292.738,154.283,560.782,397.621,426.76,275.952,268.044,243.338
T_20260712_200418_666396.mp4,214,7.133333,1,power_adapter,0.594221,558.26,174.58,877.56,402.169,717.91,288.374,319.3,227.588
T_20260712_200418_666396.mp4,215,7.166667,0,marker,0.950239,292.717,154.277,562.486,397.02,427.601,275.648,269.769,242.743
T_20260712_200418_666396.mp4,215,7.166667,1,power_adapter,0.664447,559.377,173.294,864.85,392.492,712.113,282.893,305.473,219.198
T_20260712_200418_666396.mp4,215,7.166667,1,power_adapter,0.295227,569.363,177.432,772.824,386.951,671.094,282.192,203.461,209.52
T_20260712_200418_666396.mp4,216,7.2,0,marker,0.940992,292.053,152.297,566.866,400.362,429.46,276.329,274.813,248.065
T_20260712_200418_666396.mp4,216,7.2,1,power_adapter,0.658758,560.298,147.991,856.67,379.75,708.484,263.871,296.371,231.759
T_20260712_200418_666396.mp4,217,7.233333,0,marker,0.949075,291.657,154.62,567.572,401.445,429.615,278.033,275.915,246.825
T_20260712_200418_666396.mp4,217,7.233333,1,power_adapter,0.734844,581.419,143.701,840.595,361.925,711.007,252.813,259.176,218.223
T_20260712_200418_666396.mp4,218,7.266667,0,marker,0.952009,290.836,151.677,568.116,402.141,429.476,276.909,277.279,250.464
T_20260712_200418_666396.mp4,218,7.266667,1,power_adapter,0.727124,591.11,128.089,873.285,345.834,732.198,236.961,282.175,217.745
T_20260712_200418_666396.mp4,219,7.3,0,marker,0.952743,285.574,155.085,575.882,396.28,430.728,275.683,290.308,241.195
T_20260712_200418_666396.mp4,219,7.3,1,power_adapter,0.53216,619.732,123.191,898.28,337.42,759.006,230.306,278.547,214.229
T_20260712_200418_666396.mp4,220,7.333333,0,marker,0.954663,286.384,154.342,577.685,396.002,432.034,275.172,291.301,241.661
T_20260712_200418_666396.mp4,220,7.333333,1,power_adapter,0.534382,642.515,125.47,875.922,334.922,759.219,230.196,233.407,209.451
T_20260712_200418_666396.mp4,221,7.366667,0,marker,0.957064,286.514,152.893,578.184,396.674,432.349,274.784,291.67,243.78
T_20260712_200418_666396.mp4,221,7.366667,1,power_adapter,0.70648,660.973,126.555,891.248,343.726,776.111,235.14,230.275,217.172
T_20260712_200418_666396.mp4,222,7.4,0,marker,0.950996,292.39,154.464,568.309,401.428,430.35,277.946,275.919,246.964
T_20260712_200418_666396.mp4,222,7.4,1,power_adapter,0.774011,676.846,133.571,981.904,343.555,829.375,238.563,305.058,209.984
T_20260712_200418_666396.mp4,222,7.4,1,power_adapter,0.678279,679.094,135.683,877.98,342.593,778.537,239.138,198.886,206.91
T_20260712_200418_666396.mp4,223,7.433333,0,marker,0.953079,292.882,157.051,568.668,400.799,430.775,278.925,275.787,243.748
T_20260712_200418_666396.mp4,223,7.433333,1,power_adapter,0.784943,685.131,152.938,866.592,346.062,775.861,249.5,181.46,193.124
T_20260712_200418_666396.mp4,224,7.466667,0,marker,0.94773,292.793,155.557,567.984,399.762,430.389,277.659,275.192,244.205
T_20260712_200418_666396.mp4,224,7.466667,1,power_adapter,0.724027,685.019,155.434,897.8,358.094,791.409,256.764,212.78,202.661
T_20260712_200418_666396.mp4,225,7.5,0,marker,0.956009,287.452,154.998,577.28,395.169,432.366,275.084,289.828,240.171
T_20260712_200418_666396.mp4,225,7.5,1,power_adapter,0.745509,685.211,154.195,939.984,358.035,812.597,256.115,254.773,203.84
T_20260712_200418_666396.mp4,226,7.533333,0,marker,0.95668,293.122,155.397,568.724,400.663,430.923,278.03,275.602,245.266
T_20260712_200418_666396.mp4,226,7.533333,1,power_adapter,0.797115,688.088,153.023,941.391,358.118,814.74,255.57,253.304,205.095
T_20260712_200418_666396.mp4,226,7.533333,1,power_adapter,0.536033,693.74,157.804,879.137,353.556,786.439,255.68,185.396,195.752
T_20260712_200418_666396.mp4,227,7.566667,0,marker,0.959854,287.473,156.714,576.378,396.451,431.926,276.583,288.904,239.737
T_20260712_200418_666396.mp4,227,7.566667,1,power_adapter,0.835119,690.047,152.966,935.067,358.894,812.557,255.93,245.02,205.929
T_20260712_200418_666396.mp4,228,7.6,0,marker,0.946952,292.724,152.186,570.012,400.994,431.368,276.59,277.288,248.808
T_20260712_200418_666396.mp4,228,7.6,1,power_adapter,0.862997,683.795,156.719,889.472,354.377,786.634,255.548,205.677,197.657
T_20260712_200418_666396.mp4,229,7.633333,0,marker,0.952526,293.723,153.225,570.2,401.839,431.962,277.532,276.477,248.614
T_20260712_200418_666396.mp4,229,7.633333,1,power_adapter,0.437964,689.328,152.618,884.344,358.329,786.836,255.473,195.016,205.712
T_20260712_200418_666396.mp4,230,7.666667,0,marker,0.955621,287.083,154.419,577.132,398.074,432.108,276.247,290.049,243.655
T_20260712_200418_666396.mp4,230,7.666667,1,power_adapter,0.862101,695.332,183.677,882.233,354.331,788.783,269.004,186.901,170.654
T_20260712_200418_666396.mp4,231,7.7,0,marker,0.956926,293.317,154.818,567.825,400.015,430.571,277.416,274.509,245.197
T_20260712_200418_666396.mp4,231,7.7,1,power_adapter,0.9167,694.147,162.535,878.134,351.378,786.141,256.956,183.986,188.843
T_20260712_200418_666396.mp4,232,7.733333,0,marker,0.943586,285.965,153.723,580.132,398.454,433.048,276.088,294.166,244.731
T_20260712_200418_666396.mp4,232,7.733333,1,power_adapter,0.88464,688.625,157.952,872.762,348.773,780.694,253.362,184.136,190.821
T_20260712_200418_666396.mp4,233,7.766667,1,power_adapter,0.914359,689.834,155.426,870.441,352.524,780.137,253.975,180.607,197.098
T_20260712_200418_666396.mp4,233,7.766667,0,marker,0.885988,284.119,129.46,570.919,400.147,427.519,264.804,286.8,270.687
T_20260712_200418_666396.mp4,234,7.8,1,power_adapter,0.913993,691.711,160.197,872.084,351.682,781.898,255.939,180.373,191.486
T_20260712_200418_666396.mp4,235,7.833333,1,power_adapter,0.906614,688.113,156.698,874.325,348.787,781.219,252.742,186.211,192.089
T_20260712_200418_666396.mp4,236,7.866667,1,power_adapter,0.884445,688.955,158.324,873.866,348.193,781.41,253.259,184.91,189.869
T_20260712_200418_666396.mp4,237,7.9,1,power_adapter,0.87977,688.152,161.64,875.113,348.147,781.633,254.893,186.961,186.507
T_20260712_200418_666396.mp4,238,7.933333,1,power_adapter,0.876061,687.933,161.719,875.409,348.814,781.671,255.266,187.476,187.095
T_20260712_200418_666396.mp4,239,7.966667,1,power_adapter,0.88051,687.937,160.112,875.352,349.198,781.644,254.655,187.415,189.086
T_20260712_200418_666396.mp4,240,8.0,1,power_adapter,0.89191,687.66,158.313,874.386,346.477,781.023,252.395,186.726,188.164
T_20260712_200418_666396.mp4,241,8.033333,1,power_adapter,0.897142,686.615,159.934,873.629,347.194,780.122,253.564,187.014,187.26
T_20260712_200418_666396.mp4,242,8.066667,1,power_adapter,0.892131,688.016,161.682,873.504,347.254,780.76,254.468,185.489,185.572
T_20260712_200418_666396.mp4,243,8.1,1,power_adapter,0.896632,688.604,159.687,872.643,347.252,780.624,253.47,184.039,187.565
T_20260712_200418_666396.mp4,244,8.133333,1,power_adapter,0.906947,689.59,159.739,872.245,347.058,780.918,253.399,182.656,187.319
T_20260712_200418_666396.mp4,245,8.166667,1,power_adapter,0.91005,689.381,160.457,872.695,347.204,781.038,253.83,183.314,186.747
T_20260712_200418_666396.mp4,246,8.2,1,power_adapter,0.921363,688.866,158.966,871.962,347.657,780.414,253.311,183.095,188.691
T_20260712_200418_666396.mp4,247,8.233333,1,power_adapter,0.916339,688.33,158.937,871.495,348.171,779.913,253.554,183.165,189.235
T_20260712_200418_666396.mp4,247,8.233333,0,marker,0.451156,376.105,162.943,614.411,398.027,495.258,280.485,238.307,235.084
T_20260712_200418_666396.mp4,248,8.266667,1,power_adapter,0.915005,688.103,159.627,872.215,348.809,780.159,254.218,184.112,189.182
T_20260712_200418_666396.mp4,249,8.3,1,power_adapter,0.906621,687.948,160.432,874.91,348.751,781.429,254.591,186.963,188.319
T_20260712_200418_666396.mp4,250,8.333333,1,power_adapter,0.921195,686.063,160.857,874.656,349.454,780.359,255.156,188.593,188.597
T_20260712_200418_666396.mp4,250,8.333333,0,marker,0.319633,334.144,140.941,590.561,395.817,462.352,268.379,256.417,254.876
T_20260712_200418_666396.mp4,251,8.366667,1,power_adapter,0.916249,689.129,159.584,874.866,348.616,781.997,254.1,185.737,189.032
T_20260712_200418_666396.mp4,251,8.366667,0,marker,0.479701,341.444,149.403,577.787,392.092,459.616,270.748,236.343,242.69
T_20260712_200418_666396.mp4,252,8.4,1,power_adapter,0.895268,691.543,160.112,875.749,346.781,783.646,253.446,184.206,186.669
T_20260712_200418_666396.mp4,252,8.4,0,marker,0.335379,360.081,152.672,578.874,392.741,469.477,272.706,218.793,240.068
T_20260712_200418_666396.mp4,253,8.433333,1,power_adapter,0.883617,691.651,159.461,875.595,346.852,783.623,253.156,183.945,187.391
T_20260712_200418_666396.mp4,253,8.433333,0,marker,0.285247,368.724,161.48,580.887,394.936,474.805,278.208,212.162,233.456
T_20260712_200418_666396.mp4,254,8.466667,1,power_adapter,0.878431,692.755,158.686,876.018,346.894,784.387,252.79,183.263,188.209
T_20260712_200418_666396.mp4,255,8.5,1,power_adapter,0.885239,692.778,156.276,875.932,346.973,784.355,251.624,183.154,190.697
T_20260712_200418_666396.mp4,256,8.533333,1,power_adapter,0.908276,694.576,158.632,874.621,346.631,784.599,252.631,180.045,187.999
T_20260712_200418_666396.mp4,257,8.566667,1,power_adapter,0.909333,693.944,158.214,875.337,346.73,784.64,252.472,181.393,188.516
T_20260712_200418_666396.mp4,258,8.6,1,power_adapter,0.897834,694.964,159.076,876.779,346.353,785.871,252.714,181.815,187.277
T_20260712_200418_666396.mp4,259,8.633333,1,power_adapter,0.892219,695.059,157.967,877.578,346.621,786.318,252.294,182.519,188.654
T_20260712_200418_666396.mp4,260,8.666667,1,power_adapter,0.897023,693.901,158.213,877.58,346.774,785.741,252.494,183.679,188.561
T_20260712_200418_666396.mp4,261,8.7,1,power_adapter,0.888107,691.552,157.986,880.639,347.379,786.096,252.682,189.087,189.392
T_20260712_200418_666396.mp4,261,8.7,0,marker,0.406367,467.724,175.63,602.421,401.705,535.072,288.667,134.697,226.075
T_20260712_200418_666396.mp4,262,8.733333,1,power_adapter,0.870221,693.517,158.83,880.327,348.142,786.922,253.486,186.81,189.312
T_20260712_200418_666396.mp4,262,8.733333,0,marker,0.400641,468.734,164.959,619.055,397.743,543.895,281.351,150.321,232.784
T_20260712_200418_666396.mp4,263,8.766667,1,power_adapter,0.878533,693.526,156.236,879.084,348.269,786.305,252.253,185.558,192.033
T_20260712_200418_666396.mp4,263,8.766667,0,marker,0.390761,462.645,161.592,624.013,384.723,543.329,273.157,161.368,223.131
T_20260712_200418_666396.mp4,264,8.8,1,power_adapter,0.877134,693.951,163.848,876.1,347.697,785.025,255.772,182.149,183.849
T_20260712_200418_666396.mp4,264,8.8,0,marker,0.542583,454.965,169.436,626.625,379.26,540.795,274.348,171.66,209.824
T_20260712_200418_666396.mp4,265,8.833333,1,power_adapter,0.879561,690.813,165.869,875.446,347.656,783.13,256.763,184.633,181.787
T_20260712_200418_666396.mp4,265,8.833333,0,marker,0.644877,462.345,162.933,644.016,372.634,553.18,267.784,181.671,209.701
T_20260712_200418_666396.mp4,266,8.866667,1,power_adapter,0.873518,690.007,165.475,874.64,347.898,782.323,256.686,184.633,182.424
T_20260712_200418_666396.mp4,266,8.866667,0,marker,0.711076,464.972,164.389,655.796,369.872,560.384,267.131,190.824,205.483
T_20260712_200418_666396.mp4,267,8.9,1,power_adapter,0.854689,689.958,164.711,875.828,348.648,782.893,256.68,185.871,183.937
T_20260712_200418_666396.mp4,267,8.9,0,marker,0.650662,456.14,152.147,665.936,366.056,561.038,259.101,209.796,213.909
T_20260712_200418_666396.mp4,268,8.933333,1,power_adapter,0.783624,679.669,164.915,876.46,349.878,778.064,257.397,196.791,184.962
T_20260712_200418_666396.mp4,268,8.933333,0,marker,0.664438,466.146,142.794,673.368,364.305,569.757,253.549,207.222,221.511
T_20260712_200418_666396.mp4,269,8.966667,1,power_adapter,0.72351,684.537,162.623,876.266,350.977,780.401,256.8,191.729,188.354
T_20260712_200418_666396.mp4,269,8.966667,0,marker,0.68416,475.744,137.261,694.839,366.214,585.292,251.738,219.094,228.953
T_20260712_200418_666396.mp4,270,9.0,1,power_adapter,0.809675,686.497,154.061,876.198,350.205,781.347,252.133,189.701,196.145
T_20260712_200418_666396.mp4,270,9.0,0,marker,0.665305,478.205,122.975,703.56,364.44,590.883,243.707,225.355,241.465
T_20260712_200418_666396.mp4,271,9.033333,1,power_adapter,0.820025,687.846,154.377,875.732,350.865,781.789,252.621,187.886,196.488
T_20260712_200418_666396.mp4,271,9.033333,0,marker,0.715723,477.733,117.884,706.064,363.484,591.898,240.684,228.332,245.601
T_20260712_200418_666396.mp4,272,9.066667,1,power_adapter,0.790323,689.698,157.78,875.486,350.666,782.592,254.223,185.788,192.886
T_20260712_200418_666396.mp4,272,9.066667,0,marker,0.676726,475.115,115.443,710.324,365.329,592.719,240.386,235.208,249.886
T_20260712_200418_666396.mp4,273,9.1,1,power_adapter,0.78892,689.706,156.335,875.153,351.456,782.429,253.895,185.447,195.122
T_20260712_200418_666396.mp4,273,9.1,0,marker,0.682833,472.311,117.695,706.917,365.883,589.614,241.789,234.606,248.188
T_20260712_200418_666396.mp4,274,9.133333,1,power_adapter,0.81117,690.003,157.208,874.239,349.649,782.121,253.429,184.235,192.441
T_20260712_200418_666396.mp4,275,9.166667,1,power_adapter,0.716353,675.938,159.132,874.393,349.465,775.165,254.299,198.455,190.332
T_20260712_200418_666396.mp4,276,9.2,0,marker,0.717171,453.938,110.986,736.894,350.441,595.416,230.713,282.956,239.455
T_20260712_200418_666396.mp4,276,9.2,1,power_adapter,0.659156,653.182,161.42,876.56,349.925,764.871,255.673,223.378,188.505
T_20260712_200418_666396.mp4,277,9.233333,0,marker,0.768224,451.056,112.88,742.136,353.349,596.596,233.115,291.079,240.47
T_20260712_200418_666396.mp4,277,9.233333,1,power_adapter,0.660732,643.943,162.987,876.133,351.853,760.038,257.42,232.19,188.866
T_20260712_200418_666396.mp4,278,9.266667,0,marker,0.660669,455.667,114.708,744.161,357.888,599.914,236.298,288.494,243.181
T_20260712_200418_666396.mp4,278,9.266667,1,power_adapter,0.627798,651.524,163.432,876.675,353.956,764.099,258.694,225.151,190.524
T_20260712_200418_666396.mp4,279,9.3,0,marker,0.695597,458.622,116.815,743.488,358.734,601.055,237.775,284.866,241.919
T_20260712_200418_666396.mp4,279,9.3,1,power_adapter,0.595471,603.679,160.831,881.605,364.288,742.642,262.56,277.926,203.457
T_20260712_200418_666396.mp4,280,9.333333,1,power_adapter,0.633052,591.214,161.13,879.818,363.575,735.516,262.352,288.604,202.445
T_20260712_200418_666396.mp4,280,9.333333,0,marker,0.625522,482.898,121.453,744.633,354.315,613.766,237.884,261.735,232.863
T_20260712_200418_666396.mp4,281,9.366667,1,power_adapter,0.591186,595.437,162.718,881.15,361.072,738.293,261.895,285.713,198.355
T_20260712_200418_666396.mp4,281,9.366667,0,marker,0.424631,494.376,121.283,743.908,350.694,619.142,235.989,249.531,229.412
T_20260712_200418_666396.mp4,282,9.4,1,power_adapter,0.582621,637.435,163.022,878.838,356.637,758.136,259.83,241.403,193.615
T_20260712_200418_666396.mp4,282,9.4,0,marker,0.436473,500.375,120.704,744.311,354.368,622.343,237.536,243.936,233.664
T_20260712_200418_666396.mp4,283,9.433333,1,power_adapter,0.765178,669.838,161.868,880.279,353.873,775.058,257.87,210.441,192.005
T_20260712_200418_666396.mp4,283,9.433333,0,marker,0.389648,498.507,137.845,697.229,368.975,597.868,253.41,198.721,231.13
T_20260712_200418_666396.mp4,284,9.466667,1,power_adapter,0.857114,679.133,156.614,879.935,351.407,779.534,254.01,200.802,194.793
T_20260712_200418_666396.mp4,284,9.466667,0,marker,0.325115,498.074,133.399,692.275,375.993,595.174,254.696,194.201,242.593
T_20260712_200418_666396.mp4,285,9.5,1,power_adapter,0.788956,686.914,158.963,878.039,350.73,782.477,254.846,191.125,191.767
T_20260712_200418_666396.mp4,285,9.5,0,marker,0.463938,499.381,135.477,692.242,380.137,595.812,257.807,192.861,244.66
T_20260712_200418_666396.mp4,286,9.533333,1,power_adapter,0.856415,690.01,160.265,877.475,349.263,783.743,254.764,187.464,188.998
T_20260712_200418_666396.mp4,286,9.533333,0,marker,0.629697,500.696,142.819,691.594,378.706,596.145,260.763,190.897,235.887
T_20260712_200418_666396.mp4,287,9.566667,1,power_adapter,0.888969,691.617,160.477,877.912,348.366,784.765,254.422,186.295,187.889
T_20260712_200418_666396.mp4,287,9.566667,0,marker,0.701457,499.032,137.757,684.495,376.548,591.764,257.152,185.464,238.791
T_20260712_200418_666396.mp4,288,9.6,1,power_adapter,0.904378,691.482,163.577,876.378,347.996,783.93,255.786,184.897,184.419
T_20260712_200418_666396.mp4,288,9.6,0,marker,0.553005,507.45,135.481,683.103,377.335,595.277,256.408,175.653,241.854
T_20260712_200418_666396.mp4,289,9.633333,1,power_adapter,0.90588,694.867,162.696,876.785,347.679,785.826,255.188,181.919,184.983
T_20260712_200418_666396.mp4,289,9.633333,0,marker,0.382755,516.94,153.0,692.468,377.538,604.704,265.269,175.528,224.538
T_20260712_200418_666396.mp4,290,9.666667,1,power_adapter,0.879307,695.703,160.127,876.258,347.617,785.98,253.872,180.555,187.491
T_20260712_200418_666396.mp4,290,9.666667,0,marker,0.54686,530.358,184.407,695.612,382.926,612.985,283.667,165.254,198.519
T_20260712_200418_666396.mp4,291,9.7,1,power_adapter,0.880373,695.606,159.03,875.293,347.657,785.449,253.344,179.688,188.627
T_20260712_200418_666396.mp4,291,9.7,0,marker,0.651154,527.715,205.228,696.334,384.878,612.025,295.053,168.619,179.649
T_20260712_200418_666396.mp4,292,9.733333,1,power_adapter,0.881546,694.199,158.444,873.767,347.296,783.983,252.87,179.567,188.852
T_20260712_200418_666396.mp4,292,9.733333,0,marker,0.602731,528.844,202.553,695.556,391.072,612.2,296.813,166.713,188.518
T_20260712_200418_666396.mp4,293,9.766667,1,power_adapter,0.900064,693.649,159.146,873.509,346.968,783.579,253.057,179.86,187.822
T_20260712_200418_666396.mp4,293,9.766667,0,marker,0.514924,526.008,201.552,682.195,397.668,604.101,299.61,156.188,196.117
T_20260712_200418_666396.mp4,294,9.8,1,power_adapter,0.907175,693.822,158.38,873.552,347.167,783.687,252.774,179.73,188.787
T_20260712_200418_666396.mp4,294,9.8,0,marker,0.531158,530.888,203.258,677.739,401.412,604.314,302.335,146.851,198.154
T_20260712_200418_666396.mp4,295,9.833333,1,power_adapter,0.902523,693.314,159.727,874.771,347.548,784.042,253.638,181.457,187.822
T_20260712_200418_666396.mp4,295,9.833333,0,marker,0.605159,526.462,203.11,672.521,401.321,599.491,302.216,146.058,198.211
T_20260712_200418_666396.mp4,296,9.866667,1,power_adapter,0.896114,692.429,159.293,876.107,347.986,784.268,253.64,183.678,188.693
T_20260712_200418_666396.mp4,296,9.866667,0,marker,0.723024,528.435,203.316,674.031,399.866,601.233,301.591,145.596,196.55
T_20260712_200418_666396.mp4,297,9.9,1,power_adapter,0.888247,693.355,159.074,875.101,348.046,784.228,253.56,181.746,188.972
T_20260712_200418_666396.mp4,297,9.9,0,marker,0.704961,529.418,205.885,674.567,397.598,601.992,301.742,145.149,191.714
T_20260712_200418_666396.mp4,298,9.933333,1,power_adapter,0.890293,692.693,159.145,874.174,347.908,783.434,253.526,181.481,188.763
T_20260712_200418_666396.mp4,298,9.933333,0,marker,0.665939,518.535,203.006,672.856,393.803,595.696,298.404,154.321,190.797
T_20260712_200418_666396.mp4,299,9.966667,1,power_adapter,0.89093,692.723,160.461,873.293,347.519,783.008,253.99,180.571,187.058
T_20260712_200418_666396.mp4,299,9.966667,0,marker,0.479299,526.814,195.104,674.533,394.06,600.673,294.582,147.719,198.957
T_20260712_200418_666396.mp4,300,10.0,1,power_adapter,0.899365,693.411,159.962,874.177,346.612,783.794,253.287,180.766,186.649
T_20260712_200418_666396.mp4,300,10.0,0,marker,0.529836,508.054,162.307,665.704,385.486,586.879,273.897,157.65,223.179
T_20260712_200418_666396.mp4,301,10.033333,1,power_adapter,0.906729,691.432,160.734,872.345,346.738,781.889,253.736,180.913,186.004
T_20260712_200418_666396.mp4,301,10.033333,0,marker,0.297704,495.909,148.792,643.989,371.573,569.949,260.183,148.08,222.781
T_20260712_200418_666396.mp4,302,10.066667,1,power_adapter,0.898439,690.15,159.883,871.918,346.856,781.034,253.37,181.769,186.973
T_20260712_200418_666396.mp4,303,10.1,1,power_adapter,0.905353,688.64,160.98,872.936,347.063,780.788,254.021,184.297,186.083
T_20260712_200418_666396.mp4,303,10.1,0,marker,0.319159,429.888,139.71,626.194,361.789,528.041,250.749,196.306,222.08
T_20260712_200418_666396.mp4,304,10.133333,1,power_adapter,0.905282,688.394,160.399,872.869,347.383,780.632,253.891,184.475,186.984
T_20260712_200418_666396.mp4,304,10.133333,0,marker,0.492395,407.33,146.089,584.911,364.016,496.121,255.052,177.581,217.927
T_20260712_200418_666396.mp4,305,10.166667,1,power_adapter,0.907319,686.398,160.675,872.503,347.796,779.451,254.235,186.105,187.12
T_20260712_200418_666396.mp4,305,10.166667,0,marker,0.395153,380.469,144.368,536.911,360.1,458.69,252.234,156.441,215.732
T_20260712_200418_666396.mp4,306,10.2,1,power_adapter,0.913743,685.332,161.372,874.531,347.506,779.931,254.439,189.2,186.134
T_20260712_200418_666396.mp4,306,10.2,0,marker,0.620018,346.879,160.62,536.07,372.372,441.474,266.496,189.191,211.752
T_20260712_200418_666396.mp4,307,10.233333,1,power_adapter,0.911176,685.571,157.614,875.298,347.455,780.435,252.535,189.726,189.841
T_20260712_200418_666396.mp4,307,10.233333,0,marker,0.783425,338.133,173.561,537.984,384.224,438.059,278.893,199.852,210.663
T_20260712_200418_666396.mp4,308,10.266667,1,power_adapter,0.912806,683.408,156.927,875.982,347.475,779.695,252.201,192.574,190.548
T_20260712_200418_666396.mp4,308,10.266667,0,marker,0.734174,320.026,186.705,489.911,398.95,404.968,292.827,169.885,212.246
T_20260712_200418_666396.mp4,309,10.3,1,power_adapter,0.902807,688.405,159.566,874.696,346.682,781.551,253.124,186.291,187.117
T_20260712_200418_666396.mp4,309,10.3,0,marker,0.729429,316.057,202.051,474.147,404.649,395.102,303.35,158.089,202.598
T_20260712_200418_666396.mp4,310,10.333333,1,power_adapter,0.889278,691.017,159.841,874.638,346.467,782.828,253.154,183.621,186.626
T_20260712_200418_666396.mp4,310,10.333333,0,marker,0.664605,314.592,204.92,483.261,408.684,398.926,306.802,168.669,203.764
T_20260712_200418_666396.mp4,311,10.366667,1,power_adapter,0.882299,689.818,159.652,875.285,347.024,782.551,253.338,185.468,187.372
T_20260712_200418_666396.mp4,311,10.366667,0,marker,0.68027,312.158,203.665,477.386,407.854,394.772,305.759,165.228,204.189
T_20260712_200418_666396.mp4,312,10.4,1,power_adapter,0.879125,691.284,156.358,874.69,346.435,782.987,251.397,183.406,190.077
T_20260712_200418_666396.mp4,312,10.4,0,marker,0.477967,279.93,197.927,472.243,409.647,376.087,303.787,192.312,211.719
T_20260712_200418_666396.mp4,313,10.433333,1,power_adapter,0.866555,691.644,156.266,874.585,346.767,783.115,251.517,182.94,190.501
T_20260712_200418_666396.mp4,313,10.433333,0,marker,0.290982,268.817,192.882,469.148,411.311,368.982,302.096,200.332,218.429
T_20260712_200418_666396.mp4,314,10.466667,1,power_adapter,0.882418,691.297,156.33,875.034,346.661,783.166,251.496,183.737,190.331
T_20260712_200418_666396.mp4,314,10.466667,0,marker,0.278588,266.685,194.805,467.133,412.393,366.909,303.599,200.448,217.588
T_20260712_200418_666396.mp4,315,10.5,1,power_adapter,0.904092,688.917,155.569,875.866,347.145,782.392,251.357,186.949,191.575
T_20260712_200418_666396.mp4,315,10.5,0,marker,0.297803,262.208,196.319,465.065,413.371,363.636,304.845,202.857,217.052
T_20260712_200418_666396.mp4,316,10.533333,1,power_adapter,0.910889,689.077,155.276,876.352,347.376,782.714,251.326,187.275,192.1
T_20260712_200418_666396.mp4,316,10.533333,0,marker,0.351533,275.526,202.943,466.649,412.079,371.087,307.511,191.123,209.136
T_20260712_200418_666396.mp4,317,10.566667,1,power_adapter,0.909253,688.06,155.418,875.73,347.512,781.895,251.465,187.669,192.094
T_20260712_200418_666396.mp4,317,10.566667,0,marker,0.36962,300.927,215.681,463.194,412.269,382.06,313.975,162.267,196.588
T_20260712_200418_666396.mp4,318,10.6,1,power_adapter,0.898799,686.499,155.496,875.719,347.59,781.109,251.543,189.22,192.094
T_20260712_200418_666396.mp4,318,10.6,0,marker,0.54443,300.467,220.825,468.17,403.771,384.319,312.298,167.703,182.946
T_20260712_200418_666396.mp4,319,10.633333,1,power_adapter,0.888677,687.403,155.844,875.367,347.511,781.385,251.677,187.964,191.667
T_20260712_200418_666396.mp4,319,10.633333,0,marker,0.505698,292.19,224.135,462.574,401.376,377.382,312.756,170.385,177.241
T_20260712_200418_666396.mp4,320,10.666667,1,power_adapter,0.890415,687.537,156.019,875.124,347.643,781.331,251.831,187.587,191.623
T_20260712_200418_666396.mp4,320,10.666667,0,marker,0.382403,290.995,228.315,461.559,402.55,376.277,315.433,170.563,174.234
T_20260712_200418_666396.mp4,320,10.666667,0,marker,0.284284,226.575,221.685,462.159,403.533,344.367,312.609,235.583,181.848
T_20260712_200418_666396.mp4,321,10.7,1,power_adapter,0.905801,686.155,156.813,877.294,347.458,781.725,252.136,191.139,190.645
T_20260712_200418_666396.mp4,321,10.7,0,marker,0.41692,250.31,226.87,465.417,403.636,357.863,315.253,215.107,176.766
T_20260712_200418_666396.mp4,322,10.733333,1,power_adapter,0.907821,685.487,156.801,877.218,347.399,781.352,252.1,191.731,190.597
T_20260712_200418_666396.mp4,322,10.733333,0,marker,0.456024,287.574,229.452,464.406,405.062,375.99,317.257,176.832,175.61
T_20260712_200418_666396.mp4,323,10.766667,1,power_adapter,0.91569,683.552,155.045,876.781,347.777,780.167,251.411,193.229,192.733
T_20260712_200418_666396.mp4,323,10.766667,0,marker,0.501817,293.205,231.582,464.325,407.579,378.765,319.581,171.12,175.997
T_20260712_200418_666396.mp4,324,10.8,1,power_adapter,0.899841,682.563,152.76,875.443,347.257,779.003,250.008,192.88,194.497
T_20260712_200418_666396.mp4,324,10.8,0,marker,0.497436,270.113,227.321,474.807,411.761,372.46,319.541,204.694,184.44
T_20260712_200418_666396.mp4,325,10.833333,1,power_adapter,0.907539,684.436,153.733,876.423,348.375,780.429,251.054,191.987,194.642
T_20260712_200418_666396.mp4,325,10.833333,0,marker,0.308948,282.431,226.853,461.971,421.28,372.201,324.067,179.54,194.427
T_20260712_200418_666396.mp4,326,10.866667,1,power_adapter,0.906759,686.147,157.354,874.573,347.882,780.36,252.618,188.426,190.528
T_20260712_200418_666396.mp4,327,10.9,1,power_adapter,0.899539,688.304,158.751,873.822,347.191,781.063,252.971,185.519,188.44
T_20260712_200418_666396.mp4,328,10.933333,1,power_adapter,0.880821,689.451,156.203,875.685,347.429,782.568,251.816,186.235,191.226
T_20260712_200418_666396.mp4,329,10.966667,1,power_adapter,0.901971,690.409,158.685,875.002,347.315,782.706,253.0,184.593,188.63
T_20260712_200418_666396.mp4,330,11.0,1,power_adapter,0.899906,690.482,160.307,875.505,346.939,782.994,253.623,185.023,186.632
T_20260712_200418_666396.mp4,330,11.0,0,marker,0.266244,238.2,235.271,508.901,469.216,373.55,352.244,270.7,233.945
T_20260712_200418_666396.mp4,331,11.033333,1,power_adapter,0.912898,687.712,158.944,875.123,347.445,781.417,253.195,187.41,188.501
T_20260712_200418_666396.mp4,331,11.033333,0,marker,0.34507,223.65,235.29,517.869,470.409,370.759,352.85,294.219,235.118
T_20260712_200418_666396.mp4,332,11.066667,1,power_adapter,0.91537,687.728,160.078,876.269,347.161,781.998,253.619,188.541,187.083
T_20260712_200418_666396.mp4,332,11.066667,0,marker,0.568345,224.601,238.775,511.648,466.177,368.124,352.476,287.047,227.402
T_20260712_200418_666396.mp4,333,11.1,1,power_adapter,0.911439,687.496,157.381,876.903,347.471,782.2,252.426,189.407,190.09
T_20260712_200418_666396.mp4,333,11.1,0,marker,0.573422,218.93,234.84,521.534,463.444,370.232,349.142,302.603,228.604
T_20260712_200418_666396.mp4,334,11.133333,1,power_adapter,0.914582,687.153,157.689,876.395,347.544,781.774,252.616,189.241,189.855
T_20260712_200418_666396.mp4,334,11.133333,0,marker,0.657273,222.789,239.321,526.23,464.919,374.51,352.12,303.441,225.598
T_20260712_200418_666396.mp4,335,11.166667,1,power_adapter,0.911515,687.943,158.624,875.881,347.256,781.912,252.94,187.938,188.633
T_20260712_200418_666396.mp4,335,11.166667,0,marker,0.664731,223.642,232.455,531.883,462.244,377.763,347.349,308.241,229.789
T_20260712_200418_666396.mp4,336,11.2,1,power_adapter,0.915065,686.868,156.85,877.253,346.784,782.061,251.817,190.384,189.933
T_20260712_200418_666396.mp4,336,11.2,0,marker,0.662202,211.47,228.859,533.018,462.375,372.244,345.617,321.548,233.516
T_20260712_200418_666396.mp4,337,11.233333,1,power_adapter,0.917179,687.093,157.136,876.137,346.649,781.615,251.892,189.044,189.514
T_20260712_200418_666396.mp4,337,11.233333,0,marker,0.63383,217.308,226.406,534.614,466.021,375.961,346.213,317.306,239.616
T_20260712_200418_666396.mp4,338,11.266667,1,power_adapter,0.913522,687.81,156.713,876.397,346.982,782.104,251.847,188.587,190.269
T_20260712_200418_666396.mp4,338,11.266667,0,marker,0.388251,216.194,222.727,537.004,466.02,376.599,344.374,320.811,243.293
T_20260712_200418_666396.mp4,339,11.3,1,power_adapter,0.919385,688.742,156.926,877.554,346.792,783.148,251.859,188.812,189.866
T_20260712_200418_666396.mp4,339,11.3,0,marker,0.46603,209.981,219.942,538.938,459.42,374.46,339.681,328.956,239.478
T_20260712_200418_666396.mp4,340,11.333333,1,power_adapter,0.916197,688.342,157.278,879.748,347.085,784.045,252.181,191.406,189.807
T_20260712_200418_666396.mp4,340,11.333333,0,marker,0.532238,261.798,224.439,537.434,450.076,399.616,337.257,275.635,225.637
T_20260712_200418_666396.mp4,341,11.366667,1,power_adapter,0.919394,687.509,157.173,880.189,347.336,783.849,252.255,192.68,190.163
T_20260712_200418_666396.mp4,341,11.366667,0,marker,0.715563,251.201,235.069,537.063,458.116,394.132,346.592,285.862,223.048
T_20260712_200418_666396.mp4,342,11.4,1,power_adapter,0.919924,688.298,157.375,879.204,347.296,783.751,252.335,190.906,189.92
T_20260712_200418_666396.mp4,342,11.4,0,marker,0.773193,248.362,230.99,536.91,465.493,392.636,348.242,288.548,234.503
T_20260712_200418_666396.mp4,343,11.433333,1,power_adapter,0.91981,688.296,158.059,879.366,347.428,783.831,252.743,191.07,189.369
T_20260712_200418_666396.mp4,343,11.433333,0,marker,0.720716,236.318,229.59,536.349,467.96,386.333,348.775,300.031,238.369
T_20260712_200418_666396.mp4,344,11.466667,1,power_adapter,0.920364,687.941,156.944,880.036,347.576,783.989,252.26,192.095,190.632
T_20260712_200418_666396.mp4,344,11.466667,0,marker,0.722929,233.049,233.739,528.857,461.465,380.953,347.602,295.808,227.727
T_20260712_200418_666396.mp4,345,11.5,1,power_adapter,0.92133,687.806,158.015,879.605,347.51,783.706,252.762,191.799,189.495
T_20260712_200418_666396.mp4,345,11.5,0,marker,0.658574,229.041,236.811,528.846,456.397,378.944,346.604,299.804,219.586
T_20260712_200418_666396.mp4,346,11.533333,1,power_adapter,0.926529,687.269,157.694,878.544,347.612,782.906,252.653,191.275,189.917
T_20260712_200418_666396.mp4,346,11.533333,0,marker,0.771223,222.051,219.618,525.283,453.33,373.667,336.474,303.232,233.711
T_20260712_200418_666396.mp4,347,11.566667,1,power_adapter,0.922944,687.833,157.881,878.49,347.266,783.161,252.573,190.657,189.385
T_20260712_200418_666396.mp4,347,11.566667,0,marker,0.744812,220.428,201.733,527.491,456.383,373.959,329.058,307.063,254.65
T_20260712_200418_666396.mp4,348,11.6,1,power_adapter,0.925179,687.751,158.395,877.24,346.711,782.496,252.553,189.489,188.315
T_20260712_200418_666396.mp4,348,11.6,0,marker,0.850601,207.042,206.539,522.336,458.974,364.689,332.756,315.294,252.435
T_20260712_200418_666396.mp4,349,11.633333,1,power_adapter,0.927151,689.467,158.745,876.852,346.853,783.159,252.799,187.385,188.108
T_20260712_200418_666396.mp4,349,11.633333,0,marker,0.768971,194.458,193.583,519.547,458.607,357.002,326.095,325.089,265.024
T_20260712_200418_666396.mp4,350,11.666667,1,power_adapter,0.924867,690.014,159.405,876.511,346.697,783.263,253.051,186.498,187.292
T_20260712_200418_666396.mp4,350,11.666667,0,marker,0.85687,199.545,198.837,516.86,457.713,358.203,328.275,317.315,258.876
T_20260712_200418_666396.mp4,351,11.7,1,power_adapter,0.929081,690.297,158.422,876.784,346.688,783.541,252.555,186.486,188.266
T_20260712_200418_666396.mp4,351,11.7,0,marker,0.90218,193.987,186.206,516.589,455.354,355.288,320.78,322.602,269.148
T_20260712_200418_666396.mp4,352,11.733333,0,marker,0.950341,191.601,173.452,520.066,451.817,355.834,312.635,328.465,278.365
T_20260712_200418_666396.mp4,352,11.733333,1,power_adapter,0.929864,689.708,159.283,876.509,346.745,783.108,253.014,186.802,187.462
T_20260712_200418_666396.mp4,353,11.766667,1,power_adapter,0.926692,687.228,159.131,875.987,346.551,781.607,252.841,188.759,187.42
T_20260712_200418_666396.mp4,353,11.766667,0,marker,0.847793,183.511,173.271,503.901,448.549,343.706,310.91,320.389,275.277
T_20260712_200418_666396.mp4,354,11.8,1,power_adapter,0.923626,688.443,159.258,875.944,347.059,782.193,253.159,187.502,187.801
T_20260712_200418_666396.mp4,354,11.8,0,marker,0.916801,184.088,174.931,491.842,441.733,337.965,308.332,307.754,266.802
T_20260712_200418_666396.mp4,355,11.833333,1,power_adapter,0.912704,687.671,158.983,875.218,346.97,781.445,252.976,187.547,187.988
T_20260712_200418_666396.mp4,355,11.833333,0,marker,0.871224,199.865,180.195,485.716,436.337,342.79,308.266,285.852,256.143
T_20260712_200418_666396.mp4,356,11.866667,1,power_adapter,0.910618,688.186,160.294,875.065,346.89,781.625,253.592,186.879,186.596
T_20260712_200418_666396.mp4,356,11.866667,0,marker,0.868752,208.092,159.514,484.142,421.528,346.117,290.521,276.05,262.013
T_20260712_200418_666396.mp4,357,11.9,1,power_adapter,0.90655,689.244,160.291,874.078,347.089,781.661,253.69,184.834,186.798
T_20260712_200418_666396.mp4,357,11.9,0,marker,0.818965,212.705,139.881,481.54,411.515,347.122,275.698,268.835,271.633
T_20260712_200418_666396.mp4,358,11.933333,1,power_adapter,0.894034,688.327,158.648,875.01,347.124,781.669,252.886,186.683,188.476
T_20260712_200418_666396.mp4,358,11.933333,0,marker,0.698142,243.426,141.038,459.664,400.047,351.545,270.543,216.238,259.008
T_20260712_200418_666396.mp4,359,11.966667,1,power_adapter,0.905335,687.338,159.709,874.97,347.303,781.154,253.506,187.632,187.595
T_20260712_200418_666396.mp4,359,11.966667,0,marker,0.492858,258.764,156.72,447.557,384.189,353.16,270.455,188.793,227.469
T_20260712_200418_666396.mp4,360,12.0,1,power_adapter,0.8834,687.797,158.053,874.905,346.454,781.351,252.254,187.108,188.4
T_20260712_200418_666396.mp4,360,12.0,0,marker,0.675276,280.244,138.502,446.766,371.497,363.505,255.0,166.522,232.994
T_20260712_200418_666396.mp4,361,12.033333,1,power_adapter,0.888223,688.796,157.695,874.271,346.85,781.533,252.272,185.475,189.154
T_20260712_200418_666396.mp4,361,12.033333,0,marker,0.711616,281.801,118.708,449.389,366.68,365.595,242.694,167.588,247.972
T_20260712_200418_666396.mp4,362,12.066667,1,power_adapter,0.881111,686.556,157.748,875.111,347.456,780.833,252.602,188.555,189.707
T_20260712_200418_666396.mp4,362,12.066667,0,marker,0.761135,284.57,120.434,447.171,363.812,365.871,242.123,162.601,243.377
T_20260712_200418_666396.mp4,363,12.1,1,power_adapter,0.905814,688.089,157.749,874.721,350.825,781.405,254.287,186.632,193.076
T_20260712_200418_666396.mp4,363,12.1,0,marker,0.758788,303.074,130.909,449.857,358.974,376.466,244.941,146.783,228.065
T_20260712_200418_666396.mp4,364,12.133333,1,power_adapter,0.909687,687.151,158.174,875.793,351.84,781.472,255.007,188.643,193.666
T_20260712_200418_666396.mp4,364,12.133333,0,marker,0.723316,309.839,122.831,454.145,350.932,381.992,236.882,144.306,228.101
T_20260712_200418_666396.mp4,365,12.166667,1,power_adapter,0.913129,689.454,157.338,875.86,351.943,782.657,254.64,186.406,194.605
T_20260712_200418_666396.mp4,365,12.166667,0,marker,0.707618,316.231,110.262,474.46,351.581,395.346,230.922,158.23,241.319
T_20260712_200418_666396.mp4,366,12.2,1,power_adapter,0.940632,689.097,159.886,881.681,349.464,785.389,254.675,192.584,189.579
T_20260712_200418_666396.mp4,366,12.2,0,marker,0.787042,320.313,89.366,506.083,345.818,413.198,217.592,185.77,256.452
T_20260712_200418_666396.mp4,367,12.233333,1,power_adapter,0.939993,689.005,158.498,881.282,349.349,785.143,253.923,192.277,190.852
T_20260712_200418_666396.mp4,367,12.233333,0,marker,0.861953,318.786,101.411,489.37,345.497,404.078,223.454,170.584,244.086
T_20260712_200418_666396.mp4,368,12.266667,1,power_adapter,0.944659,689.813,158.712,877.801,348.903,783.807,253.807,187.987,190.19
T_20260712_200418_666396.mp4,368,12.266667,0,marker,0.858854,318.816,111.332,478.672,345.84,398.744,228.586,159.856,234.508
T_20260712_200418_666396.mp4,369,12.3,1,power_adapter,0.937062,689.959,161.576,877.612,348.726,783.785,255.151,187.653,187.15
T_20260712_200418_666396.mp4,369,12.3,0,marker,0.862331,318.31,113.283,474.302,346.134,396.306,229.709,155.993,232.851
T_20260712_200418_666396.mp4,370,12.333333,1,power_adapter,0.93553,690.388,160.465,876.505,348.204,783.446,254.335,186.117,187.739
T_20260712_200418_666396.mp4,370,12.333333,0,marker,0.868905,318.602,113.798,476.289,346.275,397.446,230.037,157.687,232.477
T_20260712_200418_666396.mp4,371,12.366667,1,power_adapter,0.943076,691.184,158.198,879.56,348.897,785.372,253.547,188.375,190.699
T_20260712_200418_666396.mp4,371,12.366667,0,marker,0.869234,318.549,112.188,477.35,345.791,397.949,228.989,158.801,233.602
T_20260712_200418_666396.mp4,372,12.4,1,power_adapter,0.939826,691.556,159.55,874.228,347.828,782.892,253.689,182.672,188.279
T_20260712_200418_666396.mp4,372,12.4,0,marker,0.874726,319.229,108.661,479.317,345.214,399.273,226.937,160.088,236.553
T_20260712_200418_666396.mp4,373,12.433333,1,power_adapter,0.927938,691.537,159.07,872.824,348.051,782.18,253.56,181.287,188.981
T_20260712_200418_666396.mp4,373,12.433333,0,marker,0.861231,318.611,104.956,480.976,345.539,399.794,225.247,162.365,240.583
T_20260712_200418_666396.mp4,374,12.466667,1,power_adapter,0.93416,690.337,156.496,872.655,351.493,781.496,253.994,182.318,194.997
T_20260712_200418_666396.mp4,374,12.466667,0,marker,0.808062,317.631,106.268,480.993,346.104,399.312,226.186,163.362,239.836
T_20260712_200418_666396.mp4,375,12.5,1,power_adapter,0.937678,690.334,158.036,872.46,348.024,781.397,253.03,182.126,189.988
T_20260712_200418_666396.mp4,375,12.5,0,marker,0.748818,316.754,105.687,476.974,347.52,396.864,226.603,160.22,241.832
T_20260712_200418_666396.mp4,376,12.533333,1,power_adapter,0.943987,689.333,158.111,872.043,347.861,780.688,252.986,182.71,189.751
T_20260712_200418_666396.mp4,376,12.533333,0,marker,0.623188,312.124,94.316,467.863,351.139,389.993,222.727,155.74,256.823
T_20260712_200418_666396.mp4,377,12.566667,1,power_adapter,0.944507,688.865,159.679,870.881,351.053,779.873,255.366,182.016,191.374
T_20260712_200418_666396.mp4,377,12.566667,0,marker,0.790542,304.323,93.378,468.93,351.322,386.627,222.35,164.608,257.944
T_20260712_200418_666396.mp4,378,12.6,1,power_adapter,0.945843,688.806,160.6,871.087,351.196,779.946,255.898,182.281,190.596
T_20260712_200418_666396.mp4,378,12.6,0,marker,0.754858,310.56,106.373,452.409,360.846,381.484,233.609,141.849,254.473
T_20260712_200418_666396.mp4,379,12.633333,1,power_adapter,0.945845,688.212,159.404,871.183,351.302,779.697,255.353,182.971,191.898
T_20260712_200418_666396.mp4,379,12.633333,0,marker,0.75323,313.162,124.095,448.608,367.402,380.885,245.748,135.445,243.306
T_20260712_200418_666396.mp4,380,12.666667,1,power_adapter,0.94759,690.185,160.276,870.97,351.657,780.577,255.966,180.785,191.381
T_20260712_200418_666396.mp4,380,12.666667,0,marker,0.747913,314.76,124.568,449.622,370.897,382.191,247.733,134.861,246.329
T_20260712_200418_666396.mp4,381,12.7,1,power_adapter,0.943386,691.339,160.604,871.834,351.647,781.586,256.125,180.494,191.043
T_20260712_200418_666396.mp4,381,12.7,0,marker,0.76658,313.198,123.401,450.4,372.75,381.799,248.076,137.203,249.349
T_20260712_200418_666396.mp4,382,12.733333,1,power_adapter,0.940032,691.257,160.015,872.011,351.44,781.634,255.728,180.753,191.425
T_20260712_200418_666396.mp4,382,12.733333,0,marker,0.697902,313.322,130.522,449.068,370.412,381.195,250.467,135.746,239.891
T_20260712_200418_666396.mp4,383,12.766667,1,power_adapter,0.934314,690.916,158.929,872.351,351.366,781.634,255.148,181.435,192.437
T_20260712_200418_666396.mp4,383,12.766667,0,marker,0.649433,315.919,122.41,446.677,373.501,381.298,247.956,130.758,251.092
T_20260712_200418_666396.mp4,384,12.8,1,power_adapter,0.936009,689.623,160.5,871.891,350.491,780.757,255.495,182.268,189.991
T_20260712_200418_666396.mp4,384,12.8,0,marker,0.677523,315.23,125.234,447.671,374.471,381.45,249.853,132.441,249.238
T_20260712_200418_666396.mp4,385,12.833333,1,power_adapter,0.927105,688.843,160.18,872.1,351.219,780.471,255.7,183.257,191.039
T_20260712_200418_666396.mp4,385,12.833333,0,marker,0.763112,313.775,129.887,455.414,374.86,384.595,252.374,141.639,244.973
T_20260712_200418_666396.mp4,386,12.866667,1,power_adapter,0.927816,687.998,160.034,871.659,351.19,779.828,255.612,183.661,191.156
T_20260712_200418_666396.mp4,386,12.866667,0,marker,0.750157,311.465,131.087,452.605,374.952,382.035,253.019,141.141,243.865
T_20260712_200418_666396.mp4,387,12.9,1,power_adapter,0.925088,686.306,159.455,872.702,350.781,779.504,255.118,186.396,191.326
T_20260712_200418_666396.mp4,387,12.9,0,marker,0.758943,310.198,124.823,453.365,375.132,381.781,249.977,143.167,250.309
T_20260712_200418_666396.mp4,388,12.933333,1,power_adapter,0.923462,683.189,160.459,872.382,351.093,777.785,255.776,189.193,190.634
T_20260712_200418_666396.mp4,388,12.933333,0,marker,0.772179,306.978,127.907,453.921,375.428,380.449,251.668,146.942,247.521
T_20260712_200418_666396.mp4,389,12.966667,1,power_adapter,0.913292,680.25,157.547,871.941,351.665,776.096,254.606,191.691,194.117
T_20260712_200418_666396.mp4,389,12.966667,0,marker,0.829384,309.762,131.852,453.532,375.352,381.647,253.602,143.771,243.5
T_20260712_200418_666396.mp4,390,13.0,1,power_adapter,0.919914,685.97,155.776,872.464,352.167,779.217,253.971,186.494,196.391
T_20260712_200418_666396.mp4,390,13.0,0,marker,0.836753,311.018,135.297,455.705,376.762,383.361,256.03,144.687,241.466
T_20260712_200418_666396.mp4,391,13.033333,1,power_adapter,0.91875,684.942,155.456,871.818,351.885,778.38,253.671,186.876,196.429
T_20260712_200418_666396.mp4,391,13.033333,0,marker,0.79457,312.14,137.922,456.807,377.928,384.473,257.925,144.667,240.006
T_20260712_200418_666396.mp4,392,13.066667,1,power_adapter,0.921441,681.304,154.305,871.348,352.151,776.326,253.228,190.044,197.846
T_20260712_200418_666396.mp4,392,13.066667,0,marker,0.757892,308.068,138.124,456.942,379.666,382.505,258.895,148.874,241.542
T_20260712_200418_666396.mp4,393,13.1,1,power_adapter,0.925067,681.113,154.601,871.91,351.857,776.511,253.229,190.796,197.256
T_20260712_200418_666396.mp4,393,13.1,0,marker,0.835133,303.201,133.838,455.409,379.432,379.305,256.635,152.208,245.594
T_20260712_200418_666396.mp4,394,13.133333,1,power_adapter,0.917468,682.815,157.535,872.242,351.616,777.529,254.575,189.426,194.081
T_20260712_200418_666396.mp4,394,13.133333,0,marker,0.871394,300.746,130.035,454.499,373.906,377.623,251.971,153.753,243.871
T_20260712_200418_666396.mp4,395,13.166667,1,power_adapter,0.92803,682.167,160.976,872.714,350.961,777.44,255.968,190.548,189.986
T_20260712_200418_666396.mp4,395,13.166667,0,marker,0.86148,313.189,115.817,464.696,360.242,388.942,238.03,151.507,244.425
T_20260712_200418_666396.mp4,396,13.2,1,power_adapter,0.922369,687.049,160.289,872.572,350.963,779.811,255.626,185.523,190.674
T_20260712_200418_666396.mp4,396,13.2,0,marker,0.723112,323.876,108.197,480.473,344.328,402.175,226.262,156.597,236.13
T_20260712_200418_666396.mp4,397,13.233333,1,power_adapter,0.937172,687.571,159.786,874.778,348.425,781.174,254.106,187.206,188.639
T_20260712_200418_666396.mp4,397,13.233333,0,marker,0.644256,351.763,87.026,493.943,326.435,422.853,206.73,142.18,239.409
T_20260712_200418_666396.mp4,398,13.266667,1,power_adapter,0.94096,690.147,159.242,873.676,347.48,781.911,253.361,183.529,188.239
T_20260712_200418_666396.mp4,398,13.266667,0,marker,0.418091,381.761,70.899,513.89,293.739,447.826,182.319,132.129,222.841
T_20260712_200418_666396.mp4,399,13.3,1,power_adapter,0.933272,690.328,158.735,874.909,347.905,782.619,253.32,184.582,189.17
T_20260712_200418_666396.mp4,400,13.333333,1,power_adapter,0.930948,691.203,159.311,874.061,347.453,782.632,253.382,182.858,188.142
T_20260712_200418_666396.mp4,401,13.366667,1,power_adapter,0.939503,693.372,159.983,871.957,350.038,782.664,255.01,178.585,190.055
T_20260712_200418_666396.mp4,402,13.4,1,power_adapter,0.925433,694.481,158.546,873.43,351.757,783.955,255.151,178.949,193.212
T_20260712_200418_666396.mp4,403,13.433333,1,power_adapter,0.931542,694.503,158.668,872.779,351.81,783.641,255.239,178.275,193.142
T_20260712_200418_666396.mp4,404,13.466667,1,power_adapter,0.937237,693.108,162.152,871.837,351.473,782.473,256.813,178.729,189.322
T_20260712_200418_666396.mp4,404,13.466667,0,marker,0.342344,510.63,28.589,652.725,229.718,581.678,129.154,142.095,201.129
T_20260712_200418_666396.mp4,405,13.5,1,power_adapter,0.946376,692.46,162.26,872.044,351.126,782.252,256.693,179.584,188.866
T_20260712_200418_666396.mp4,405,13.5,0,marker,0.485321,517.537,14.355,663.326,215.759,590.432,115.057,145.789,201.404
T_20260712_200418_666396.mp4,406,13.533333,1,power_adapter,0.94474,691.961,157.124,871.847,351.672,781.904,254.398,179.886,194.547
T_20260712_200418_666396.mp4,406,13.533333,0,marker,0.609374,519.973,33.115,662.374,213.188,591.173,123.151,142.4,180.073
T_20260712_200418_666396.mp4,407,13.566667,1,power_adapter,0.951365,692.629,159.438,871.264,351.431,781.946,255.435,178.635,191.993
T_20260712_200418_666396.mp4,407,13.566667,0,marker,0.393693,537.367,34.545,665.725,215.273,601.546,124.909,128.357,180.727
T_20260712_200418_666396.mp4,408,13.6,1,power_adapter,0.946462,694.121,161.363,871.769,350.349,782.945,255.856,177.648,188.986
T_20260712_200418_666396.mp4,408,13.6,0,marker,0.375842,536.378,28.425,668.039,236.684,602.209,132.555,131.661,208.258
T_20260712_200418_666396.mp4,409,13.633333,1,power_adapter,0.945388,694.252,161.16,871.855,350.662,783.053,255.911,177.603,189.503
T_20260712_200418_666396.mp4,409,13.633333,0,marker,0.310356,539.122,25.733,668.059,233.158,603.59,129.446,128.937,207.426
T_20260712_200418_666396.mp4,410,13.666667,1,power_adapter,0.941947,694.629,160.325,872.182,350.65,783.406,255.488,177.552,190.325
T_20260712_200418_666396.mp4,410,13.666667,0,marker,0.3467,535.696,18.179,668.967,236.013,602.331,127.096,133.271,217.835
T_20260712_200418_666396.mp4,411,13.7,1,power_adapter,0.942478,694.517,160.068,872.179,350.826,783.348,255.447,177.663,190.758
T_20260712_200418_666396.mp4,411,13.7,0,marker,0.664865,532.419,22.477,672.891,237.093,602.655,129.785,140.472,214.616
T_20260712_200418_666396.mp4,412,13.733333,1,power_adapter,0.942156,694.218,158.787,872.04,351.088,783.129,254.937,177.822,192.301
T_20260712_200418_666396.mp4,412,13.733333,0,marker,0.77657,530.728,21.313,676.938,239.005,603.833,130.159,146.21,217.692
T_20260712_200418_666396.mp4,413,13.766667,1,power_adapter,0.943599,694.497,157.382,871.975,351.491,783.236,254.437,177.478,194.109
T_20260712_200418_666396.mp4,413,13.766667,0,marker,0.753805,528.573,20.713,686.15,238.618,607.361,129.665,157.577,217.905
T_20260712_200418_666396.mp4,414,13.8,1,power_adapter,0.945648,694.342,159.647,871.785,350.883,783.064,255.265,177.443,191.236
T_20260712_200418_666396.mp4,414,13.8,0,marker,0.634634,519.574,19.769,677.915,238.956,598.745,129.362,158.341,219.188
T_20260712_200418_666396.mp4,415,13.833333,1,power_adapter,0.946141,694.547,158.192,872.411,350.936,783.479,254.564,177.863,192.744
T_20260712_200418_666396.mp4,415,13.833333,0,marker,0.551789,517.798,18.814,672.217,239.823,595.008,129.318,154.419,221.009
T_20260712_200418_666396.mp4,416,13.866667,1,power_adapter,0.946728,694.31,158.858,872.023,350.756,783.167,254.807,177.714,191.899
T_20260712_200418_666396.mp4,416,13.866667,0,marker,0.492412,523.055,19.206,670.205,239.441,596.63,129.324,147.15,220.234
T_20260712_200418_666396.mp4,417,13.9,1,power_adapter,0.942224,694.333,160.14,872.053,350.534,783.193,255.337,177.719,190.395
T_20260712_200418_666396.mp4,417,13.9,0,marker,0.498537,522.4,19.087,669.963,239.513,596.181,129.3,147.563,220.426
T_20260712_200418_666396.mp4,418,13.933333,1,power_adapter,0.939295,694.502,161.317,872.951,350.883,783.727,256.1,178.449,189.566
T_20260712_200418_666396.mp4,418,13.933333,0,marker,0.542008,521.199,20.299,671.6,238.266,596.4,129.282,150.401,217.968
T_20260712_200418_666396.mp4,419,13.966667,1,power_adapter,0.939479,694.166,160.092,872.748,350.658,783.457,255.375,178.581,190.566
T_20260712_200418_666396.mp4,419,13.966667,0,marker,0.578735,520.057,21.826,675.467,237.545,597.762,129.686,155.41,215.719
T_20260712_200418_666396.mp4,420,14.0,1,power_adapter,0.94739,693.285,157.613,871.038,350.889,782.162,254.251,177.753,193.276
T_20260712_200418_666396.mp4,420,14.0,0,marker,0.685074,517.724,21.997,680.504,232.878,599.114,127.437,162.78,210.881
T_20260712_200418_666396.mp4,421,14.033333,1,power_adapter,0.941658,693.428,157.334,871.965,351.593,782.697,254.463,178.537,194.259
T_20260712_200418_666396.mp4,421,14.033333,0,marker,0.739827,531.31,21.375,689.418,234.543,610.364,127.959,158.107,213.168
T_20260712_200418_666396.mp4,422,14.066667,1,power_adapter,0.943574,692.929,156.876,871.863,351.644,782.396,254.26,178.934,194.769
T_20260712_200418_666396.mp4,422,14.066667,0,marker,0.731792,527.161,20.796,672.15,236.023,599.655,128.409,144.989,215.226
T_20260712_200418_666396.mp4,423,14.1,1,power_adapter,0.940854,693.045,158.37,871.878,351.192,782.462,254.781,178.833,192.822
T_20260712_200418_666396.mp4,423,14.1,0,marker,0.686593,523.099,22.819,671.209,236.199,597.154,129.509,148.11,213.38
T_20260712_200418_666396.mp4,424,14.133333,1,power_adapter,0.939517,693.365,157.088,872.339,351.404,782.852,254.246,178.974,194.317
T_20260712_200418_666396.mp4,424,14.133333,0,marker,0.699991,535.304,27.764,671.698,238.377,603.501,133.071,136.395,210.613
T_20260712_200418_666396.mp4,425,14.166667,1,power_adapter,0.943094,692.784,155.362,871.919,351.488,782.351,253.425,179.134,196.126
T_20260712_200418_666396.mp4,425,14.166667,0,marker,0.553826,538.483,44.473,669.294,236.58,603.888,140.526,130.811,192.107
T_20260712_200418_666396.mp4,426,14.2,1,power_adapter,0.938265,692.944,156.796,871.563,351.665,782.254,254.23,178.62,194.869
T_20260712_200418_666396.mp4,426,14.2,0,marker,0.542307,537.955,45.289,669.369,234.494,603.662,139.892,131.414,189.205
T_20260712_200418_666396.mp4,427,14.233333,1,power_adapter,0.935273,692.281,158.337,873.333,348.734,782.807,253.535,181.052,190.397
T_20260712_200418_666396.mp4,427,14.233333,0,marker,0.457184,538.758,45.744,667.957,239.538,603.357,142.641,129.199,193.794
T_20260712_200418_666396.mp4,428,14.266667,1,power_adapter,0.9331,692.817,158.384,873.637,348.413,783.227,253.399,180.82,190.03
T_20260712_200418_666396.mp4,428,14.266667,0,marker,0.461178,536.779,44.027,669.218,236.194,602.999,140.11,132.44,192.167
T_20260712_200418_666396.mp4,429,14.3,1,power_adapter,0.938907,692.808,158.227,874.169,349.015,783.489,253.621,181.36,190.788
T_20260712_200418_666396.mp4,429,14.3,0,marker,0.540325,538.195,43.475,674.568,233.49,606.382,138.483,136.373,190.016
T_20260712_200418_666396.mp4,430,14.333333,1,power_adapter,0.947485,693.188,156.199,873.375,352.488,783.282,254.343,180.188,196.288
T_20260712_200418_666396.mp4,430,14.333333,0,marker,0.397849,534.648,19.394,695.311,219.901,614.979,119.648,160.662,200.507
T_20260712_200418_666396.mp4,431,14.366667,1,power_adapter,0.949303,690.274,158.728,872.882,348.932,781.578,253.83,182.608,190.204
T_20260712_200418_666396.mp4,432,14.4,1,power_adapter,0.940317,691.447,161.049,874.985,347.444,783.216,254.247,183.538,186.395
T_20260712_200418_666396.mp4,433,14.433333,1,power_adapter,0.921491,689.528,159.505,873.596,348.736,781.562,254.12,184.068,189.231
T_20260712_200418_666396.mp4,434,14.466667,1,power_adapter,0.939132,690.51,160.48,874.206,348.65,782.358,254.565,183.696,188.169
T_20260712_200418_666396.mp4,435,14.5,1,power_adapter,0.943987,690.341,159.75,875.047,348.757,782.694,254.253,184.706,189.007
T_20260712_200418_666396.mp4,436,14.533333,1,power_adapter,0.930309,689.972,160.543,877.099,349.415,783.535,254.979,187.128,188.872
T_20260712_200418_666396.mp4,437,14.566667,1,power_adapter,0.897943,690.143,161.073,879.178,350.606,784.661,255.839,189.035,189.533
T_20260712_200418_666396.mp4,438,14.6,1,power_adapter,0.904785,689.837,161.586,876.871,350.339,783.354,255.962,187.034,188.753
T_20260712_200418_666396.mp4,439,14.633333,1,power_adapter,0.926079,690.169,162.94,874.567,349.968,782.368,256.454,184.398,187.027
T_20260712_200418_666396.mp4,440,14.666667,1,power_adapter,0.934436,690.62,162.558,872.727,349.212,781.673,255.885,182.107,186.655
T_20260712_200418_666396.mp4,440,14.666667,0,marker,0.283031,864.115,103.372,992.078,319.515,928.096,211.444,127.963,216.143
T_20260712_200418_666396.mp4,441,14.7,1,power_adapter,0.925165,690.444,159.607,872.107,349.117,781.275,254.362,181.663,189.51
T_20260712_200418_666396.mp4,441,14.7,0,marker,0.415672,861.816,116.508,988.862,324.173,925.339,220.341,127.045,207.665
T_20260712_200418_666396.mp4,442,14.733333,1,power_adapter,0.934713,690.121,160.466,869.908,349.939,780.015,255.202,179.787,189.473
T_20260712_200418_666396.mp4,442,14.733333,0,marker,0.448178,863.197,115.168,982.025,330.814,922.611,222.991,118.828,215.646
T_20260712_200418_666396.mp4,443,14.766667,1,power_adapter,0.939254,690.432,160.047,870.131,350.469,780.282,255.258,179.7,190.422
T_20260712_200418_666396.mp4,444,14.8,1,power_adapter,0.924431,690.099,158.335,871.473,350.346,780.786,254.34,181.373,192.01
T_20260712_200418_666396.mp4,445,14.833333,1,power_adapter,0.917975,690.9,159.244,870.586,349.864,780.743,254.554,179.686,190.62
T_20260712_200418_666396.mp4,446,14.866667,1,power_adapter,0.8876,691.058,159.66,875.146,350.657,783.102,255.158,184.088,190.998
T_20260712_200418_666396.mp4,447,14.9,1,power_adapter,0.857731,689.856,160.387,880.773,351.485,785.315,255.936,190.916,191.098
T_20260712_200418_666396.mp4,448,14.933333,1,power_adapter,0.76183,689.319,149.688,947.6,357.773,818.459,253.73,258.281,208.084
T_20260712_200418_666396.mp4,449,14.966667,1,power_adapter,0.85615,692.021,142.247,930.773,356.817,811.397,249.532,238.752,214.57
T_20260712_200418_666396.mp4,450,15.0,1,power_adapter,0.880389,689.427,169.875,916.666,352.961,803.047,261.418,227.238,183.086
T_20260712_200418_666396.mp4,451,15.033333,1,power_adapter,0.888381,688.517,169.359,914.197,354.349,801.357,261.854,225.68,184.99
T_20260712_200418_666396.mp4,452,15.066667,1,power_adapter,0.860892,688.893,168.664,917.368,357.665,803.13,263.165,228.476,189.001
T_20260712_200418_666396.mp4,453,15.1,1,power_adapter,0.868982,689.925,173.215,912.515,357.363,801.22,265.289,222.59,184.148
T_20260712_200418_666396.mp4,454,15.133333,1,power_adapter,0.864013,689.809,178.608,909.986,355.7,799.898,267.154,220.177,177.092
T_20260712_200418_666396.mp4,455,15.166667,1,power_adapter,0.840647,688.596,176.314,913.072,355.868,800.834,266.091,224.476,179.554
T_20260712_200418_666396.mp4,456,15.2,1,power_adapter,0.847503,688.799,175.171,914.357,355.356,801.578,265.263,225.559,180.185
T_20260712_200418_666396.mp4,457,15.233333,1,power_adapter,0.830726,688.763,176.778,918.221,357.634,803.492,267.206,229.458,180.856
T_20260712_200418_666396.mp4,458,15.266667,1,power_adapter,0.824739,688.673,175.776,918.553,358.685,803.613,267.23,229.879,182.91
T_20260712_200418_666396.mp4,459,15.3,1,power_adapter,0.799128,688.387,177.553,917.454,360.73,802.921,269.142,229.067,183.177
T_20260712_200418_666396.mp4,460,15.333333,1,power_adapter,0.784743,689.098,177.935,917.573,361.012,803.336,269.473,228.474,183.077
T_20260712_200418_666396.mp4,461,15.366667,1,power_adapter,0.817168,689.963,180.297,914.086,359.529,802.025,269.913,224.123,179.232
T_20260712_200418_666396.mp4,462,15.4,1,power_adapter,0.811589,688.785,179.385,912.612,360.124,800.698,269.755,223.827,180.739
T_20260712_200418_666396.mp4,463,15.433333,1,power_adapter,0.831629,688.222,179.048,910.622,359.572,799.422,269.31,222.4,180.523
T_20260712_200418_666396.mp4,464,15.466667,1,power_adapter,0.831322,688.107,178.033,909.02,359.819,798.563,268.926,220.913,181.786
T_20260712_200418_666396.mp4,465,15.5,1,power_adapter,0.822648,688.259,180.249,901.872,358.065,795.066,269.157,213.613,177.816
T_20260712_200418_666396.mp4,466,15.533333,1,power_adapter,0.8416,688.655,181.919,898.527,357.357,793.591,269.638,209.872,175.438
T_20260712_200418_666396.mp4,467,15.566667,1,power_adapter,0.830941,688.537,181.804,901.771,357.23,795.154,269.517,213.234,175.426
T_20260712_200418_666396.mp4,468,15.6,1,power_adapter,0.827221,688.149,180.206,903.501,356.996,795.825,268.601,215.352,176.791
T_20260712_200418_666396.mp4,469,15.633333,1,power_adapter,0.845155,687.144,173.003,907.17,355.56,797.157,264.281,220.026,182.557
T_20260712_200418_666396.mp4,470,15.666667,1,power_adapter,0.876382,688.582,166.997,910.648,349.156,799.615,258.077,222.067,182.159
T_20260712_200418_666396.mp4,471,15.7,1,power_adapter,0.841529,688.116,163.547,910.608,343.365,799.362,253.456,222.492,179.818
T_20260712_200418_666396.mp4,472,15.733333,1,power_adapter,0.812979,693.837,154.159,898.982,333.665,796.409,243.912,205.146,179.506
T_20260712_200418_666396.mp4,473,15.766667,1,power_adapter,0.651618,683.962,131.663,925.552,328.619,804.757,230.141,241.59,196.956
T_20260712_200418_666396.mp4,474,15.8,1,power_adapter,0.609032,662.193,118.102,931.247,302.523,796.72,210.313,269.055,184.42
T_20260712_200418_666396.mp4,475,15.833333,0,marker,0.270259,641.167,95.53,936.719,349.975,788.943,222.752,295.552,254.445
T_20260712_200418_666396.mp4,476,15.866667,0,marker,0.445597,771.149,115.072,936.772,350.896,853.961,232.984,165.623,235.824
T_20260712_200418_666396.mp4,477,15.9,0,marker,0.792517,770.281,117.286,936.822,350.583,853.552,233.935,166.541,233.297
T_20260712_200418_666396.mp4,478,15.933333,0,marker,0.825307,776.809,118.391,937.721,352.014,857.265,235.202,160.912,233.622
T_20260712_200418_666396.mp4,478,15.933333,1,power_adapter,0.528691,539.096,65.194,754.575,254.511,646.835,159.852,215.478,189.317
T_20260712_200418_666396.mp4,479,15.966667,0,marker,0.850924,778.11,119.114,937.94,347.462,858.025,233.288,159.831,228.348
T_20260712_200418_666396.mp4,479,15.966667,1,power_adapter,0.764766,514.106,68.544,715.756,258.109,614.931,163.326,201.65,189.565
T_20260712_200418_666396.mp4,480,16.0,0,marker,0.865751,772.582,112.886,943.526,345.063,858.054,228.975,170.944,232.177
T_20260712_200418_666396.mp4,480,16.0,1,power_adapter,0.832938,495.976,90.625,683.484,270.473,589.73,180.549,187.508,179.848
T_20260712_200418_666396.mp4,481,16.033333,0,marker,0.897074,775.461,110.988,939.174,344.433,857.318,227.71,163.713,233.445
T_20260712_200418_666396.mp4,481,16.033333,1,power_adapter,0.833417,471.309,98.5,666.387,287.842,568.848,193.171,195.079,189.341
T_20260712_200418_666396.mp4,482,16.066667,0,marker,0.879186,776.958,114.666,933.505,346.507,855.231,230.587,156.547,231.842
T_20260712_200418_666396.mp4,482,16.066667,1,power_adapter,0.794092,453.035,116.047,642.524,307.941,547.779,211.994,189.489,191.894
T_20260712_200418_666396.mp4,483,16.1,1,power_adapter,0.940304,436.064,127.329,628.325,314.979,532.194,221.154,192.261,187.651
T_20260712_200418_666396.mp4,483,16.1,0,marker,0.841882,771.449,114.764,927.473,345.438,849.461,230.101,156.023,230.674
T_20260712_200418_666396.mp4,484,16.133333,1,power_adapter,0.894909,433.566,137.777,615.083,330.087,524.325,233.932,181.518,192.309
T_20260712_200418_666396.mp4,484,16.133333,0,marker,0.817944,762.962,113.696,923.874,345.379,843.418,229.538,160.912,231.683
T_20260712_200418_666396.mp4,485,16.166667,1,power_adapter,0.916102,433.11,153.205,613.454,332.797,523.282,243.001,180.344,179.592
T_20260712_200418_666396.mp4,485,16.166667,0,marker,0.837947,762.443,115.559,924.719,344.435,843.581,229.997,162.276,228.876
T_20260712_200418_666396.mp4,486,16.2,1,power_adapter,0.911538,431.648,159.817,617.384,345.356,524.516,252.587,185.737,185.539
T_20260712_200418_666396.mp4,486,16.2,0,marker,0.789789,762.598,115.156,922.963,343.94,842.78,229.548,160.365,228.783
T_20260712_200418_666396.mp4,487,16.233333,1,power_adapter,0.906406,432.306,164.918,617.48,351.491,524.893,258.204,185.174,186.573
T_20260712_200418_666396.mp4,487,16.233333,0,marker,0.814268,757.624,116.254,924.682,344.186,841.153,230.22,167.058,227.932
T_20260712_200418_666396.mp4,488,16.266667,1,power_adapter,0.917843,433.13,165.495,617.487,351.264,525.309,258.38,184.356,185.768
T_20260712_200418_666396.mp4,488,16.266667,0,marker,0.808981,758.82,114.951,925.7,343.821,842.26,229.386,166.881,228.87
T_20260712_200418_666396.mp4,489,16.3,1,power_adapter,0.911252,433.303,162.868,619.566,350.946,526.435,256.907,186.263,188.078
T_20260712_200418_666396.mp4,489,16.3,0,marker,0.816392,759.081,116.291,924.736,343.614,841.909,229.953,165.654,227.323
T_20260712_200418_666396.mp4,490,16.333333,1,power_adapter,0.949055,430.981,162.81,625.859,348.995,528.42,255.903,194.879,186.185
T_20260712_200418_666396.mp4,490,16.333333,0,marker,0.81837,762.48,115.524,922.927,344.15,842.703,229.837,160.447,228.626
T_20260712_200418_666396.mp4,491,16.366667,1,power_adapter,0.94452,413.879,143.498,633.915,351.258,523.897,247.378,220.037,207.76
T_20260712_200418_666396.mp4,491,16.366667,0,marker,0.817211,763.275,115.439,922.216,344.629,842.745,230.034,158.941,229.19
T_20260712_200418_666396.mp4,492,16.4,1,power_adapter,0.923467,422.593,151.247,629.565,351.151,526.079,251.199,206.972,199.904
T_20260712_200418_666396.mp4,492,16.4,0,marker,0.827052,771.457,115.869,927.972,345.657,849.715,230.763,156.515,229.788
T_20260712_200418_666396.mp4,493,16.433333,1,power_adapter,0.90584,429.118,149.781,626.88,351.984,527.999,250.883,197.763,202.203
T_20260712_200418_666396.mp4,493,16.433333,0,marker,0.690148,767.724,115.432,932.847,346.702,850.285,231.067,165.123,231.27
T_20260712_200418_666396.mp4,494,16.466667,1,power_adapter,0.917976,430.924,150.27,628.162,351.633,529.543,250.951,197.238,201.363
T_20260712_200418_666396.mp4,494,16.466667,0,marker,0.418467,768.231,113.551,940.213,345.771,854.222,229.661,171.981,232.22
T_20260712_200418_666396.mp4,495,16.5,1,power_adapter,0.926346,431.233,150.694,628.661,353.069,529.947,251.881,197.427,202.375
T_20260712_200418_666396.mp4,495,16.5,0,marker,0.667321,777.731,99.022,947.5,346.476,862.615,222.749,169.77,247.453
T_20260712_200418_666396.mp4,496,16.533333,1,power_adapter,0.92048,431.441,152.037,625.054,352.382,528.247,252.209,193.613,200.345
T_20260712_200418_666396.mp4,496,16.533333,0,marker,0.743934,781.97,115.592,943.887,349.331,862.928,232.462,161.918,233.739
T_20260712_200418_666396.mp4,497,16.566667,1,power_adapter,0.924483,431.726,150.325,627.981,351.686,529.854,251.005,196.255,201.361
T_20260712_200418_666396.mp4,497,16.566667,0,marker,0.612834,773.45,122.562,925.155,352.159,849.302,237.361,151.705,229.598
T_20260712_200418_666396.mp4,498,16.6,1,power_adapter,0.92358,431.541,151.924,627.081,351.3,529.311,251.612,195.539,199.376
T_20260712_200418_666396.mp4,498,16.6,0,marker,0.572614,761.796,118.355,931.729,351.525,846.762,234.94,169.933,233.17
T_20260712_200418_666396.mp4,499,16.633333,1,power_adapter,0.915862,431.721,150.984,627.876,350.797,529.799,250.891,196.155,199.812
T_20260712_200418_666396.mp4,499,16.633333,0,marker,0.473316,726.367,120.737,927.126,351.114,826.747,235.925,200.759,230.377
T_20260712_200418_666396.mp4,500,16.666667,1,power_adapter,0.914658,431.476,150.732,628.133,351.402,529.804,251.067,196.657,200.67
T_20260712_200418_666396.mp4,500,16.666667,0,marker,0.396629,744.893,129.565,924.747,355.741,834.82,242.653,179.854,226.176
T_20260712_200418_666396.mp4,501,16.7,1,power_adapter,0.918368,431.326,151.152,628.158,350.772,529.742,250.962,196.831,199.62
T_20260712_200418_666396.mp4,501,16.7,0,marker,0.460851,740.363,127.807,922.359,355.946,831.361,241.876,181.996,228.139
T_20260712_200418_666396.mp4,502,16.733333,1,power_adapter,0.922613,431.394,151.021,628.565,350.664,529.98,250.842,197.17,199.643
T_20260712_200418_666396.mp4,502,16.733333,0,marker,0.412961,732.158,134.163,908.11,354.725,820.134,244.444,175.952,220.562
T_20260712_200418_666396.mp4,503,16.766667,1,power_adapter,0.925015,431.195,150.078,629.172,351.084,530.183,250.581,197.977,201.007
T_20260712_200418_666396.mp4,503,16.766667,0,marker,0.404065,736.852,123.09,908.124,358.285,822.488,240.687,171.273,235.194
T_20260712_200418_666396.mp4,504,16.8,1,power_adapter,0.924061,431.471,151.932,627.507,351.31,529.489,251.621,196.036,199.378
T_20260712_200418_666396.mp4,504,16.8,0,marker,0.487811,762.812,134.809,908.753,362.754,835.783,248.781,145.942,227.945
T_20260712_200418_666396.mp4,505,16.833333,1,power_adapter,0.931949,431.375,150.541,627.74,351.344,529.558,250.943,196.365,200.803
T_20260712_200418_666396.mp4,505,16.833333,0,marker,0.429042,764.896,133.757,916.76,356.086,840.828,244.922,151.865,222.328
T_20260712_200418_666396.mp4,506,16.866667,1,power_adapter,0.93447,431.333,151.226,627.178,351.43,529.256,251.328,195.845,200.204
T_20260712_200418_666396.mp4,506,16.866667,0,marker,0.397292,761.28,129.086,927.195,340.858,844.237,234.972,165.916,211.772
T_20260712_200418_666396.mp4,507,16.9,1,power_adapter,0.935397,431.535,150.891,627.287,351.926,529.411,251.409,195.752,201.034
T_20260712_200418_666396.mp4,507,16.9,0,marker,0.510687,780.04,119.243,906.672,342.833,843.356,231.038,126.632,223.589
T_20260712_200418_666396.mp4,508,16.933333,1,power_adapter,0.937676,431.598,150.906,626.844,351.843,529.221,251.375,195.246,200.937
T_20260712_200418_666396.mp4,508,16.933333,0,marker,0.417257,778.992,116.513,891.199,342.043,835.095,229.278,112.207,225.53
T_20260712_200418_666396.mp4,509,16.966667,1,power_adapter,0.936542,431.595,151.186,626.812,351.258,529.204,251.222,195.217,200.073
T_20260712_200418_666396.mp4,509,16.966667,0,marker,0.468873,773.133,116.59,880.068,334.802,826.6,225.696,106.935,218.212
T_20260712_200418_666396.mp4,510,17.0,1,power_adapter,0.937245,431.523,151.406,626.389,351.149,528.956,251.277,194.866,199.743
T_20260712_200418_666396.mp4,510,17.0,0,marker,0.308547,751.496,111.351,899.937,325.088,825.717,218.22,148.441,213.737
T_20260712_200418_666396.mp4,511,17.033333,1,power_adapter,0.933264,431.744,151.594,625.83,351.008,528.787,251.301,194.086,199.414
T_20260712_200418_666396.mp4,511,17.033333,0,marker,0.441644,743.045,116.723,870.628,328.351,806.836,222.537,127.583,211.629
T_20260712_200418_666396.mp4,512,17.066667,1,power_adapter,0.932874,431.625,151.167,625.802,351.909,528.714,251.538,194.177,200.742
T_20260712_200418_666396.mp4,512,17.066667,0,marker,0.457599,728.209,123.134,861.778,338.771,794.994,230.953,133.569,215.638
T_20260712_200418_666396.mp4,513,17.1,1,power_adapter,0.933538,431.521,152.247,625.748,351.683,528.635,251.965,194.227,199.436
T_20260712_200418_666396.mp4,513,17.1,0,marker,0.451003,704.119,135.089,841.852,346.067,772.985,240.578,137.733,210.978
T_20260712_200418_666396.mp4,514,17.133333,1,power_adapter,0.927409,431.666,151.803,625.774,351.373,528.72,251.588,194.108,199.571
T_20260712_200418_666396.mp4,514,17.133333,0,marker,0.490205,676.176,147.928,834.586,354.813,755.381,251.371,158.41,206.885
T_20260712_200418_666396.mp4,515,17.166667,1,power_adapter,0.927266,435.261,152.77,628.228,349.372,531.745,251.071,192.967,196.603
T_20260712_200418_666396.mp4,515,17.166667,0,marker,0.498086,672.842,148.568,829.377,351.074,751.109,249.821,156.535,202.505
T_20260712_200418_666396.mp4,516,17.2,1,power_adapter,0.907765,431.268,151.596,623.544,350.264,527.406,250.93,192.276,198.668
T_20260712_200418_666396.mp4,516,17.2,0,marker,0.331948,672.228,148.775,840.692,345.009,756.46,246.892,168.464,196.235
T_20260712_200418_666396.mp4,517,17.233333,1,power_adapter,0.909192,435.178,153.093,626.597,349.199,530.887,251.146,191.419,196.106
T_20260712_200418_666396.mp4,518,17.266667,1,power_adapter,0.910877,435.097,153.859,626.315,349.254,530.706,251.557,191.217,195.395
T_20260712_200418_666396.mp4,519,17.3,1,power_adapter,0.916656,431.534,151.998,624.801,350.617,528.167,251.308,193.268,198.618
T_20260712_200418_666396.mp4,520,17.333333,1,power_adapter,0.913244,431.409,151.046,624.806,350.708,528.107,250.877,193.397,199.662
T_20260712_200418_666396.mp4,521,17.366667,1,power_adapter,0.915294,431.428,150.806,624.758,351.118,528.093,250.962,193.33,200.312
T_20260712_200418_666396.mp4,522,17.4,1,power_adapter,0.919923,434.577,151.774,626.672,348.956,530.625,250.365,192.095,197.183
T_20260712_200418_666396.mp4,522,17.4,0,marker,0.514017,671.249,158.546,847.124,344.904,759.186,251.725,175.875,186.358
T_20260712_200418_666396.mp4,523,17.433333,1,power_adapter,0.920362,434.656,152.97,626.232,349.425,530.444,251.198,191.576,196.455
T_20260712_200418_666396.mp4,523,17.433333,0,marker,0.569826,669.903,161.092,843.297,344.355,756.6,252.724,173.393,183.263
T_20260712_200418_666396.mp4,524,17.466667,1,power_adapter,0.912485,430.963,151.526,622.889,351.62,526.926,251.573,191.926,200.094
T_20260712_200418_666396.mp4,525,17.5,1,power_adapter,0.915802,431.091,151.051,623.693,351.4,527.392,251.225,192.602,200.348
T_20260712_200418_666396.mp4,526,17.533333,1,power_adapter,0.917199,431.092,150.923,622.749,351.462,526.921,251.193,191.658,200.539
T_20260712_200418_666396.mp4,527,17.566667,1,power_adapter,0.913698,435.189,153.956,623.774,349.48,529.482,251.718,188.585,195.523
T_20260712_200418_666396.mp4,528,17.6,1,power_adapter,0.917299,431.207,152.945,620.783,349.622,525.995,251.283,189.576,196.677
T_20260712_200418_666396.mp4,529,17.633333,1,power_adapter,0.911602,431.356,152.541,620.333,350.437,525.845,251.489,188.978,197.896
T_20260712_200418_666396.mp4,530,17.666667,1,power_adapter,0.914355,431.246,152.398,620.716,350.454,525.981,251.426,189.47,198.055
T_20260712_200418_666396.mp4,531,17.7,1,power_adapter,0.91899,430.996,152.183,619.126,349.938,525.061,251.06,188.131,197.756
T_20260712_200418_666396.mp4,532,17.733333,1,power_adapter,0.925928,431.115,153.562,617.465,349.608,524.29,251.585,186.35,196.046
T_20260712_200418_666396.mp4,532,17.733333,0,marker,0.550274,638.712,153.196,894.684,347.198,766.698,250.197,255.972,194.002
T_20260712_200418_666396.mp4,533,17.766667,1,power_adapter,0.924747,431.061,152.25,617.696,350.202,524.379,251.226,186.636,197.952
T_20260712_200418_666396.mp4,533,17.766667,0,marker,0.850339,641.811,145.265,921.378,372.752,781.594,259.008,279.568,227.487
T_20260712_200418_666396.mp4,534,17.8,1,power_adapter,0.92532,430.904,151.081,617.878,350.941,524.391,251.011,186.975,199.86
T_20260712_200418_666396.mp4,534,17.8,0,marker,0.899517,639.239,147.063,925.629,379.662,782.434,263.362,286.39,232.6
T_20260712_200418_666396.mp4,535,17.833333,1,power_adapter,0.929095,434.839,151.934,619.946,348.877,527.393,250.405,185.107,196.943
T_20260712_200418_666396.mp4,535,17.833333,0,marker,0.828413,637.568,145.052,931.05,385.075,784.309,265.063,293.482,240.023
T_20260712_200418_666396.mp4,536,17.866667,1,power_adapter,0.924753,434.793,151.736,620.911,349.032,527.852,250.384,186.118,197.296
T_20260712_200418_666396.mp4,536,17.866667,0,marker,0.811799,638.037,150.54,925.163,386.634,781.6,268.587,287.126,236.094
T_20260712_200418_666396.mp4,537,17.9,1,power_adapter,0.916735,434.544,151.674,622.736,349.84,528.64,250.757,188.192,198.166
T_20260712_200418_666396.mp4,537,17.9,0,marker,0.718603,637.488,134.707,900.704,380.087,769.096,257.397,263.216,245.379
T_20260712_200418_666396.mp4,538,17.933333,1,power_adapter,0.922475,434.435,152.145,624.089,350.33,529.262,251.238,189.655,198.185
T_20260712_200418_666396.mp4,538,17.933333,0,marker,0.684007,644.105,138.767,896.438,377.297,770.272,258.032,252.333,238.529
T_20260712_200418_666396.mp4,539,17.966667,1,power_adapter,0.922138,434.043,150.587,626.489,350.001,530.266,250.294,192.446,199.414
T_20260712_200418_666396.mp4,539,17.966667,0,marker,0.617253,656.74,131.441,921.505,373.842,789.122,252.642,264.765,242.402
T_20260712_200418_666396.mp4,540,18.0,1,power_adapter,0.930952,430.768,151.254,626.132,348.372,528.45,249.813,195.364,197.118
T_20260712_200418_666396.mp4,540,18.0,0,marker,0.46723,655.4,135.196,880.995,373.044,768.198,254.12,225.595,237.848
T_20260712_200418_666396.mp4,541,18.033333,1,power_adapter,0.930159,430.883,151.615,624.224,348.255,527.553,249.935,193.341,196.64
T_20260712_200418_666396.mp4,541,18.033333,0,marker,0.688814,660.664,141.649,867.697,370.558,764.18,256.104,207.033,228.909
T_20260712_200418_666396.mp4,542,18.066667,1,power_adapter,0.92865,430.633,152.6,623.548,350.96,527.091,251.78,192.915,198.36
T_20260712_200418_666396.mp4,542,18.066667,0,marker,0.733719,658.638,134.652,863.129,371.314,760.883,252.983,204.49,236.662
T_20260712_200418_666396.mp4,543,18.1,1,power_adapter,0.921189,430.592,151.909,623.104,349.477,526.848,250.693,192.512,197.568
T_20260712_200418_666396.mp4,543,18.1,0,marker,0.590531,660.255,131.245,864.386,373.052,762.32,252.148,204.131,241.808
T_20260712_200418_666396.mp4,544,18.133333,1,power_adapter,0.912646,430.286,152.974,621.569,349.102,525.928,251.038,191.283,196.128
T_20260712_200418_666396.mp4,544,18.133333,0,marker,0.419514,653.705,103.18,874.992,375.418,764.349,239.299,221.288,272.238
T_20260712_200418_666396.mp4,545,18.166667,1,power_adapter,0.907901,430.533,152.268,622.85,349.054,526.692,250.661,192.318,196.786
T_20260712_200418_666396.mp4,545,18.166667,0,marker,0.386783,657.847,127.264,876.432,376.524,767.14,251.894,218.585,249.26
T_20260712_200418_666396.mp4,546,18.2,1,power_adapter,0.916268,435.137,153.774,624.743,350.488,529.94,252.131,189.605,196.714
T_20260712_200418_666396.mp4,546,18.2,0,marker,0.499382,657.987,140.708,875.336,380.471,766.661,260.589,217.349,239.763
T_20260712_200418_666396.mp4,547,18.233333,1,power_adapter,0.919288,434.416,152.728,624.398,350.055,529.407,251.392,189.982,197.328
T_20260712_200418_666396.mp4,547,18.233333,0,marker,0.573883,660.848,149.258,886.578,381.204,773.713,265.231,225.73,231.946
T_20260712_200418_666396.mp4,548,18.266667,1,power_adapter,0.917947,434.652,150.306,627.15,350.559,530.901,250.432,192.499,200.253
T_20260712_200418_666396.mp4,548,18.266667,0,marker,0.69918,661.64,165.057,874.117,381.661,767.878,273.359,212.477,216.604
T_20260712_200418_666396.mp4,549,18.3,1,power_adapter,0.923089,434.187,150.729,628.815,351.169,531.501,250.949,194.628,200.44
T_20260712_200418_666396.mp4,549,18.3,0,marker,0.689957,657.118,170.485,868.92,382.286,763.019,276.386,211.802,211.802
T_20260712_200418_666396.mp4,550,18.333333,1,power_adapter,0.916491,434.477,151.747,627.571,350.34,531.024,251.044,193.093,198.593
T_20260712_200418_666396.mp4,550,18.333333,0,marker,0.726765,648.982,168.376,868.157,381.803,758.569,275.09,219.176,213.427
T_20260712_200418_666396.mp4,551,18.366667,1,power_adapter,0.921131,434.143,151.786,627.278,350.186,530.71,250.986,193.135,198.399
T_20260712_200418_666396.mp4,551,18.366667,0,marker,0.783808,644.067,175.074,866.695,381.408,755.381,278.241,222.628,206.334
T_20260712_200418_666396.mp4,552,18.4,1,power_adapter,0.924152,434.785,153.057,627.595,348.786,531.19,250.921,192.81,195.729
T_20260712_200418_666396.mp4,552,18.4,0,marker,0.819109,646.3,160.613,868.374,380.538,757.337,270.576,222.074,219.925
T_20260712_200418_666396.mp4,553,18.433333,1,power_adapter,0.924746,434.738,151.624,632.709,349.7,533.724,250.662,197.971,198.076
T_20260712_200418_666396.mp4,553,18.433333,0,marker,0.846511,644.109,165.947,866.896,381.754,755.502,273.85,222.786,215.808
T_20260712_200418_666396.mp4,554,18.466667,1,power_adapter,0.928122,434.25,154.854,627.113,349.405,530.682,252.129,192.863,194.551
T_20260712_200418_666396.mp4,554,18.466667,0,marker,0.836714,640.138,171.439,867.646,380.032,753.892,275.735,227.508,208.592
T_20260712_200418_666396.mp4,555,18.5,1,power_adapter,0.920875,433.861,156.365,624.259,348.691,529.06,252.528,190.398,192.326
T_20260712_200418_666396.mp4,555,18.5,0,marker,0.796541,647.252,172.328,867.297,379.587,757.275,275.958,220.046,207.259
T_20260712_200418_666396.mp4,556,18.533333,1,power_adapter,0.915313,431.051,155.053,622.941,350.952,526.996,253.002,191.889,195.899
T_20260712_200418_666396.mp4,556,18.533333,0,marker,0.629062,667.766,182.521,884.635,384.821,776.201,283.671,216.868,202.299
T_20260712_200418_666396.mp4,557,18.566667,1,power_adapter,0.930567,430.802,155.065,624.619,351.176,527.71,253.121,193.817,196.112
T_20260712_200418_666396.mp4,557,18.566667,0,marker,0.686722,673.243,180.137,890.333,384.384,781.788,282.261,217.091,204.247
T_20260712_200418_666396.mp4,558,18.6,1,power_adapter,0.92461,430.88,154.283,625.11,351.135,527.995,252.709,194.229,196.851
T_20260712_200418_666396.mp4,558,18.6,0,marker,0.566693,678.408,175.505,890.631,383.659,784.52,279.582,212.224,208.155
T_20260712_200418_666396.mp4,559,18.633333,1,power_adapter,0.931559,430.938,154.239,625.77,351.764,528.354,253.001,194.833,197.525
T_20260712_200418_666396.mp4,559,18.633333,0,marker,0.358775,692.424,173.384,890.728,386.197,791.576,279.791,198.304,212.812
T_20260712_200418_666396.mp4,560,18.666667,1,power_adapter,0.931332,431.027,155.126,623.543,351.432,527.285,253.279,192.516,196.306
T_20260712_200418_666396.mp4,560,18.666667,0,marker,0.525186,700.983,180.555,876.36,384.646,788.672,282.601,175.377,204.091
T_20260712_200418_666396.mp4,561,18.7,1,power_adapter,0.920509,431.359,155.505,622.42,351.977,526.889,253.741,191.061,196.472
T_20260712_200418_666396.mp4,561,18.7,0,marker,0.468379,693.267,180.438,848.429,381.528,770.848,280.983,155.162,201.09
T_20260712_200418_666396.mp4,562,18.733333,1,power_adapter,0.92455,435.374,158.26,622.572,349.537,528.973,253.898,187.197,191.277
T_20260712_200418_666396.mp4,562,18.733333,0,marker,0.393725,670.383,173.674,809.321,380.117,739.852,276.895,138.938,206.443
T_20260712_200418_666396.mp4,563,18.766667,1,power_adapter,0.920499,431.608,155.471,621.081,351.647,526.345,253.559,189.472,196.176
T_20260712_200418_666396.mp4,563,18.766667,0,marker,0.338145,663.939,161.915,798.933,373.702,731.436,267.809,134.993,211.787
T_20260712_200418_666396.mp4,564,18.8,1,power_adapter,0.937888,430.711,154.465,625.519,350.74,528.115,252.603,194.808,196.275
T_20260712_200418_666396.mp4,564,18.8,0,marker,0.255211,665.367,158.418,799.823,367.337,732.595,262.877,134.456,208.919
T_20260712_200418_666396.mp4,565,18.833333,1,power_adapter,0.936354,430.93,154.834,625.201,350.712,528.066,252.773,194.271,195.877
T_20260712_200418_666396.mp4,566,18.866667,1,power_adapter,0.937303,431.046,154.258,625.226,350.945,528.136,252.602,194.18,196.687
T_20260712_200418_666396.mp4,567,18.9,1,power_adapter,0.936662,431.179,154.172,624.803,351.169,527.991,252.67,193.625,196.997
T_20260712_200418_666396.mp4,568,18.933333,1,power_adapter,0.924759,431.034,154.059,621.924,351.38,526.479,252.72,190.89,197.321
T_20260712_200418_666396.mp4,569,18.966667,1,power_adapter,0.923566,434.315,155.749,623.901,350.052,529.108,252.9,189.586,194.303
T_20260712_200418_666396.mp4,570,19.0,1,power_adapter,0.922421,430.704,154.668,618.453,351.394,524.579,253.031,187.749,196.726
T_20260712_200418_666396.mp4,570,19.0,0,marker,0.307051,639.642,99.72,845.055,340.518,742.348,220.119,205.413,240.798
T_20260712_200418_666396.mp4,571,19.033333,1,power_adapter,0.9296,430.567,155.658,618.62,351.019,524.593,253.339,188.053,195.362
T_20260712_200418_666396.mp4,571,19.033333,0,marker,0.4459,644.772,102.021,859.07,339.377,751.921,220.699,214.297,237.356
T_20260712_200418_666396.mp4,572,19.066667,1,power_adapter,0.929468,430.829,155.765,618.948,351.054,524.889,253.41,188.119,195.288
T_20260712_200418_666396.mp4,572,19.066667,0,marker,0.357681,648.02,100.465,863.104,337.131,755.562,218.798,215.085,236.665
T_20260712_200418_666396.mp4,573,19.1,1,power_adapter,0.926952,430.774,154.626,620.02,351.888,525.397,253.257,189.246,197.262
T_20260712_200418_666396.mp4,573,19.1,0,marker,0.357018,651.94,102.695,864.422,337.187,758.181,219.941,212.482,234.493
T_20260712_200418_666396.mp4,574,19.133333,1,power_adapter,0.924721,430.886,154.148,620.172,351.304,525.529,252.726,189.286,197.155
T_20260712_200418_666396.mp4,574,19.133333,0,marker,0.427825,649.682,100.96,870.146,337.973,759.914,219.467,220.464,237.013
T_20260712_200418_666396.mp4,575,19.166667,1,power_adapter,0.923962,431.079,153.472,620.619,351.412,525.849,252.442,189.54,197.939
T_20260712_200418_666396.mp4,575,19.166667,0,marker,0.336085,648.562,102.867,866.96,335.405,757.761,219.136,218.398,232.538
T_20260712_200418_666396.mp4,576,19.2,1,power_adapter,0.93231,434.24,155.954,621.309,349.448,527.774,252.701,187.07,193.494
T_20260712_200418_666396.mp4,576,19.2,0,marker,0.399939,648.143,110.903,875.49,336.06,761.817,223.482,227.347,225.157
T_20260712_200418_666396.mp4,577,19.233333,1,power_adapter,0.930935,434.035,155.508,622.296,350.057,528.165,252.782,188.261,194.549
T_20260712_200418_666396.mp4,577,19.233333,0,marker,0.42439,647.49,112.302,874.01,336.466,760.75,224.384,226.52,224.164
T_20260712_200418_666396.mp4,578,19.266667,1,power_adapter,0.927198,434.25,155.89,621.516,349.662,527.883,252.776,187.266,193.772
T_20260712_200418_666396.mp4,578,19.266667,0,marker,0.548359,645.369,109.84,875.723,332.992,760.546,221.416,230.354,223.153
T_20260712_200418_666396.mp4,579,19.3,1,power_adapter,0.932404,434.412,156.224,622.737,348.816,528.575,252.52,188.325,192.592
T_20260712_200418_666396.mp4,579,19.3,0,marker,0.560169,644.955,94.475,872.993,330.096,758.974,212.286,228.038,235.621
T_20260712_200418_666396.mp4,580,19.333333,1,power_adapter,0.930729,434.56,156.787,621.16,349.273,527.86,253.03,186.6,192.486
T_20260712_200418_666396.mp4,580,19.333333,0,marker,0.562284,639.46,109.415,879.396,326.733,759.428,218.074,239.936,217.318
T_20260712_200418_666396.mp4,581,19.366667,1,power_adapter,0.933513,433.972,156.185,622.269,349.052,528.12,252.619,188.296,192.867
T_20260712_200418_666396.mp4,581,19.366667,0,marker,0.581876,642.679,115.133,874.634,331.669,758.656,223.401,231.955,216.536
T_20260712_200418_666396.mp4,582,19.4,1,power_adapter,0.92766,433.71,157.004,620.472,349.327,527.091,253.166,186.762,192.323
T_20260712_200418_666396.mp4,582,19.4,0,marker,0.694403,644.44,120.526,863.005,333.055,753.723,226.79,218.566,212.529
T_20260712_200418_666396.mp4,583,19.433333,1,power_adapter,0.927075,433.715,156.468,622.049,349.303,527.882,252.886,188.334,192.835
T_20260712_200418_666396.mp4,583,19.433333,0,marker,0.663732,640.596,119.814,861.021,331.453,750.809,225.634,220.426,211.639
T_20260712_200418_666396.mp4,584,19.466667,1,power_adapter,0.927853,433.678,156.377,623.205,349.437,528.442,252.907,189.528,193.06
T_20260712_200418_666396.mp4,584,19.466667,0,marker,0.648614,624.774,118.772,868.516,326.209,746.645,222.491,243.742,207.437
T_20260712_200418_666396.mp4,585,19.5,1,power_adapter,0.927819,433.757,156.949,621.214,349.038,527.485,252.993,187.458,192.089
T_20260712_200418_666396.mp4,585,19.5,0,marker,0.642192,628.35,121.519,857.261,332.397,742.806,226.958,228.911,210.878
T_20260712_200418_666396.mp4,586,19.533333,1,power_adapter,0.929081,433.917,157.063,621.483,349.56,527.7,253.312,187.566,192.497
T_20260712_200418_666396.mp4,586,19.533333,0,marker,0.647066,621.144,120.775,856.49,333.316,738.817,227.046,235.346,212.541
T_20260712_200418_666396.mp4,587,19.566667,1,power_adapter,0.925183,433.695,156.673,621.417,349.608,527.556,253.14,187.722,192.935
T_20260712_200418_666396.mp4,587,19.566667,0,marker,0.500403,613.819,118.613,889.372,335.645,751.595,227.129,275.552,217.031
T_20260712_200418_666396.mp4,588,19.6,1,power_adapter,0.924764,432.769,156.116,621.637,349.786,527.203,252.951,188.869,193.67
T_20260712_200418_666396.mp4,588,19.6,0,marker,0.532775,616.01,116.742,890.1,334.671,753.055,225.706,274.09,217.928
T_20260712_200418_666396.mp4,589,19.633333,1,power_adapter,0.924226,432.772,155.895,621.435,350.037,527.104,252.966,188.662,194.142
T_20260712_200418_666396.mp4,589,19.633333,0,marker,0.687016,609.108,121.143,897.57,333.082,753.339,227.113,288.462,211.94
T_20260712_200418_666396.mp4,590,19.666667,1,power_adapter,0.919979,432.666,156.238,621.77,349.52,527.218,252.879,189.104,193.282
T_20260712_200418_666396.mp4,590,19.666667,0,marker,0.729496,608.819,122.721,899.828,332.961,754.323,227.841,291.01,210.241
T_20260712_200418_666396.mp4,591,19.7,1,power_adapter,0.91704,432.272,157.447,622.904,349.779,527.588,253.613,190.631,192.332
T_20260712_200418_666396.mp4,591,19.7,0,marker,0.680326,615.04,116.006,898.993,335.619,757.017,225.812,283.953,219.612
T_20260712_200418_666396.mp4,592,19.733333,1,power_adapter,0.908251,429.801,155.517,624.618,352.013,527.209,253.765,194.816,196.495
T_20260712_200418_666396.mp4,592,19.733333,0,marker,0.56443,617.399,122.746,903.057,333.533,760.228,228.139,285.658,210.787
T_20260712_200418_666396.mp4,593,19.766667,1,power_adapter,0.914777,429.61,154.909,624.844,351.97,527.227,253.44,195.233,197.061
T_20260712_200418_666396.mp4,593,19.766667,0,marker,0.752286,619.315,126.046,908.432,333.427,763.874,229.736,289.117,207.382
T_20260712_200418_666396.mp4,594,19.8,1,power_adapter,0.923564,429.463,154.207,627.578,352.562,528.521,253.384,198.116,198.355
T_20260712_200418_666396.mp4,594,19.8,0,marker,0.799099,626.148,126.415,907.813,334.315,766.981,230.365,281.665,207.9
T_20260712_200418_666396.mp4,595,19.833333,1,power_adapter,0.91515,429.994,154.7,624.049,351.983,527.022,253.341,194.055,197.283
T_20260712_200418_666396.mp4,595,19.833333,0,marker,0.685578,628.802,117.097,906.989,333.918,767.895,225.507,278.187,216.821
T_20260712_200418_666396.mp4,596,19.866667,1,power_adapter,0.91957,429.59,154.461,624.739,352.079,527.164,253.27,195.149,197.618
T_20260712_200418_666396.mp4,596,19.866667,0,marker,0.714285,626.254,125.003,908.56,332.849,767.407,228.926,282.306,207.847
T_20260712_200418_666396.mp4,597,19.9,1,power_adapter,0.921458,429.78,155.383,623.64,351.289,526.71,253.336,193.859,195.906
T_20260712_200418_666396.mp4,597,19.9,0,marker,0.721103,627.571,126.306,908.58,332.085,768.076,229.196,281.009,205.779
T_20260712_200418_666396.mp4,598,19.933333,1,power_adapter,0.928635,432.504,156.611,626.74,349.108,529.622,252.859,194.236,192.497
T_20260712_200418_666396.mp4,598,19.933333,0,marker,0.72483,624.841,125.566,907.67,334.435,766.256,230.0,282.829,208.869
T_20260712_200418_666396.mp4,599,19.966667,1,power_adapter,0.930769,432.501,157.043,625.948,349.007,529.224,253.025,193.447,191.963
T_20260712_200418_666396.mp4,599,19.966667,0,marker,0.77118,633.943,132.281,903.563,335.06,768.753,233.67,269.62,202.78
T_20260712_200418_666396.mp4,600,20.0,1,power_adapter,0.927853,428.562,153.512,625.084,351.704,526.823,252.608,196.523,198.192
T_20260712_200418_666396.mp4,600,20.0,0,marker,0.704201,662.041,155.375,903.681,337.792,782.861,246.584,241.64,182.417
T_20260712_200418_666396.mp4,601,20.033333,1,power_adapter,0.927046,428.771,153.617,625.083,351.254,526.927,252.435,196.311,197.637
T_20260712_200418_666396.mp4,602,20.066667,1,power_adapter,0.93071,429.14,154.79,623.746,351.636,526.443,253.213,194.606,196.845
T_20260712_200418_666396.mp4,602,20.066667,0,marker,0.338721,656.601,145.035,921.45,337.285,789.025,241.16,264.85,192.25
T_20260712_200418_666396.mp4,603,20.1,1,power_adapter,0.931134,428.954,154.617,624.593,351.798,526.774,253.207,195.639,197.181
T_20260712_200418_666396.mp4,603,20.1,0,marker,0.377165,679.045,147.743,879.691,345.99,779.368,246.867,200.646,198.247
T_20260712_200418_666396.mp4,603,20.1,0,marker,0.313186,640.269,122.413,862.501,333.905,751.385,228.159,222.232,211.492
T_20260712_200418_666396.mp4,604,20.133333,1,power_adapter,0.933851,428.626,155.172,623.139,351.707,525.883,253.439,194.514,196.535
T_20260712_200418_666396.mp4,604,20.133333,0,marker,0.598718,677.231,144.762,879.984,352.983,778.607,248.872,202.753,208.221
T_20260712_200418_666396.mp4,605,20.166667,1,power_adapter,0.935831,429.064,156.061,622.014,351.574,525.539,253.818,192.95,195.513
T_20260712_200418_666396.mp4,605,20.166667,0,marker,0.57695,677.091,138.674,884.44,354.441,780.766,246.558,207.35,215.767
T_20260712_200418_666396.mp4,606,20.2,1,power_adapter,0.929522,429.529,153.772,625.625,351.574,527.577,252.673,196.096,197.803
T_20260712_200418_666396.mp4,606,20.2,0,marker,0.738031,679.625,132.559,897.347,355.008,788.486,243.783,217.722,222.449
T_20260712_200418_666396.mp4,607,20.233333,1,power_adapter,0.929121,429.866,152.795,625.785,351.965,527.826,252.38,195.919,199.17
T_20260712_200418_666396.mp4,607,20.233333,0,marker,0.800278,692.577,140.52,887.605,352.698,790.091,246.609,195.028,212.178
T_20260712_200418_666396.mp4,608,20.266667,1,power_adapter,0.927974,429.385,153.005,625.712,352.209,527.549,252.607,196.327,199.204
T_20260712_200418_666396.mp4,608,20.266667,0,marker,0.735036,695.029,143.016,888.692,355.993,791.86,249.505,193.663,212.977
T_20260712_200418_666396.mp4,609,20.3,1,power_adapter,0.931159,429.592,153.383,626.458,352.618,528.025,253.0,196.867,199.234
T_20260712_200418_666396.mp4,609,20.3,0,marker,0.749394,702.286,139.522,885.533,360.012,793.91,249.767,183.247,220.49
T_20260712_200418_666396.mp4,610,20.333333,1,power_adapter,0.930012,429.966,154.952,626.187,352.021,528.076,253.486,196.221,197.069
T_20260712_200418_666396.mp4,610,20.333333,0,marker,0.729911,707.844,137.77,883.78,356.963,795.812,247.366,175.936,219.194
T_20260712_200418_666396.mp4,611,20.366667,1,power_adapter,0.930065,430.112,153.68,626.816,352.358,528.464,253.019,196.704,198.678
T_20260712_200418_666396.mp4,611,20.366667,0,marker,0.67555,713.013,137.282,876.579,353.747,794.796,245.514,163.566,216.465
T_20260712_200418_666396.mp4,612,20.4,1,power_adapter,0.931821,429.026,152.669,627.016,350.941,528.021,251.805,197.99,198.272
T_20260712_200418_666396.mp4,612,20.4,0,marker,0.648998,716.806,128.615,877.145,358.264,796.975,243.439,160.339,229.65
T_20260712_200418_666396.mp4,613,20.433333,1,power_adapter,0.93341,429.718,152.391,626.907,351.348,528.313,251.869,197.189,198.957
T_20260712_200418_666396.mp4,613,20.433333,0,marker,0.704842,712.408,127.651,875.767,348.337,794.088,237.994,163.359,220.687
T_20260712_200418_666396.mp4,614,20.466667,1,power_adapter,0.931463,429.955,152.571,626.945,351.628,528.45,252.1,196.99,199.056
T_20260712_200418_666396.mp4,614,20.466667,0,marker,0.731396,710.49,119.45,882.823,339.879,796.657,229.664,172.332,220.429
T_20260712_200418_666396.mp4,615,20.5,1,power_adapter,0.927727,429.872,151.706,626.822,352.094,528.347,251.9,196.95,200.389
T_20260712_200418_666396.mp4,615,20.5,0,marker,0.678874,711.775,117.054,877.827,334.687,794.801,225.871,166.052,217.633
T_20260712_200418_666396.mp4,616,20.533333,1,power_adapter,0.927775,429.68,151.37,627.167,352.221,528.423,251.795,197.487,200.85
T_20260712_200418_666396.mp4,616,20.533333,0,marker,0.547793,705.506,113.934,877.664,328.165,791.585,221.049,172.157,214.231
T_20260712_200418_666396.mp4,617,20.566667,1,power_adapter,0.934967,430.12,152.544,627.145,351.817,528.633,252.18,197.025,199.274
T_20260712_200418_666396.mp4,617,20.566667,0,marker,0.608838,701.084,118.03,861.015,327.113,781.05,222.572,159.931,209.083
T_20260712_200418_666396.mp4,618,20.6,1,power_adapter,0.932848,429.904,152.404,628.116,352.753,529.01,252.578,198.212,200.349
T_20260712_200418_666396.mp4,618,20.6,0,marker,0.646573,693.553,111.742,837.403,326.727,765.478,219.234,143.85,214.985
T_20260712_200418_666396.mp4,619,20.633333,1,power_adapter,0.931051,429.62,152.909,626.932,352.783,528.276,252.846,197.312,199.874
T_20260712_200418_666396.mp4,619,20.633333,0,marker,0.554476,674.826,110.153,839.008,334.857,756.917,222.505,164.182,224.704
T_20260712_200418_666396.mp4,620,20.666667,1,power_adapter,0.927505,429.95,153.535,626.635,352.065,528.292,252.8,196.686,198.53
T_20260712_200418_666396.mp4,620,20.666667,0,marker,0.546628,661.083,112.217,840.536,350.349,750.81,231.283,179.454,238.133
T_20260712_200418_666396.mp4,621,20.7,1,power_adapter,0.926342,430.073,154.831,623.691,351.528,526.882,253.18,193.618,196.697
T_20260712_200418_666396.mp4,621,20.7,0,marker,0.680747,659.32,129.403,813.319,364.687,736.32,247.045,153.999,235.283
T_20260712_200418_666396.mp4,622,20.733333,1,power_adapter,0.916499,429.959,155.794,621.354,351.733,525.656,253.764,191.395,195.939
T_20260712_200418_666396.mp4,622,20.733333,0,marker,0.652137,644.241,137.274,804.99,377.635,724.615,257.455,160.749,240.361
T_20260712_200418_666396.mp4,623,20.766667,1,power_adapter,0.896742,429.674,155.37,620.028,351.769,524.851,253.57,190.354,196.399
T_20260712_200418_666396.mp4,623,20.766667,0,marker,0.636694,636.73,157.064,796.778,386.31,716.754,271.687,160.048,229.245
T_20260712_200418_666396.mp4,624,20.8,1,power_adapter,0.911003,430.246,153.824,621.156,350.452,525.701,252.138,190.91,196.628
T_20260712_200418_666396.mp4,624,20.8,0,marker,0.589025,636.985,173.701,817.012,387.603,726.998,280.652,180.027,213.902
T_20260712_200418_666396.mp4,625,20.833333,1,power_adapter,0.91559,430.723,152.993,620.437,350.74,525.58,251.867,189.714,197.746
T_20260712_200418_666396.mp4,625,20.833333,0,marker,0.632617,633.095,171.876,829.69,390.328,731.393,281.102,196.595,218.452
T_20260712_200418_666396.mp4,626,20.866667,1,power_adapter,0.916802,430.104,152.747,619.832,351.418,524.968,252.082,189.729,198.671
T_20260712_200418_666396.mp4,626,20.866667,0,marker,0.682196,631.075,172.41,828.868,390.161,729.971,281.285,197.793,217.75
T_20260712_200418_666396.mp4,627,20.9,1,power_adapter,0.912884,430.421,152.704,622.297,351.601,526.359,252.153,191.876,198.897
T_20260712_200418_666396.mp4,627,20.9,0,marker,0.691014,631.679,159.556,810.476,388.633,721.077,274.094,178.797,229.077
T_20260712_200418_666396.mp4,628,20.933333,1,power_adapter,0.920778,430.646,155.327,619.709,352.103,525.178,253.715,189.064,196.776
T_20260712_200418_666396.mp4,628,20.933333,0,marker,0.752666,632.721,161.411,797.893,388.273,715.307,274.842,165.172,226.862
T_20260712_200418_666396.mp4,629,20.966667,1,power_adapter,0.919596,430.709,153.366,624.832,353.498,527.771,253.432,194.123,200.132
T_20260712_200418_666396.mp4,629,20.966667,0,marker,0.726695,634.016,160.834,794.855,387.333,714.436,274.083,160.839,226.499
T_20260712_200418_666396.mp4,630,21.0,1,power_adapter,0.908393,430.686,154.858,619.989,352.84,525.337,253.849,189.303,197.982
T_20260712_200418_666396.mp4,630,21.0,0,marker,0.705269,631.777,154.643,801.839,387.333,716.808,270.988,170.062,232.69
T_20260712_200418_666396.mp4,631,21.033333,1,power_adapter,0.921969,433.352,156.504,620.291,350.913,526.822,253.708,186.939,194.409
T_20260712_200418_666396.mp4,631,21.033333,0,marker,0.660678,630.206,157.548,808.017,388.908,719.112,273.228,177.811,231.359
T_20260712_200418_666396.mp4,632,21.066667,1,power_adapter,0.915261,433.602,155.736,622.795,351.317,528.199,253.527,189.192,195.581
T_20260712_200418_666396.mp4,632,21.066667,0,marker,0.684535,628.318,152.411,815.233,388.868,721.776,270.64,186.915,236.457
T_20260712_200418_666396.mp4,633,21.1,1,power_adapter,0.911235,430.833,155.927,621.73,352.291,526.281,254.109,190.897,196.365
T_20260712_200418_666396.mp4,633,21.1,0,marker,0.68618,635.204,160.338,794.941,387.525,715.073,273.932,159.736,227.187
T_20260712_200418_666396.mp4,634,21.133333,1,power_adapter,0.888643,434.049,159.666,618.708,350.224,526.379,254.945,184.66,190.558
T_20260712_200418_666396.mp4,634,21.133333,0,marker,0.655205,632.842,160.787,790.423,386.661,711.633,273.724,157.581,225.874
T_20260712_200418_666396.mp4,635,21.166667,1,power_adapter,0.830482,428.88,155.691,616.356,349.009,522.618,252.35,187.477,193.319
T_20260712_200418_666396.mp4,635,21.166667,0,marker,0.696384,626.925,157.545,793.689,383.541,710.307,270.543,166.764,225.996
T_20260712_200418_666396.mp4,636,21.2,1,power_adapter,0.893582,426.794,140.632,618.195,351.708,522.494,246.17,191.401,211.076
T_20260712_200418_666396.mp4,636,21.2,0,marker,0.670869,610.798,154.814,799.893,386.552,705.346,270.683,189.094,231.737
T_20260712_200418_666396.mp4,637,21.233333,1,power_adapter,0.880861,425.433,148.31,615.196,351.126,520.315,249.718,189.763,202.816
T_20260712_200418_666396.mp4,637,21.233333,0,marker,0.6915,610.181,156.696,800.597,387.06,705.389,271.878,190.416,230.364
T_20260712_200418_666396.mp4,638,21.266667,1,power_adapter,0.89247,427.866,147.779,615.656,352.83,521.761,250.305,187.79,205.051
T_20260712_200418_666396.mp4,638,21.266667,0,marker,0.727505,609.778,158.247,799.213,386.635,704.495,272.441,189.435,228.388
T_20260712_200418_666396.mp4,639,21.3,1,power_adapter,0.892644,431.054,150.114,615.509,348.158,523.282,249.136,184.455,198.044
T_20260712_200418_666396.mp4,639,21.3,0,marker,0.760874,615.74,156.941,799.899,386.986,707.82,271.963,184.158,230.045
T_20260712_200418_666396.mp4,640,21.333333,1,power_adapter,0.899424,431.721,143.196,613.342,348.024,522.531,245.61,181.621,204.827
T_20260712_200418_666396.mp4,640,21.333333,0,marker,0.738706,613.71,157.11,798.714,386.963,706.212,272.037,185.004,229.853
T_20260712_200418_666396.mp4,641,21.366667,1,power_adapter,0.918708,431.74,143.429,615.014,351.157,523.377,247.293,183.274,207.728
T_20260712_200418_666396.mp4,641,21.366667,0,marker,0.711979,615.327,157.0,796.773,387.16,706.05,272.08,181.446,230.161
T_20260712_200418_666396.mp4,642,21.4,1,power_adapter,0.924069,431.893,143.376,614.605,353.533,523.249,248.454,182.712,210.157
T_20260712_200418_666396.mp4,642,21.4,0,marker,0.73863,620.739,157.153,799.572,386.87,710.155,272.012,178.834,229.717
T_20260712_200418_666396.mp4,643,21.433333,1,power_adapter,0.917415,434.702,142.849,615.38,354.95,525.041,248.9,180.678,212.101
T_20260712_200418_666396.mp4,643,21.433333,0,marker,0.779979,631.821,157.771,795.96,386.604,713.89,272.188,164.139,228.833
T_20260712_200418_666396.mp4,644,21.466667,1,power_adapter,0.9404,435.781,137.979,626.125,355.486,530.953,246.733,190.344,217.507
T_20260712_200418_666396.mp4,644,21.466667,0,marker,0.787857,632.511,158.966,797.647,386.523,715.079,272.745,165.136,227.557
T_20260712_200418_666396.mp4,645,21.5,1,power_adapter,0.922676,437.624,133.961,627.588,358.013,532.606,245.987,189.964,224.052
T_20260712_200418_666396.mp4,645,21.5,0,marker,0.779166,638.841,159.011,795.364,386.681,717.102,272.846,156.523,227.67
T_20260712_200418_666396.mp4,646,21.533333,1,power_adapter,0.928864,440.182,137.004,628.642,358.885,534.412,247.944,188.46,221.881
T_20260712_200418_666396.mp4,646,21.533333,0,marker,0.765991,636.364,159.907,796.416,385.681,716.39,272.794,160.053,225.774
T_20260712_200418_666396.mp4,647,21.566667,1,power_adapter,0.952566,439.665,123.146,631.693,353.806,535.679,238.476,192.029,230.661
T_20260712_200418_666396.mp4,647,21.566667,0,marker,0.746548,636.108,158.48,794.3,384.887,715.204,271.684,158.193,226.406
T_20260712_200418_666396.mp4,648,21.6,1,power_adapter,0.958653,436.3,124.744,630.742,342.985,533.521,233.865,194.442,218.241
T_20260712_200418_666396.mp4,648,21.6,0,marker,0.720415,629.709,156.325,791.85,385.738,710.78,271.031,162.142,229.413
T_20260712_200418_666396.mp4,649,21.633333,1,power_adapter,0.940456,431.199,117.205,626.609,334.412,528.904,225.808,195.409,217.206
T_20260712_200418_666396.mp4,649,21.633333,0,marker,0.744767,616.943,156.658,792.707,386.93,704.825,271.794,175.764,230.273
T_20260712_200418_666396.mp4,650,21.666667,1,power_adapter,0.879371,407.627,112.413,609.92,324.891,508.773,218.652,202.293,212.478
T_20260712_200418_666396.mp4,650,21.666667,0,marker,0.705182,626.217,159.567,791.907,388.2,709.062,273.883,165.69,228.632
T_20260712_200418_666396.mp4,651,21.7,1,power_adapter,0.882798,381.751,95.449,585.754,309.174,483.753,202.311,204.003,213.725
T_20260712_200418_666396.mp4,651,21.7,0,marker,0.599681,616.991,156.528,793.031,384.118,705.011,270.323,176.039,227.59
T_20260712_200418_666396.mp4,652,21.733333,1,power_adapter,0.801115,345.47,91.105,550.52,296.244,447.995,193.675,205.05,205.138
T_20260712_200418_666396.mp4,652,21.733333,0,marker,0.604059,598.174,153.957,793.406,385.323,695.79,269.64,195.232,231.366
T_20260712_200418_666396.mp4,653,21.766667,0,marker,0.715581,595.277,154.042,795.854,384.382,695.566,269.212,200.578,230.339
T_20260712_200418_666396.mp4,653,21.766667,1,power_adapter,0.589138,298.911,64.963,525.33,297.52,412.12,181.242,226.419,232.556
T_20260712_200418_666396.mp4,654,21.8,1,power_adapter,0.674851,259.015,42.272,475.403,299.334,367.209,170.803,216.389,257.062
T_20260712_200418_666396.mp4,654,21.8,0,marker,0.659539,593.727,153.297,795.843,383.952,694.785,268.625,202.116,230.654
T_20260712_200418_666396.mp4,655,21.833333,0,marker,0.811489,597.393,153.156,794.431,383.716,695.912,268.436,197.039,230.56
T_20260712_200418_666396.mp4,655,21.833333,1,power_adapter,0.447954,199.603,46.63,436.868,302.779,318.236,174.704,237.265,256.148
T_20260712_200418_666396.mp4,656,21.866667,0,marker,0.804438,596.489,151.515,792.392,384.464,694.44,267.989,195.902,232.948
T_20260712_200418_666396.mp4,656,21.866667,1,power_adapter,0.364415,158.333,58.664,377.426,311.388,267.879,185.026,219.093,252.723
T_20260712_200418_666396.mp4,657,21.9,0,marker,0.816827,601.221,151.76,794.779,383.841,698.0,267.8,193.558,232.081
T_20260712_200418_666396.mp4,657,21.9,1,power_adapter,0.650374,114.737,71.016,340.46,329.686,227.598,200.351,225.723,258.669
T_20260712_200418_666396.mp4,658,21.933333,0,marker,0.826263,600.172,150.171,795.511,385.504,697.842,267.837,195.338,235.332
T_20260712_200418_666396.mp4,658,21.933333,1,power_adapter,0.622458,84.595,79.7,316.26,343.307,200.428,211.504,231.665,263.606
T_20260712_200418_666396.mp4,659,21.966667,0,marker,0.796967,597.067,150.079,798.43,386.419,697.749,268.249,201.363,236.34
T_20260712_200418_666396.mp4,659,21.966667,1,power_adapter,0.764167,67.871,104.105,287.711,356.85,177.791,230.478,219.84,252.745
T_20260712_200418_666396.mp4,660,22.0,0,marker,0.828801,598.144,150.92,798.196,385.145,698.17,268.033,200.053,234.226
T_20260712_200418_666396.mp4,660,22.0,1,power_adapter,0.807341,52.816,123.655,279.823,364.294,166.32,243.975,227.006,240.639
T_20260712_200418_666396.mp4,661,22.033333,0,marker,0.83215,598.181,150.425,799.449,386.485,698.815,268.455,201.267,236.059
T_20260712_200418_666396.mp4,661,22.033333,1,power_adapter,0.810605,47.156,135.947,261.02,372.231,154.088,254.089,213.864,236.284
T_20260712_200418_666396.mp4,662,22.066667,1,power_adapter,0.909563,42.046,149.712,263.553,380.588,152.799,265.15,221.507,230.877
T_20260712_200418_666396.mp4,662,22.066667,0,marker,0.841528,599.75,152.916,798.232,385.688,698.991,269.302,198.482,232.772
T_20260712_200418_666396.mp4,663,22.1,1,power_adapter,0.897841,42.476,160.513,265.357,387.008,153.916,273.76,222.881,226.495
T_20260712_200418_666396.mp4,663,22.1,0,marker,0.84811,600.995,154.569,798.361,386.899,699.678,270.734,197.366,232.33
T_20260712_200418_666396.mp4,664,22.133333,1,power_adapter,0.871911,43.578,167.012,267.454,387.648,155.516,277.33,223.877,220.636
T_20260712_200418_666396.mp4,664,22.133333,0,marker,0.857115,601.802,153.852,798.713,387.101,700.258,270.476,196.912,233.249
T_20260712_200418_666396.mp4,665,22.166667,0,marker,0.849397,601.654,153.635,798.051,388.013,699.853,270.824,196.397,234.378
T_20260712_200418_666396.mp4,665,22.166667,1,power_adapter,0.848894,46.534,171.468,264.958,386.051,155.746,278.759,218.425,214.583
T_20260712_200418_666396.mp4,666,22.2,1,power_adapter,0.851814,44.12,171.844,272.537,388.385,158.328,280.114,228.417,216.541
T_20260712_200418_666396.mp4,666,22.2,0,marker,0.836791,597.897,152.263,798.22,387.831,698.059,270.047,200.323,235.568
T_20260712_200418_666396.mp4,667,22.233333,1,power_adapter,0.856869,45.49,170.228,277.746,386.308,161.618,278.268,232.256,216.08
T_20260712_200418_666396.mp4,667,22.233333,0,marker,0.840384,599.95,152.092,800.742,385.28,700.346,268.686,200.792,233.188
T_20260712_200418_666396.mp4,668,22.266667,1,power_adapter,0.878747,48.201,171.809,280.878,383.775,164.539,277.792,232.678,211.967
T_20260712_200418_666396.mp4,668,22.266667,0,marker,0.826916,595.407,151.346,800.038,385.894,697.722,268.62,204.631,234.549
T_20260712_200418_666396.mp4,669,22.3,1,power_adapter,0.856699,49.7,172.352,274.403,384.826,162.051,278.589,224.703,212.474
T_20260712_200418_666396.mp4,669,22.3,0,marker,0.825525,595.009,152.346,796.845,391.099,695.927,271.722,201.836,238.753
T_20260712_200418_666396.mp4,670,22.333333,1,power_adapter,0.892914,46.635,171.742,274.041,379.666,160.338,275.704,227.406,207.923
T_20260712_200418_666396.mp4,670,22.333333,0,marker,0.821074,593.089,152.31,797.165,385.562,695.127,268.936,204.076,233.252
T_20260712_200418_666396.mp4,671,22.366667,1,power_adapter,0.880384,47.087,172.664,273.513,379.21,160.3,275.937,226.426,206.546
T_20260712_200418_666396.mp4,671,22.366667,0,marker,0.770432,599.916,153.224,796.63,387.089,698.273,270.157,196.714,233.865
T_20260712_200418_666396.mp4,672,22.4,1,power_adapter,0.883643,45.884,172.368,274.821,378.95,160.353,275.659,228.937,206.583
T_20260712_200418_666396.mp4,672,22.4,0,marker,0.484112,567.339,150.744,794.033,392.394,680.686,271.569,226.694,241.65
T_20260712_200418_666396.mp4,673,22.433333,1,power_adapter,0.890624,45.781,172.089,275.0,379.17,160.391,275.629,229.219,207.081
T_20260712_200418_666396.mp4,673,22.433333,0,marker,0.784969,633.429,150.649,788.808,393.955,711.118,272.302,155.379,243.306
T_20260712_200418_666396.mp4,674,22.466667,1,power_adapter,0.887111,45.317,171.692,275.449,379.713,160.383,275.703,230.131,208.021
T_20260712_200418_666396.mp4,674,22.466667,0,marker,0.773097,634.193,160.326,788.243,397.225,711.218,278.775,154.051,236.9
T_20260712_200418_666396.mp4,675,22.5,1,power_adapter,0.881469,45.134,171.279,275.332,380.117,160.233,275.698,230.199,208.838
T_20260712_200418_666396.mp4,675,22.5,0,marker,0.751121,621.673,162.717,791.968,395.808,706.821,279.263,170.294,233.091
T_20260712_200418_666396.mp4,676,22.533333,1,power_adapter,0.881745,44.701,171.037,275.629,380.999,160.165,276.018,230.929,209.963
T_20260712_200418_666396.mp4,676,22.533333,0,marker,0.737806,605.752,162.409,790.715,394.414,698.234,278.411,184.963,232.005
T_20260712_200418_666396.mp4,677,22.566667,1,power_adapter,0.885338,48.293,169.971,278.001,386.474,163.147,278.222,229.708,216.503
T_20260712_200418_666396.mp4,677,22.566667,0,marker,0.628642,609.384,167.202,786.811,392.442,698.098,279.822,177.427,225.24
T_20260712_200418_666396.mp4,678,22.6,1,power_adapter,0.882397,45.275,171.354,275.796,380.678,160.536,276.016,230.522,209.324
T_20260712_200418_666396.mp4,678,22.6,0,marker,0.535626,618.614,167.816,786.837,393.346,702.725,280.581,168.223,225.53
T_20260712_200418_666396.mp4,679,22.633333,1,power_adapter,0.881786,45.26,171.463,275.862,380.849,160.561,276.156,230.602,209.386
T_20260712_200418_666396.mp4,679,22.633333,0,marker,0.559391,629.189,164.273,784.201,393.422,706.695,278.847,155.011,229.149
T_20260712_200418_666396.mp4,680,22.666667,1,power_adapter,0.885164,45.22,171.343,275.881,380.757,160.55,276.05,230.661,209.415
T_20260712_200418_666396.mp4,680,22.666667,0,marker,0.43242,633.651,165.107,784.832,397.414,709.241,281.26,151.181,232.307
T_20260712_200418_666396.mp4,681,22.7,1,power_adapter,0.892034,45.776,172.125,276.022,380.196,160.899,276.16,230.246,208.071
T_20260712_200418_666396.mp4,681,22.7,0,marker,0.398562,633.549,160.423,791.753,398.719,712.651,279.571,158.204,238.296
T_20260712_200418_666396.mp4,682,22.733333,1,power_adapter,0.879893,45.302,172.292,275.465,380.37,160.384,276.331,230.164,208.078
T_20260712_200418_666396.mp4,682,22.733333,0,marker,0.495031,633.702,161.166,800.904,393.92,717.303,277.543,167.202,232.754
T_20260712_200418_666396.mp4,683,22.766667,1,power_adapter,0.875672,49.169,171.959,277.433,385.528,163.301,278.743,228.264,213.569
T_20260712_200418_666396.mp4,683,22.766667,0,marker,0.536333,635.637,161.665,784.747,389.925,710.192,275.795,149.11,228.259
T_20260712_200418_666396.mp4,684,22.8,1,power_adapter,0.883977,45.975,172.217,274.333,378.195,160.154,275.206,228.358,205.978
T_20260712_200418_666396.mp4,684,22.8,0,marker,0.690745,634.417,160.678,791.316,386.219,712.867,273.448,156.899,225.541
T_20260712_200418_666396.mp4,685,22.833333,1,power_adapter,0.892376,46.331,172.184,274.299,378.723,160.315,275.454,227.968,206.539
T_20260712_200418_666396.mp4,685,22.833333,0,marker,0.506148,598.603,137.654,778.111,381.061,688.357,259.357,179.509,243.407
T_20260712_200418_666396.mp4,686,22.866667,1,power_adapter,0.895149,46.195,172.026,274.471,378.938,160.333,275.482,228.276,206.912
T_20260712_200418_666396.mp4,686,22.866667,0,marker,0.573888,560.797,119.085,768.687,374.838,664.742,246.961,207.89,255.753
T_20260712_200418_666396.mp4,687,22.9,1,power_adapter,0.88756,47.16,172.461,274.433,379.336,160.797,275.898,227.273,206.876
T_20260712_200418_666396.mp4,687,22.9,0,marker,0.546109,533.352,123.095,690.058,372.569,611.705,247.832,156.706,249.474
T_20260712_200418_666396.mp4,688,22.933333,1,power_adapter,0.899215,46.861,171.992,275.279,379.22,161.07,275.606,228.418,207.227
T_20260712_200418_666396.mp4,688,22.933333,0,marker,0.348904,482.451,111.43,628.063,359.959,555.257,235.695,145.612,248.529
T_20260712_200418_666396.mp4,689,22.966667,1,power_adapter,0.903337,46.275,171.403,275.199,379.575,160.737,275.489,228.924,208.172
T_20260712_200418_666396.mp4,690,23.0,1,power_adapter,0.892034,47.524,172.399,274.75,379.519,161.137,275.959,227.226,207.119
T_20260712_200418_666396.mp4,690,23.0,0,marker,0.444456,372.197,114.971,536.244,343.963,454.22,229.467,164.046,228.992
T_20260712_200418_666396.mp4,691,23.033333,1,power_adapter,0.871418,49.553,172.717,274.928,382.795,162.24,277.756,225.375,210.078
T_20260712_200418_666396.mp4,691,23.033333,0,marker,0.647192,306.647,132.326,510.325,374.583,408.486,253.455,203.679,242.257
T_20260712_200418_666396.mp4,692,23.066667,1,power_adapter,0.822062,50.063,171.419,274.721,386.609,162.392,279.014,224.657,215.19
T_20260712_200418_666396.mp4,692,23.066667,0,marker,0.609358,284.971,139.281,447.374,386.301,366.173,262.791,162.403,247.02
T_20260712_200418_666396.mp4,693,23.1,1,power_adapter,0.725586,48.39,170.726,274.688,389.038,161.539,279.882,226.298,218.312
T_20260712_200418_666396.mp4,693,23.1,0,marker,0.62811,251.897,148.753,425.239,402.451,338.568,275.602,173.342,253.698
T_20260712_200418_666396.mp4,694,23.133333,1,power_adapter,0.714726,46.019,168.176,276.165,389.999,161.092,279.088,230.146,221.823
T_20260712_200418_666396.mp4,694,23.133333,0,marker,0.693956,229.985,152.737,424.009,400.471,326.997,276.604,194.024,247.734
T_20260712_200418_666396.mp4,695,23.166667,1,power_adapter,0.671411,47.698,167.284,278.953,392.698,163.325,279.991,231.255,225.414
T_20260712_200418_666396.mp4,695,23.166667,0,marker,0.64193,229.9,159.956,426.861,401.649,328.38,280.803,196.961,241.693
T_20260712_200418_666396.mp4,696,23.2,1,power_adapter,0.594711,53.576,163.766,271.902,385.741,162.739,274.753,218.326,221.974
T_20260712_200418_666396.mp4,696,23.2,0,marker,0.527951,230.012,160.585,435.772,397.986,332.892,279.286,205.76,237.401
T_20260712_200418_666396.mp4,697,23.233333,1,power_adapter,0.601393,52.915,163.898,272.513,386.19,162.714,275.044,219.599,222.293
T_20260712_200418_666396.mp4,697,23.233333,0,marker,0.430796,230.567,153.59,441.445,398.28,336.006,275.935,210.878,244.689
T_20260712_200418_666396.mp4,698,23.266667,1,power_adapter,0.600915,47.323,166.967,277.639,390.789,162.481,278.878,230.316,223.822
T_20260712_200418_666396.mp4,698,23.266667,0,marker,0.553456,230.15,154.744,445.618,396.252,337.884,275.498,215.468,241.508
T_20260712_200418_666396.mp4,699,23.3,1,power_adapter,0.632126,53.258,162.706,273.617,385.332,163.438,274.019,220.36,222.626
T_20260712_200418_666396.mp4,699,23.3,0,marker,0.58261,231.218,161.654,444.725,396.622,337.971,279.138,213.507,234.969
T_20260712_200418_666396.mp4,700,23.333333,1,power_adapter,0.677942,47.9,165.988,278.379,389.49,163.139,277.739,230.48,223.501
T_20260712_200418_666396.mp4,700,23.333333,0,marker,0.489069,228.271,155.824,446.44,400.311,337.356,278.067,218.169,244.488
T_20260712_200418_666396.mp4,701,23.366667,1,power_adapter,0.68744,47.714,166.875,278.527,389.199,163.12,278.037,230.814,222.324
T_20260712_200418_666396.mp4,701,23.366667,0,marker,0.488276,228.762,156.996,446.665,399.774,337.713,278.385,217.903,242.779
T_20260712_200418_666396.mp4,702,23.4,1,power_adapter,0.672848,48.01,166.82,278.528,389.908,163.269,278.364,230.518,223.088
T_20260712_200418_666396.mp4,702,23.4,0,marker,0.519804,231.031,157.516,448.907,400.78,339.969,279.148,217.876,243.263
T_20260712_200418_666396.mp4,703,23.433333,1,power_adapter,0.640808,47.095,167.038,279.036,390.057,163.066,278.548,231.94,223.019
T_20260712_200418_666396.mp4,703,23.433333,0,marker,0.639305,229.209,160.93,452.644,392.133,340.927,276.532,223.434,231.203
T_20260712_200418_666396.mp4,704,23.466667,0,marker,0.696949,230.316,155.557,457.695,392.633,344.006,274.095,227.379,237.077
T_20260712_200418_666396.mp4,704,23.466667,1,power_adapter,0.62975,44.97,164.554,279.654,390.767,162.312,277.66,234.683,226.213
T_20260712_200418_666396.mp4,705,23.5,0,marker,0.744555,225.249,151.03,453.46,391.777,339.355,271.404,228.211,240.747
T_20260712_200418_666396.mp4,705,23.5,1,power_adapter,0.621453,43.682,163.835,279.103,391.448,161.392,277.642,235.421,227.613
T_20260712_200418_666396.mp4,706,23.533333,0,marker,0.734031,226.389,149.764,451.971,392.284,339.18,271.024,225.582,242.52
T_20260712_200418_666396.mp4,706,23.533333,1,power_adapter,0.649901,42.442,163.759,279.508,391.832,160.975,277.795,237.066,228.073
T_20260712_200418_666396.mp4,707,23.566667,0,marker,0.743872,225.125,146.224,454.94,390.68,340.033,268.452,229.815,244.457
T_20260712_200418_666396.mp4,707,23.566667,1,power_adapter,0.667783,46.634,165.883,278.931,392.154,162.782,279.019,232.296,226.271
T_20260712_200418_666396.mp4,708,23.6,0,marker,0.759528,225.847,145.205,455.14,388.606,340.494,266.906,229.293,243.401
T_20260712_200418_666396.mp4,708,23.6,1,power_adapter,0.64122,46.782,167.257,278.485,389.53,162.633,278.393,231.703,222.273
T_20260712_200418_666396.mp4,709,23.633333,0,marker,0.744899,226.192,143.242,455.792,388.168,340.992,265.705,229.6,244.926
T_20260712_200418_666396.mp4,709,23.633333,1,power_adapter,0.61957,47.392,167.286,278.535,390.697,162.963,278.991,231.143,223.411
T_20260712_200418_666396.mp4,710,23.666667,0,marker,0.732358,229.584,143.957,454.526,388.755,342.055,266.356,224.942,244.798
T_20260712_200418_666396.mp4,710,23.666667,1,power_adapter,0.602946,47.392,167.407,278.297,390.676,162.845,279.042,230.905,223.269
T_20260712_200418_666396.mp4,711,23.7,0,marker,0.709919,229.4,145.317,452.252,390.076,340.826,267.697,222.852,244.759
T_20260712_200418_666396.mp4,711,23.7,1,power_adapter,0.607939,48.214,167.826,277.962,390.491,163.088,279.159,229.748,222.665
T_20260712_200418_666396.mp4,712,23.733333,0,marker,0.695826,229.811,147.913,452.212,390.958,341.012,269.435,222.401,243.045
T_20260712_200418_666396.mp4,712,23.733333,1,power_adapter,0.579296,48.611,167.146,278.881,390.865,163.746,279.005,230.27,223.719
T_20260712_200418_666396.mp4,713,23.766667,0,marker,0.711623,227.294,146.322,452.597,390.339,339.945,268.33,225.303,244.016
T_20260712_200418_666396.mp4,713,23.766667,1,power_adapter,0.604225,48.941,167.435,277.905,389.247,163.423,278.341,228.964,221.812
T_20260712_200418_666396.mp4,714,23.8,0,marker,0.645321,233.339,159.214,446.555,397.601,339.947,278.408,213.216,238.387
T_20260712_200418_666396.mp4,714,23.8,1,power_adapter,0.590484,55.259,166.721,272.87,385.14,164.065,275.931,217.611,218.419
T_20260712_200418_666396.mp4,715,23.833333,0,marker,0.622082,230.83,161.225,444.747,396.408,337.788,278.817,213.917,235.183
T_20260712_200418_666396.mp4,715,23.833333,1,power_adapter,0.589938,55.681,166.972,272.178,384.042,163.929,275.507,216.497,217.07
T_20260712_200418_666396.mp4,716,23.866667,1,power_adapter,0.616366,55.392,167.426,271.565,385.579,163.478,276.503,216.173,218.153
T_20260712_200418_666396.mp4,716,23.866667,0,marker,0.417637,226.698,148.57,445.102,397.217,335.9,272.893,218.404,248.647
T_20260712_200418_666396.mp4,717,23.9,1,power_adapter,0.611146,49.658,168.767,277.912,390.671,163.785,279.719,228.254,221.904
T_20260712_200418_666396.mp4,717,23.9,0,marker,0.291543,225.264,151.792,432.577,393.742,328.92,272.767,207.313,241.949
T_20260712_200418_666396.mp4,718,23.933333,1,power_adapter,0.692249,47.393,168.875,279.206,389.974,163.3,279.424,231.813,221.098
T_20260712_200418_666396.mp4,718,23.933333,0,marker,0.365681,231.49,158.562,440.988,395.975,336.239,277.268,209.498,237.413
T_20260712_200418_666396.mp4,719,23.966667,1,power_adapter,0.750741,48.58,170.303,279.724,388.122,164.152,279.212,231.144,217.819
T_20260712_200418_666396.mp4,719,23.966667,0,marker,0.330929,247.351,159.096,440.777,387.196,344.064,273.146,193.426,228.1
T_20260712_200418_666396.mp4,720,24.0,1,power_adapter,0.828869,48.342,169.85,278.788,385.945,163.565,277.897,230.446,216.094
T_20260712_200418_666396.mp4,720,24.0,0,marker,0.444851,253.125,148.337,449.479,377.736,351.302,263.037,196.354,229.399
T_20260712_200418_666396.mp4,721,24.033333,1,power_adapter,0.844822,47.222,171.767,275.725,384.957,161.473,278.362,228.503,213.19
T_20260712_200418_666396.mp4,721,24.033333,0,marker,0.259362,280.843,144.719,483.102,380.395,381.973,262.557,202.259,235.676
T_20260712_200418_666396.mp4,722,24.066667,1,power_adapter,0.89997,45.912,171.892,274.051,379.101,159.982,275.497,228.139,207.209
T_20260712_200418_666396.mp4,723,24.1,1,power_adapter,0.876634,45.056,172.683,274.809,379.465,159.932,276.074,229.753,206.783
T_20260712_200418_666396.mp4,724,24.133333,1,power_adapter,0.894831,46.855,172.643,274.654,378.495,160.754,275.569,227.799,205.852
T_20260712_200418_666396.mp4,724,24.133333,0,marker,0.497982,495.75,124.194,694.275,357.579,595.013,240.886,198.525,233.386
T_20260712_200418_666396.mp4,725,24.166667,1,power_adapter,0.88367,46.673,173.488,274.514,378.672,160.593,276.08,227.84,205.184
T_20260712_200418_666396.mp4,725,24.166667,0,marker,0.613068,560.343,126.952,756.953,357.793,658.648,242.373,196.61,230.841
T_20260712_200418_666396.mp4,726,24.2,1,power_adapter,0.867682,45.823,172.674,274.975,379.402,160.399,276.038,229.152,206.728
T_20260712_200418_666396.mp4,726,24.2,0,marker,0.326717,630.38,120.591,798.632,354.723,714.506,237.657,168.253,234.132
T_20260712_200418_666396.mp4,727,24.233333,1,power_adapter,0.873816,45.477,172.919,275.361,379.838,160.419,276.379,229.884,206.919
T_20260712_200418_666396.mp4,727,24.233333,0,marker,0.425457,677.378,119.835,815.024,346.376,746.201,233.105,137.646,226.541
T_20260712_200418_666396.mp4,728,24.266667,1,power_adapter,0.869186,45.512,172.752,275.027,379.615,160.27,276.183,229.515,206.862
T_20260712_200418_666396.mp4,728,24.266667,0,marker,0.620891,700.798,127.968,825.51,353.144,763.154,240.556,124.712,225.176
T_20260712_200418_666396.mp4,729,24.3,1,power_adapter,0.89265,47.388,173.291,275.385,378.88,161.386,276.086,227.997,205.589
T_20260712_200418_666396.mp4,729,24.3,0,marker,0.577379,714.1,125.28,834.369,350.708,774.235,237.994,120.269,225.428
T_20260712_200418_666396.mp4,730,24.333333,1,power_adapter,0.893796,47.624,172.888,275.148,378.88,161.386,275.884,227.524,205.993
T_20260712_200418_666396.mp4,730,24.333333,0,marker,0.633823,721.636,131.881,846.416,360.013,784.026,245.947,124.78,228.133
T_20260712_200418_666396.mp4,731,24.366667,1,power_adapter,0.881921,47.888,173.371,275.231,378.719,161.559,276.045,227.343,205.347
T_20260712_200418_666396.mp4,731,24.366667,0,marker,0.696248,720.097,137.987,856.326,360.019,788.212,249.003,136.228,222.033
T_20260712_200418_666396.mp4,732,24.4,1,power_adapter,0.879066,46.097,173.091,274.552,378.893,160.325,275.992,228.455,205.802
T_20260712_200418_666396.mp4,732,24.4,0,marker,0.776837,723.586,140.193,857.675,359.93,790.63,250.061,134.089,219.736
T_20260712_200418_666396.mp4,733,24.433333,1,power_adapter,0.876214,46.403,173.282,275.196,379.62,160.799,276.451,228.792,206.338
T_20260712_200418_666396.mp4,733,24.433333,0,marker,0.803338,725.259,140.977,859.214,361.177,792.237,251.077,133.955,220.201
T_20260712_200418_666396.mp4,734,24.466667,1,power_adapter,0.882481,47.607,172.822,275.212,379.699,161.409,276.26,227.605,206.877
T_20260712_200418_666396.mp4,734,24.466667,0,marker,0.819269,722.882,140.766,866.136,362.714,794.509,251.74,143.254,221.947
T_20260712_200418_666396.mp4,735,24.5,1,power_adapter,0.880919,48.068,171.73,275.717,380.234,161.892,275.982,227.649,208.504
T_20260712_200418_666396.mp4,735,24.5,0,marker,0.859781,714.226,135.307,869.607,362.146,791.916,248.726,155.381,226.839
T_20260712_200418_666396.mp4,736,24.533333,0,marker,0.897522,708.943,139.63,868.975,362.054,788.959,250.842,160.032,222.424
T_20260712_200418_666396.mp4,736,24.533333,1,power_adapter,0.884546,46.858,170.833,275.894,379.995,161.376,275.414,229.036,209.162
T_20260712_200418_666396.mp4,737,24.566667,1,power_adapter,0.89488,46.608,169.758,275.966,379.922,161.287,274.84,229.359,210.163
T_20260712_200418_666396.mp4,737,24.566667,0,marker,0.838111,728.416,135.113,866.041,363.235,797.229,249.174,137.625,228.123
T_20260712_200418_666396.mp4,738,24.6,0,marker,0.888841,709.971,132.912,868.443,356.285,789.207,244.599,158.471,223.373
T_20260712_200418_666396.mp4,738,24.6,1,power_adapter,0.878299,46.886,172.097,275.426,379.75,161.156,275.923,228.54,207.653
T_20260712_200418_666396.mp4,739,24.633333,0,marker,0.882806,726.33,135.973,883.897,354.767,805.114,245.37,157.567,218.794
T_20260712_200418_666396.mp4,739,24.633333,1,power_adapter,0.8743,47.289,172.096,275.592,379.991,161.44,276.043,228.303,207.895
T_20260712_200418_666396.mp4,740,24.666667,0,marker,0.930048,712.827,132.231,881.392,353.581,797.11,242.906,168.564,221.35
T_20260712_200418_666396.mp4,740,24.666667,1,power_adapter,0.881637,46.876,171.503,275.475,380.037,161.175,275.77,228.599,208.534
T_20260712_200418_666396.mp4,741,24.7,0,marker,0.921956,713.051,130.396,882.07,352.925,797.561,241.66,169.019,222.529
T_20260712_200418_666396.mp4,741,24.7,1,power_adapter,0.893541,46.275,171.131,275.16,379.434,160.717,275.283,228.886,208.303
T_20260712_200418_666396.mp4,742,24.733333,0,marker,0.915997,711.085,129.545,886.059,353.685,798.572,241.615,174.974,224.14
T_20260712_200418_666396.mp4,742,24.733333,1,power_adapter,0.886341,46.129,171.754,274.924,380.167,160.527,275.96,228.795,208.413
T_20260712_200418_666396.mp4,743,24.766667,0,marker,0.914763,701.712,130.496,883.498,351.673,792.605,241.085,181.786,221.178
T_20260712_200418_666396.mp4,743,24.766667,1,power_adapter,0.862892,45.567,169.64,275.475,380.273,160.521,274.956,229.908,210.633
T_20260712_200418_666396.mp4,744,24.8,0,marker,0.928735,701.272,132.21,872.016,350.609,786.644,241.409,170.745,218.399
T_20260712_200418_666396.mp4,744,24.8,1,power_adapter,0.853849,47.982,169.738,278.649,382.126,163.316,275.932,230.666,212.388
T_20260712_200418_666396.mp4,745,24.833333,0,marker,0.924745,702.464,132.543,879.315,351.99,790.89,242.266,176.851,219.447
T_20260712_200418_666396.mp4,745,24.833333,1,power_adapter,0.861481,42.03,173.651,286.082,381.976,164.056,277.814,244.052,208.325
T_20260712_200418_666396.mp4,746,24.866667,1,power_adapter,0.936778,38.33,174.821,268.144,383.359,153.237,279.09,229.814,208.539
T_20260712_200418_666396.mp4,746,24.866667,0,marker,0.924237,703.917,130.112,884.842,352.294,794.379,241.203,180.925,222.182
T_20260712_200418_666396.mp4,747,24.9,0,marker,0.925259,702.588,129.241,885.738,358.456,794.163,243.849,183.15,229.215
T_20260712_200418_666396.mp4,747,24.9,1,power_adapter,0.889003,35.853,164.545,272.007,389.878,153.93,277.212,236.154,225.333
T_20260712_200418_666396.mp4,748,24.933333,0,marker,0.927902,698.673,128.981,887.307,359.87,792.99,244.426,188.634,230.89
T_20260712_200418_666396.mp4,748,24.933333,1,power_adapter,0.603403,32.542,148.589,283.622,393.134,158.082,270.862,251.08,244.546
T_20260712_200418_666396.mp4,749,24.966667,0,marker,0.923955,702.534,130.797,888.149,358.503,795.341,244.65,185.614,227.706
T_20260712_200418_666396.mp4,749,24.966667,1,power_adapter,0.800157,30.604,175.328,270.595,394.522,150.6,284.925,239.991,219.194
T_20260712_200418_666396.mp4,750,25.0,0,marker,0.927822,703.81,131.913,889.698,358.681,796.754,245.297,185.888,226.768
T_20260712_200418_666396.mp4,750,25.0,1,power_adapter,0.865588,30.952,180.833,269.068,392.632,150.01,286.733,238.116,211.8
T_20260712_200418_666396.mp4,751,25.033333,0,marker,0.928521,704.997,131.213,890.865,358.921,797.931,245.067,185.868,227.708
T_20260712_200418_666396.mp4,751,25.033333,1,power_adapter,0.896118,26.33,176.482,243.078,385.749,134.704,281.116,216.747,209.266
T_20260712_200418_666396.mp4,752,25.066667,0,marker,0.927792,704.805,131.058,890.731,359.877,797.768,245.468,185.926,228.818
T_20260712_200418_666396.mp4,752,25.066667,1,power_adapter,0.923006,33.206,178.973,247.874,386.248,140.54,282.61,214.668,207.275
T_20260712_200418_666396.mp4,753,25.1,1,power_adapter,0.937385,40.225,176.679,249.464,388.938,144.845,282.809,209.239,212.26
T_20260712_200418_666396.mp4,753,25.1,0,marker,0.920602,707.164,130.769,893.784,359.085,800.474,244.927,186.62,228.316
T_20260712_200418_666396.mp4,754,25.133333,1,power_adapter,0.932306,42.054,176.56,264.612,386.657,153.333,281.609,222.558,210.098
T_20260712_200418_666396.mp4,754,25.133333,0,marker,0.92309,702.606,129.992,893.13,358.357,797.868,244.174,190.523,228.365
T_20260712_200418_666396.mp4,755,25.166667,1,power_adapter,0.936982,46.89,172.558,252.578,379.175,149.734,275.867,205.688,206.617
T_20260712_200418_666396.mp4,755,25.166667,0,marker,0.922943,703.924,130.396,893.972,358.384,798.948,244.39,190.048,227.988
T_20260712_200418_666396.mp4,756,25.2,0,marker,0.925617,704.645,131.781,891.465,357.79,798.055,244.785,186.82,226.009
T_20260712_200418_666396.mp4,756,25.2,1,power_adapter,0.841061,49.747,168.637,252.979,371.177,151.363,269.907,203.231,202.54
T_20260712_200418_666396.mp4,757,25.233333,0,marker,0.928175,702.704,132.052,888.461,358.283,795.583,245.167,185.757,226.231
T_20260712_200418_666396.mp4,757,25.233333,1,power_adapter,0.739184,56.013,157.859,246.369,354.471,151.191,256.165,190.356,196.612
T_20260712_200418_666396.mp4,758,25.266667,0,marker,0.918102,702.929,131.412,882.944,351.617,792.936,241.515,180.016,220.206
T_20260712_200418_666396.mp4,758,25.266667,1,power_adapter,0.538737,75.926,137.551,269.44,334.078,172.683,235.815,193.515,196.527
T_20260712_200418_666396.mp4,759,25.3,0,marker,0.928514,705.171,133.147,877.892,352.164,791.531,242.655,172.721,219.017
T_20260712_200418_666396.mp4,759,25.3,1,power_adapter,0.700184,97.908,108.757,302.023,326.74,199.966,217.748,204.115,217.983
T_20260712_200418_666396.mp4,760,25.333333,0,marker,0.929604,704.419,130.103,875.378,351.342,789.898,240.722,170.959,221.239
T_20260712_200418_666396.mp4,760,25.333333,1,power_adapter,0.407633,143.243,107.556,337.719,297.472,240.481,202.514,194.476,189.916
T_20260712_200418_666396.mp4,761,25.366667,0,marker,0.926025,702.082,127.896,877.016,352.175,789.549,240.036,174.934,224.279
T_20260712_200418_666396.mp4,761,25.366667,1,power_adapter,0.537529,194.839,97.303,393.71,287.241,294.274,192.272,198.87,189.938
T_20260712_200418_666396.mp4,762,25.4,0,marker,0.92642,699.785,128.937,877.335,352.07,788.56,240.504,177.55,223.133
T_20260712_200418_666396.mp4,762,25.4,1,power_adapter,0.328186,253.752,95.382,461.298,294.496,357.525,194.939,207.546,199.114
T_20260712_200418_666396.mp4,763,25.433333,0,marker,0.92499,698.986,129.294,885.615,351.007,792.301,240.151,186.629,221.714
T_20260712_200418_666396.mp4,764,25.466667,0,marker,0.928687,710.424,130.486,881.805,349.058,796.114,239.772,171.381,218.572
T_20260712_200418_666396.mp4,764,25.466667,1,power_adapter,0.580756,362.929,112.985,571.009,303.461,466.969,208.223,208.079,190.476
T_20260712_200418_666396.mp4,765,25.5,0,marker,0.927199,712.219,129.651,883.978,350.022,798.099,239.837,171.758,220.371
T_20260712_200418_666396.mp4,765,25.5,1,power_adapter,0.788396,430.084,127.5,627.488,308.81,528.786,218.155,197.404,181.31
T_20260712_200418_666396.mp4,766,25.533333,1,power_adapter,0.927893,475.571,136.84,662.337,318.028,568.954,227.434,186.765,181.188
T_20260712_200418_666396.mp4,766,25.533333,0,marker,0.899206,723.649,133.261,887.604,352.089,805.627,242.675,163.955,218.828
T_20260712_200418_666396.mp4,767,25.566667,1,power_adapter,0.953143,497.705,150.4,677.346,317.909,587.525,234.155,179.641,167.509
T_20260712_200418_666396.mp4,767,25.566667,0,marker,0.872918,729.14,133.163,884.426,352.544,806.783,242.853,155.287,219.382
T_20260712_200418_666396.mp4,768,25.6,1,power_adapter,0.946427,501.118,151.504,687.556,325.563,594.337,238.534,186.438,174.059
T_20260712_200418_666396.mp4,768,25.6,0,marker,0.874197,733.055,135.126,882.495,352.542,807.775,243.834,149.44,217.416
T_20260712_200418_666396.mp4,769,25.633333,1,power_adapter,0.944643,500.622,147.688,687.948,323.373,594.285,235.531,187.326,175.684
T_20260712_200418_666396.mp4,769,25.633333,0,marker,0.890037,734.528,136.761,881.825,352.381,808.176,244.571,147.298,215.62
T_20260712_200418_666396.mp4,770,25.666667,1,power_adapter,0.951553,499.746,145.806,689.552,322.429,594.649,234.117,189.805,176.623
T_20260712_200418_666396.mp4,770,25.666667,0,marker,0.885042,734.45,136.54,881.114,352.316,807.782,244.428,146.664,215.776
T_20260712_200418_666396.mp4,771,25.7,1,power_adapter,0.955085,499.345,146.276,690.895,323.807,595.12,235.042,191.55,177.531
T_20260712_200418_666396.mp4,771,25.7,0,marker,0.879214,732.962,135.833,884.275,353.113,808.619,244.473,151.312,217.281
T_20260712_200418_666396.mp4,772,25.733333,1,power_adapter,0.955787,499.114,143.037,689.038,324.912,594.076,233.975,189.924,181.875
T_20260712_200418_666396.mp4,772,25.733333,0,marker,0.872072,733.14,134.842,886.133,353.507,809.637,244.175,152.993,218.666
T_20260712_200418_666396.mp4,773,25.766667,1,power_adapter,0.964016,500.816,142.308,693.511,324.2,597.164,233.254,192.695,181.893
T_20260712_200418_666396.mp4,773,25.766667,0,marker,0.86306,717.176,130.956,886.307,350.824,801.742,240.89,169.132,219.868
T_20260712_200418_666396.mp4,774,25.8,1,power_adapter,0.95743,498.324,137.01,688.905,324.638,593.614,230.824,190.581,187.628
T_20260712_200418_666396.mp4,774,25.8,0,marker,0.829312,725.011,130.411,889.269,353.135,807.14,241.773,164.258,222.724
T_20260712_200418_666396.mp4,775,25.833333,1,power_adapter,0.967934,497.518,136.622,689.061,322.959,593.29,229.79,191.543,186.338
T_20260712_200418_666396.mp4,775,25.833333,0,marker,0.835268,722.118,129.669,896.929,353.87,809.523,241.77,174.811,224.201
T_20260712_200418_666396.mp4,776,25.866667,1,power_adapter,0.970286,498.958,132.535,689.249,323.124,594.103,227.829,190.291,190.589
T_20260712_200418_666396.mp4,776,25.866667,0,marker,0.826981,722.921,127.749,902.023,352.788,812.472,240.269,179.102,225.039
T_20260712_200418_666396.mp4,777,25.9,1,power_adapter,0.964724,498.321,129.914,688.57,324.907,593.446,227.411,190.249,194.992
T_20260712_200418_666396.mp4,777,25.9,0,marker,0.827033,724.363,126.696,911.405,353.581,817.884,240.138,187.042,226.885
T_20260712_200418_666396.mp4,778,25.933333,1,power_adapter,0.968489,498.454,131.147,687.284,324.95,592.869,228.049,188.83,193.803
T_20260712_200418_666396.mp4,778,25.933333,0,marker,0.841563,724.452,129.628,911.297,352.274,817.875,240.951,186.845,222.646
T_20260712_200418_666396.mp4,779,25.966667,1,power_adapter,0.96218,499.078,131.995,685.915,324.522,592.496,228.259,186.837,192.527
T_20260712_200418_666396.mp4,779,25.966667,0,marker,0.84237,727.893,133.675,896.605,352.287,812.249,242.981,168.712,218.612
T_20260712_200418_666396.mp4,780,26.0,1,power_adapter,0.970396,498.795,128.376,689.435,324.33,594.115,226.353,190.64,195.954
T_20260712_200418_666396.mp4,780,26.0,0,marker,0.840798,724.078,131.756,905.408,352.831,814.743,242.293,181.33,221.076
T_20260712_200418_666396.mp4,781,26.033333,1,power_adapter,0.970427,498.79,128.842,688.936,324.389,593.863,226.616,190.146,195.547
T_20260712_200418_666396.mp4,781,26.033333,0,marker,0.846639,728.631,133.148,904.391,353.61,816.511,243.379,175.761,220.462
T_20260712_200418_666396.mp4,782,26.066667,1,power_adapter,0.970111,498.712,129.19,688.742,324.89,593.727,227.04,190.03,195.7
T_20260712_200418_666396.mp4,782,26.066667,0,marker,0.844102,728.711,133.117,904.123,353.613,816.417,243.365,175.412,220.495
