image_filename,source_video,trial_id,source_frame_number,source_time_seconds,source_video_fps,frame_width,frame_height,read_success,resolution_ok,blur_score,is_blurry,mean_brightness,is_too_dark,is_too_bright,contrast_score,is_low_contrast,is_exact_duplicate,duplicate_of,quality_warning_count,near_duplicate_pair_count,highest_local_similarity,most_similar_image,near_duplicate_warning,automatic_warning_count,automatic_recommendation,human_decision,human_notes
T_20260712_195606_753667_frame_000000.jpg,T_20260712_195606_753667.mp4,T_20260712_195606_753667,0,0.0,30.0,1280,720,True,True,104.74,False,106.947,False,False,62.203,False,False,,0,3,0.98711,T_20260712_195606_753667_frame_000090.jpg,True,1,REVIEW,KEEP,
T_20260712_195606_753667_frame_000030.jpg,T_20260712_195606_753667.mp4,T_20260712_195606_753667,30,1.0,30.0,1280,720,True,True,110.861,False,108.981,False,False,63.506,False,False,,0,4,0.992349,T_20260712_195606_753667_frame_000060.jpg,True,1,REVIEW,KEEP,
T_20260712_195606_753667_frame_000060.jpg,T_20260712_195606_753667.mp4,T_20260712_195606_753667,60,2.0,30.0,1280,720,True,True,112.368,False,108.907,False,False,63.489,False,False,,0,4,0.992349,T_20260712_195606_753667_frame_000030.jpg,True,1,REVIEW,KEEP,
T_20260712_195606_753667_frame_000090.jpg,T_20260712_195606_753667.mp4,T_20260712_195606_753667,90,3.0,30.0,1280,720,True,True,107.764,False,107.335,False,False,62.12,False,False,,0,5,0.987924,T_20260712_195606_753667_frame_000120.jpg,True,1,REVIEW,KEEP,
T_20260712_195606_753667_frame_000120.jpg,T_20260712_195606_753667.mp4,T_20260712_195606_753667,120,4.0,30.0,1280,720,True,True,105.153,False,105.416,False,False,61.17,False,False,,0,4,0.990449,T_20260712_195606_753667_frame_000180.jpg,True,1,REVIEW,REJECT,
T_20260712_195606_753667_frame_000150.jpg,T_20260712_195606_753667.mp4,T_20260712_195606_753667,150,5.0,30.0,1280,720,True,True,4.76,True,106.927,False,False,59.289,False,False,,1,0,0.896874,T_20260712_195606_753667_frame_000180.jpg,False,1,REVIEW,REJECT,
T_20260712_195606_753667_frame_000180.jpg,T_20260712_195606_753667.mp4,T_20260712_195606_753667,180,6.0,30.0,1280,720,True,True,105.838,False,105.321,False,False,60.856,False,False,,0,2,0.990449,T_20260712_195606_753667_frame_000120.jpg,True,1,REVIEW,KEEP,
T_20260712_195649_403972_frame_000000.jpg,T_20260712_195649_403972.mp4,T_20260712_195649_403972,0,0.0,30.0,1280,720,True,True,103.234,False,105.191,False,False,60.83,False,False,,0,0,0.923185,T_20260712_195649_403972_frame_000030.jpg,False,0,NO_WARNING,REJECT,
T_20260712_195649_403972_frame_000030.jpg,T_20260712_195649_403972.mp4,T_20260712_195649_403972,30,1.0,30.0,1280,720,True,True,115.705,False,109.497,False,False,63.611,False,False,,0,0,0.931782,T_20260712_195649_403972_frame_000060.jpg,False,0,NO_WARNING,KEEP,
T_20260712_195649_403972_frame_000060.jpg,T_20260712_195649_403972.mp4,T_20260712_195649_403972,60,2.0,30.0,1280,720,True,True,121.475,False,108.111,False,False,64.178,False,False,,0,0,0.931782,T_20260712_195649_403972_frame_000030.jpg,False,0,NO_WARNING,REJECT,
T_20260712_195649_403972_frame_000090.jpg,T_20260712_195649_403972.mp4,T_20260712_195649_403972,90,3.0,30.0,1280,720,True,True,126.382,False,110.605,False,False,64.002,False,False,,0,3,0.987639,T_20260712_195649_403972_frame_000120.jpg,True,1,REVIEW,KEEP,
T_20260712_195649_403972_frame_000120.jpg,T_20260712_195649_403972.mp4,T_20260712_195649_403972,120,4.0,30.0,1280,720,True,True,125.212,False,108.86,False,False,63.251,False,False,,0,4,0.987639,T_20260712_195649_403972_frame_000090.jpg,True,1,REVIEW,KEEP,
T_20260712_195649_403972_frame_000150.jpg,T_20260712_195649_403972.mp4,T_20260712_195649_403972,150,5.0,30.0,1280,720,True,True,114.236,False,105.066,False,False,60.878,False,False,,0,4,0.990276,T_20260712_195649_403972_frame_000210.jpg,True,1,REVIEW,KEEP,
T_20260712_195649_403972_frame_000180.jpg,T_20260712_195649_403972.mp4,T_20260712_195649_403972,180,6.0,30.0,1280,720,True,True,115.488,False,105.641,False,False,61.077,False,False,,0,4,0.992078,T_20260712_195649_403972_frame_000210.jpg,True,1,REVIEW,REJECT,
T_20260712_195649_403972_frame_000210.jpg,T_20260712_195649_403972.mp4,T_20260712_195649_403972,210,7.0,30.0,1280,720,True,True,113.749,False,105.48,False,False,60.995,False,False,,0,3,0.992078,T_20260712_195649_403972_frame_000180.jpg,True,1,REVIEW,REJECT,
T_20260712_195728_922976_frame_000000.jpg,T_20260712_195728_922976.mp4,T_20260712_195728_922976,0,0.0,30.0,1280,720,True,True,113.045,False,105.534,False,False,61.107,False,False,,0,0,0.792632,T_20260712_195728_922976_frame_000090.jpg,False,0,NO_WARNING,KEEP,
T_20260712_195728_922976_frame_000030.jpg,T_20260712_195728_922976.mp4,T_20260712_195728_922976,30,1.0,30.0,1280,720,True,True,144.5,False,115.985,False,False,66.747,False,False,,0,3,0.989745,T_20260712_195728_922976_frame_000060.jpg,True,1,REVIEW,KEEP,
T_20260712_195728_922976_frame_000060.jpg,T_20260712_195728_922976.mp4,T_20260712_195728_922976,60,2.0,30.0,1280,720,True,True,148.03,False,117.546,False,False,67.345,False,False,,0,4,0.989745,T_20260712_195728_922976_frame_000030.jpg,True,1,REVIEW,KEEP,
T_20260712_195728_922976_frame_000090.jpg,T_20260712_195728_922976.mp4,T_20260712_195728_922976,90,3.0,30.0,1280,720,True,True,144.394,False,114.838,False,False,65.675,False,False,,0,5,0.985697,T_20260712_195728_922976_frame_000030.jpg,True,1,REVIEW,KEEP,
T_20260712_195728_922976_frame_000120.jpg,T_20260712_195728_922976.mp4,T_20260712_195728_922976,120,4.0,30.0,1280,720,True,True,130.198,False,109.14,False,False,62.997,False,False,,0,5,0.991771,T_20260712_195728_922976_frame_000180.jpg,True,1,REVIEW,REJECT,
T_20260712_195728_922976_frame_000150.jpg,T_20260712_195728_922976.mp4,T_20260712_195728_922976,150,5.0,30.0,1280,720,True,True,131.52,False,109.884,False,False,63.16,False,False,,0,4,0.992432,T_20260712_195728_922976_frame_000180.jpg,True,1,REVIEW,REJECT,
T_20260712_195728_922976_frame_000180.jpg,T_20260712_195728_922976.mp4,T_20260712_195728_922976,180,6.0,30.0,1280,720,True,True,132.13,False,110.05,False,False,63.144,False,False,,0,3,0.992432,T_20260712_195728_922976_frame_000150.jpg,True,1,REVIEW,REJECT,
T_20260712_195753_424095_frame_000000.jpg,T_20260712_195753_424095.mp4,T_20260712_195753_424095,0,0.0,30.0,1280,720,True,True,127.618,False,108.588,False,False,62.675,False,False,,0,0,0.885808,T_20260712_195753_424095_frame_000030.jpg,False,0,NO_WARNING,KEEP,
T_20260712_195753_424095_frame_000030.jpg,T_20260712_195753_424095.mp4,T_20260712_195753_424095,30,1.0,30.0,1280,720,True,True,149.378,False,116.296,False,False,66.492,False,False,,0,3,0.988274,T_20260712_195753_424095_frame_000090.jpg,True,1,REVIEW,KEEP,
T_20260712_195753_424095_frame_000060.jpg,T_20260712_195753_424095.mp4,T_20260712_195753_424095,60,2.0,30.0,1280,720,True,True,144.658,False,114.339,False,False,66.343,False,False,,0,4,0.986765,T_20260712_195753_424095_frame_000090.jpg,True,1,REVIEW,KEEP,
T_20260712_195753_424095_frame_000090.jpg,T_20260712_195753_424095.mp4,T_20260712_195753_424095,90,3.0,30.0,1280,720,True,True,147.013,False,115.101,False,False,66.348,False,False,,0,4,0.988274,T_20260712_195753_424095_frame_000030.jpg,True,1,REVIEW,KEEP,
T_20260712_195753_424095_frame_000120.jpg,T_20260712_195753_424095.mp4,T_20260712_195753_424095,120,4.0,30.0,1280,720,True,True,142.792,False,113.866,False,False,65.581,False,False,,0,4,0.989329,T_20260712_195753_424095_frame_000150.jpg,True,1,REVIEW,KEEP,
T_20260712_195753_424095_frame_000150.jpg,T_20260712_195753_424095.mp4,T_20260712_195753_424095,150,5.0,30.0,1280,720,True,True,140.2,False,112.401,False,False,64.702,False,False,,0,3,0.989329,T_20260712_195753_424095_frame_000120.jpg,True,1,REVIEW,REJECT,
T_20260712_195837_322396_frame_000000.jpg,T_20260712_195837_322396.mp4,T_20260712_195837_322396,0,0.0,30.0,1280,720,True,True,135.514,False,110.946,False,False,63.931,False,False,,0,0,0.810032,T_20260712_195837_322396_frame_000090.jpg,False,0,NO_WARNING,KEEP,
T_20260712_195837_322396_frame_000030.jpg,T_20260712_195837_322396.mp4,T_20260712_195837_322396,30,1.0,30.0,1280,720,True,True,143.072,False,113.236,False,False,67.027,False,False,,0,0,0.900672,T_20260712_195837_322396_frame_000060.jpg,False,0,NO_WARNING,KEEP,
T_20260712_195837_322396_frame_000060.jpg,T_20260712_195837_322396.mp4,T_20260712_195837_322396,60,2.0,30.0,1280,720,True,True,147.833,False,114.993,False,False,67.672,False,False,,0,0,0.921309,T_20260712_195837_322396_frame_000120.jpg,False,0,NO_WARNING,KEEP,
T_20260712_195837_322396_frame_000090.jpg,T_20260712_195837_322396.mp4,T_20260712_195837_322396,90,3.0,30.0,1280,720,True,True,142.178,False,112.951,False,False,66.477,False,False,,0,0,0.906396,T_20260712_195837_322396_frame_000180.jpg,False,0,NO_WARNING,KEEP,
T_20260712_195837_322396_frame_000120.jpg,T_20260712_195837_322396.mp4,T_20260712_195837_322396,120,4.0,30.0,1280,720,True,True,144.1,False,113.092,False,False,66.984,False,False,,0,0,0.921309,T_20260712_195837_322396_frame_000060.jpg,False,0,NO_WARNING,KEEP,
T_20260712_195837_322396_frame_000150.jpg,T_20260712_195837_322396.mp4,T_20260712_195837_322396,150,5.0,30.0,1280,720,True,True,138.92,False,109.272,False,False,64.495,False,False,,0,0,0.914588,T_20260712_195837_322396_frame_000210.jpg,False,0,NO_WARNING,REJECT,
T_20260712_195837_322396_frame_000180.jpg,T_20260712_195837_322396.mp4,T_20260712_195837_322396,180,6.0,30.0,1280,720,True,True,132.524,False,105.107,False,False,62.595,False,False,,0,0,0.906396,T_20260712_195837_322396_frame_000090.jpg,False,0,NO_WARNING,KEEP,
T_20260712_195837_322396_frame_000210.jpg,T_20260712_195837_322396.mp4,T_20260712_195837_322396,210,7.0,30.0,1280,720,True,True,153.067,False,109.146,False,False,63.986,False,False,,0,0,0.925043,T_20260712_195837_322396_frame_000270.jpg,False,0,NO_WARNING,REJECT,
T_20260712_195837_322396_frame_000240.jpg,T_20260712_195837_322396.mp4,T_20260712_195837_322396,240,8.0,30.0,1280,720,True,True,152.937,False,109.38,False,False,65.885,False,False,,0,1,0.961539,T_20260712_195837_322396_frame_000270.jpg,True,1,REVIEW,REJECT,
T_20260712_195837_322396_frame_000270.jpg,T_20260712_195837_322396.mp4,T_20260712_195837_322396,270,9.0,30.0,1280,720,True,True,154.574,False,111.435,False,False,66.157,False,False,,0,1,0.961539,T_20260712_195837_322396_frame_000240.jpg,True,1,REVIEW,REJECT,
T_20260712_195933_076767_frame_000000.jpg,T_20260712_195933_076767.mp4,T_20260712_195933_076767,0,0.0,30.0,1280,720,True,True,142.674,False,110.36,False,False,63.734,False,False,,0,0,0.8926,T_20260712_195933_076767_frame_000060.jpg,False,0,NO_WARNING,KEEP,
T_20260712_195933_076767_frame_000030.jpg,T_20260712_195933_076767.mp4,T_20260712_195933_076767,30,1.0,30.0,1280,720,True,True,164.158,False,122.686,False,False,70.03,False,False,,0,3,0.977401,T_20260712_195933_076767_frame_000120.jpg,True,1,REVIEW,KEEP,
T_20260712_195933_076767_frame_000060.jpg,T_20260712_195933_076767.mp4,T_20260712_195933_076767,60,2.0,30.0,1280,720,True,True,151.005,False,115.771,False,False,66.357,False,False,,0,4,0.990243,T_20260712_195933_076767_frame_000090.jpg,True,1,REVIEW,KEEP,
T_20260712_195933_076767_frame_000090.jpg,T_20260712_195933_076767.mp4,T_20260712_195933_076767,90,3.0,30.0,1280,720,True,True,151.919,False,116.735,False,False,66.778,False,False,,0,4,0.990243,T_20260712_195933_076767_frame_000060.jpg,True,1,REVIEW,KEEP,
T_20260712_195933_076767_frame_000120.jpg,T_20260712_195933_076767.mp4,T_20260712_195933_076767,120,4.0,30.0,1280,720,True,True,155.508,False,118.052,False,False,67.398,False,False,,0,4,0.992861,T_20260712_195933_076767_frame_000150.jpg,True,1,REVIEW,KEEP,
T_20260712_195933_076767_frame_000150.jpg,T_20260712_195933_076767.mp4,T_20260712_195933_076767,150,5.0,30.0,1280,720,True,True,154.016,False,118.121,False,False,67.486,False,False,,0,3,0.992861,T_20260712_195933_076767_frame_000120.jpg,True,1,REVIEW,REJECT,
T_20260712_200002_161235_frame_000000.jpg,T_20260712_200002_161235.mp4,T_20260712_200002_161235,0,0.0,30.0,1280,720,True,True,151.629,False,117.122,False,False,67.142,False,False,,0,0,0.795999,T_20260712_200002_161235_frame_000090.jpg,False,0,NO_WARNING,KEEP,
T_20260712_200002_161235_frame_000030.jpg,T_20260712_200002_161235.mp4,T_20260712_200002_161235,30,1.0,30.0,1280,720,True,True,174.563,False,126.708,False,False,72.475,False,False,,0,3,0.987084,T_20260712_200002_161235_frame_000060.jpg,True,1,REVIEW,KEEP,
T_20260712_200002_161235_frame_000060.jpg,T_20260712_200002_161235.mp4,T_20260712_200002_161235,60,2.0,30.0,1280,720,True,True,176.757,False,125.344,False,False,71.664,False,False,,0,4,0.987084,T_20260712_200002_161235_frame_000030.jpg,True,1,REVIEW,KEEP,
T_20260712_200002_161235_frame_000090.jpg,T_20260712_200002_161235.mp4,T_20260712_200002_161235,90,3.0,30.0,1280,720,True,True,170.739,False,122.469,False,False,70.464,False,False,,0,5,0.990914,T_20260712_200002_161235_frame_000120.jpg,True,1,REVIEW,KEEP,
T_20260712_200002_161235_frame_000120.jpg,T_20260712_200002_161235.mp4,T_20260712_200002_161235,120,4.0,30.0,1280,720,True,True,170.693,False,122.739,False,False,70.539,False,False,,0,5,0.990914,T_20260712_200002_161235_frame_000090.jpg,True,1,REVIEW,REJECT,
T_20260712_200002_161235_frame_000150.jpg,T_20260712_200002_161235.mp4,T_20260712_200002_161235,150,5.0,30.0,1280,720,True,True,166.043,False,119.212,False,False,68.24,False,False,,0,4,0.989716,T_20260712_200002_161235_frame_000180.jpg,True,1,REVIEW,KEEP,
T_20260712_200002_161235_frame_000180.jpg,T_20260712_200002_161235.mp4,T_20260712_200002_161235,180,6.0,30.0,1280,720,True,True,161.525,False,118.149,False,False,67.579,False,False,,0,3,0.989716,T_20260712_200002_161235_frame_000150.jpg,True,1,REVIEW,REJECT,
T_20260712_200033_240601_frame_000000.jpg,T_20260712_200033_240601.mp4,T_20260712_200033_240601,0,0.0,30.0,1280,720,True,True,159.7,False,117.78,False,False,67.5,False,False,,0,0,0.844992,T_20260712_200033_240601_frame_000090.jpg,False,0,NO_WARNING,KEEP,
T_20260712_200033_240601_frame_000030.jpg,T_20260712_200033_240601.mp4,T_20260712_200033_240601,30,1.0,30.0,1280,720,True,True,163.056,False,124.748,False,False,71.767,False,False,,0,3,0.987889,T_20260712_200033_240601_frame_000060.jpg,True,1,REVIEW,KEEP,
T_20260712_200033_240601_frame_000060.jpg,T_20260712_200033_240601.mp4,T_20260712_200033_240601,60,2.0,30.0,1280,720,True,True,162.903,False,123.646,False,False,71.124,False,False,,0,4,0.987889,T_20260712_200033_240601_frame_000030.jpg,True,1,REVIEW,KEEP,
T_20260712_200033_240601_frame_000090.jpg,T_20260712_200033_240601.mp4,T_20260712_200033_240601,90,3.0,30.0,1280,720,True,True,151.017,False,118.122,False,False,67.951,False,False,,0,4,0.992154,T_20260712_200033_240601_frame_000150.jpg,True,1,REVIEW,KEEP,
T_20260712_200033_240601_frame_000120.jpg,T_20260712_200033_240601.mp4,T_20260712_200033_240601,120,4.0,30.0,1280,720,True,True,148.814,False,117.39,False,False,67.732,False,False,,0,4,0.991769,T_20260712_200033_240601_frame_000150.jpg,True,1,REVIEW,KEEP,
T_20260712_200033_240601_frame_000150.jpg,T_20260712_200033_240601.mp4,T_20260712_200033_240601,150,5.0,30.0,1280,720,True,True,150.439,False,117.916,False,False,67.952,False,False,,0,3,0.992154,T_20260712_200033_240601_frame_000090.jpg,True,1,REVIEW,KEEP,
T_20260712_200051_593408_frame_000000.jpg,T_20260712_200051_593408.mp4,T_20260712_200051_593408,0,0.0,30.0,1280,720,True,True,147.949,False,117.834,False,False,67.853,False,False,,0,0,0.837502,T_20260712_200051_593408_frame_000060.jpg,False,0,NO_WARNING,KEEP,
T_20260712_200051_593408_frame_000030.jpg,T_20260712_200051_593408.mp4,T_20260712_200051_593408,30,1.0,30.0,1280,720,True,True,157.073,False,119.061,False,False,69.919,False,False,,0,0,0.911433,T_20260712_200051_593408_frame_000060.jpg,False,0,NO_WARNING,KEEP,
T_20260712_200051_593408_frame_000060.jpg,T_20260712_200051_593408.mp4,T_20260712_200051_593408,60,2.0,30.0,1280,720,True,True,152.149,False,118.474,False,False,69.413,False,False,,0,0,0.926958,T_20260712_200051_593408_frame_000090.jpg,False,0,NO_WARNING,KEEP,
T_20260712_200051_593408_frame_000090.jpg,T_20260712_200051_593408.mp4,T_20260712_200051_593408,90,3.0,30.0,1280,720,True,True,148.885,False,114.251,False,False,67.84,False,False,,0,0,0.926958,T_20260712_200051_593408_frame_000060.jpg,False,0,NO_WARNING,KEEP,
T_20260712_200051_593408_frame_000120.jpg,T_20260712_200051_593408.mp4,T_20260712_200051_593408,120,4.0,30.0,1280,720,True,True,146.11,False,113.744,False,False,66.844,False,False,,0,0,0.943071,T_20260712_200051_593408_frame_000150.jpg,False,0,NO_WARNING,KEEP,
T_20260712_200051_593408_frame_000150.jpg,T_20260712_200051_593408.mp4,T_20260712_200051_593408,150,5.0,30.0,1280,720,True,True,141.037,False,111.019,False,False,65.613,False,False,,0,0,0.943071,T_20260712_200051_593408_frame_000120.jpg,False,0,NO_WARNING,KEEP,
T_20260712_200051_593408_frame_000180.jpg,T_20260712_200051_593408.mp4,T_20260712_200051_593408,180,6.0,30.0,1280,720,True,True,142.351,False,110.251,False,False,65.403,False,False,,0,0,0.928993,T_20260712_200051_593408_frame_000150.jpg,False,0,NO_WARNING,KEEP,
T_20260712_200051_593408_frame_000210.jpg,T_20260712_200051_593408.mp4,T_20260712_200051_593408,210,7.0,30.0,1280,720,True,True,145.636,False,111.865,False,False,65.696,False,False,,0,0,0.916874,T_20260712_200051_593408_frame_000300.jpg,False,0,NO_WARNING,KEEP,
T_20260712_200051_593408_frame_000240.jpg,T_20260712_200051_593408.mp4,T_20260712_200051_593408,240,8.0,30.0,1280,720,True,True,144.054,False,110.214,False,False,64.418,False,False,,0,0,0.923018,T_20260712_200051_593408_frame_000270.jpg,False,0,NO_WARNING,KEEP,
T_20260712_200051_593408_frame_000270.jpg,T_20260712_200051_593408.mp4,T_20260712_200051_593408,270,9.0,30.0,1280,720,True,True,139.122,False,109.788,False,False,63.991,False,False,,0,0,0.923018,T_20260712_200051_593408_frame_000240.jpg,False,0,NO_WARNING,REJECT,
T_20260712_200051_593408_frame_000300.jpg,T_20260712_200051_593408.mp4,T_20260712_200051_593408,300,10.0,30.0,1280,720,True,True,141.752,False,109.058,False,False,64.187,False,False,,0,0,0.939979,T_20260712_200051_593408_frame_000330.jpg,False,0,NO_WARNING,KEEP,
T_20260712_200051_593408_frame_000330.jpg,T_20260712_200051_593408.mp4,T_20260712_200051_593408,330,11.0,30.0,1280,720,True,True,137.297,False,110.279,False,False,64.503,False,False,,0,0,0.939979,T_20260712_200051_593408_frame_000300.jpg,False,0,NO_WARNING,KEEP,
T_20260712_200134_229147_frame_000000.jpg,T_20260712_200134_229147.mp4,T_20260712_200134_229147,0,0.0,30.0,1280,720,True,True,145.461,False,112.001,False,False,65.321,False,False,,0,0,0.707138,T_20260712_200134_229147_frame_000090.jpg,False,0,NO_WARNING,REJECT,
T_20260712_200134_229147_frame_000030.jpg,T_20260712_200134_229147.mp4,T_20260712_200134_229147,30,1.0,30.0,1280,720,True,True,161.197,False,126.325,False,False,73.093,False,False,,0,3,0.983929,T_20260712_200134_229147_frame_000060.jpg,True,1,REVIEW,KEEP,
T_20260712_200134_229147_frame_000060.jpg,T_20260712_200134_229147.mp4,T_20260712_200134_229147,60,2.0,30.0,1280,720,True,True,157.415,False,124.973,False,False,72.024,False,False,,0,4,0.984967,T_20260712_200134_229147_frame_000150.jpg,True,1,REVIEW,KEEP,
T_20260712_200134_229147_frame_000090.jpg,T_20260712_200134_229147.mp4,T_20260712_200134_229147,90,3.0,30.0,1280,720,True,True,152.063,False,120.551,False,False,69.564,False,False,,0,5,0.991691,T_20260712_200134_229147_frame_000180.jpg,True,1,REVIEW,KEEP,
T_20260712_200134_229147_frame_000120.jpg,T_20260712_200134_229147.mp4,T_20260712_200134_229147,120,4.0,30.0,1280,720,True,True,149.656,False,119.628,False,False,69.296,False,False,,0,5,0.991464,T_20260712_200134_229147_frame_000180.jpg,True,1,REVIEW,KEEP,
T_20260712_200134_229147_frame_000150.jpg,T_20260712_200134_229147.mp4,T_20260712_200134_229147,150,5.0,30.0,1280,720,True,True,154.065,False,121.681,False,False,70.062,False,False,,0,4,0.991353,T_20260712_200134_229147_frame_000180.jpg,True,1,REVIEW,KEEP,
T_20260712_200134_229147_frame_000180.jpg,T_20260712_200134_229147.mp4,T_20260712_200134_229147,180,6.0,30.0,1280,720,True,True,152.233,False,120.789,False,False,69.688,False,False,,0,3,0.991691,T_20260712_200134_229147_frame_000090.jpg,True,1,REVIEW,KEEP,
T_20260712_200203_900296_frame_000000.jpg,T_20260712_200203_900296.mp4,T_20260712_200203_900296,0,0.0,30.0,1280,720,True,True,147.164,False,118.889,False,False,69.08,False,False,,0,0,0.800262,T_20260712_200203_900296_frame_000090.jpg,False,0,NO_WARNING,KEEP,
T_20260712_200203_900296_frame_000030.jpg,T_20260712_200203_900296.mp4,T_20260712_200203_900296,30,1.0,30.0,1280,720,True,True,138.815,False,113.047,False,False,66.498,False,False,,0,3,0.982967,T_20260712_200203_900296_frame_000060.jpg,True,1,REVIEW,KEEP,
T_20260712_200203_900296_frame_000060.jpg,T_20260712_200203_900296.mp4,T_20260712_200203_900296,60,2.0,30.0,1280,720,True,True,135.371,False,110.363,False,False,65.016,False,False,,0,4,0.982967,T_20260712_200203_900296_frame_000030.jpg,True,1,REVIEW,KEEP,
T_20260712_200203_900296_frame_000090.jpg,T_20260712_200203_900296.mp4,T_20260712_200203_900296,90,3.0,30.0,1280,720,True,True,135.124,False,108.482,False,False,62.984,False,False,,0,5,0.989696,T_20260712_200203_900296_frame_000150.jpg,True,1,REVIEW,KEEP,
T_20260712_200203_900296_frame_000120.jpg,T_20260712_200203_900296.mp4,T_20260712_200203_900296,120,4.0,30.0,1280,720,True,True,132.962,False,107.966,False,False,62.783,False,False,,0,5,0.993969,T_20260712_200203_900296_frame_000180.jpg,True,1,REVIEW,KEEP,
T_20260712_200203_900296_frame_000150.jpg,T_20260712_200203_900296.mp4,T_20260712_200203_900296,150,5.0,30.0,1280,720,True,True,132.421,False,107.883,False,False,62.764,False,False,,0,4,0.992013,T_20260712_200203_900296_frame_000180.jpg,True,1,REVIEW,KEEP,
T_20260712_200203_900296_frame_000180.jpg,T_20260712_200203_900296.mp4,T_20260712_200203_900296,180,6.0,30.0,1280,720,True,True,132.335,False,108.035,False,False,62.857,False,False,,0,3,0.993969,T_20260712_200203_900296_frame_000120.jpg,True,1,REVIEW,KEEP,
T_20260712_200241_482341_frame_000000.jpg,T_20260712_200241_482341.mp4,T_20260712_200241_482341,0,0.0,30.0,1280,720,True,True,129.561,False,107.892,False,False,62.827,False,False,,0,0,0.762951,T_20260712_200241_482341_frame_000090.jpg,False,0,NO_WARNING,KEEP,
T_20260712_200241_482341_frame_000030.jpg,T_20260712_200241_482341.mp4,T_20260712_200241_482341,30,1.0,30.0,1280,720,True,True,171.375,False,118.543,False,False,72.173,False,False,,0,0,0.942867,T_20260712_200241_482341_frame_000060.jpg,False,0,NO_WARNING,KEEP,
T_20260712_200241_482341_frame_000060.jpg,T_20260712_200241_482341.mp4,T_20260712_200241_482341,60,2.0,30.0,1280,720,True,True,165.723,False,116.761,False,False,71.381,False,False,,0,0,0.942867,T_20260712_200241_482341_frame_000030.jpg,False,0,NO_WARNING,KEEP,
T_20260712_200241_482341_frame_000090.jpg,T_20260712_200241_482341.mp4,T_20260712_200241_482341,90,3.0,30.0,1280,720,True,True,165.284,False,117.806,False,False,71.597,False,False,,0,1,0.982632,T_20260712_200241_482341_frame_000120.jpg,True,1,REVIEW,KEEP,
T_20260712_200241_482341_frame_000120.jpg,T_20260712_200241_482341.mp4,T_20260712_200241_482341,120,4.0,30.0,1280,720,True,True,166.218,False,117.231,False,False,71.412,False,False,,0,1,0.982632,T_20260712_200241_482341_frame_000090.jpg,True,1,REVIEW,KEEP,
T_20260712_200241_482341_frame_000150.jpg,T_20260712_200241_482341.mp4,T_20260712_200241_482341,150,5.0,30.0,1280,720,True,True,164.882,False,117.104,False,False,71.702,False,False,,0,0,0.949748,T_20260712_200241_482341_frame_000180.jpg,False,0,NO_WARNING,KEEP,
T_20260712_200241_482341_frame_000180.jpg,T_20260712_200241_482341.mp4,T_20260712_200241_482341,180,6.0,30.0,1280,720,True,True,161.113,False,113.085,False,False,68.649,False,False,,0,1,0.988899,T_20260712_200241_482341_frame_000210.jpg,True,1,REVIEW,REJECT,
T_20260712_200241_482341_frame_000210.jpg,T_20260712_200241_482341.mp4,T_20260712_200241_482341,210,7.0,30.0,1280,720,True,True,157.338,False,111.245,False,False,67.817,False,False,,0,1,0.988899,T_20260712_200241_482341_frame_000180.jpg,True,1,REVIEW,KEEP,
T_20260712_200303_171698_frame_000000.jpg,T_20260712_200303_171698.mp4,T_20260712_200303_171698,0,0.0,30.0,1280,720,True,True,143.812,False,111.087,False,False,67.781,False,False,,0,0,0.817493,T_20260712_200303_171698_frame_000030.jpg,False,0,NO_WARNING,KEEP,
T_20260712_200303_171698_frame_000030.jpg,T_20260712_200303_171698.mp4,T_20260712_200303_171698,30,1.0,30.0,1280,720,True,True,164.285,False,114.497,False,False,70.419,False,False,,0,0,0.907932,T_20260712_200303_171698_frame_000060.jpg,False,0,NO_WARNING,KEEP,
T_20260712_200303_171698_frame_000060.jpg,T_20260712_200303_171698.mp4,T_20260712_200303_171698,60,2.0,30.0,1280,720,True,True,164.506,False,116.375,False,False,70.873,False,False,,0,0,0.92399,T_20260712_200303_171698_frame_000090.jpg,False,0,NO_WARNING,KEEP,
T_20260712_200303_171698_frame_000090.jpg,T_20260712_200303_171698.mp4,T_20260712_200303_171698,90,3.0,30.0,1280,720,True,True,165.971,False,116.369,False,False,71.802,False,False,,0,0,0.92399,T_20260712_200303_171698_frame_000060.jpg,False,0,NO_WARNING,KEEP,
T_20260712_200303_171698_frame_000120.jpg,T_20260712_200303_171698.mp4,T_20260712_200303_171698,120,4.0,30.0,1280,720,True,True,168.863,False,117.252,False,False,70.985,False,False,,0,0,0.908164,T_20260712_200303_171698_frame_000150.jpg,False,0,NO_WARNING,KEEP,
T_20260712_200303_171698_frame_000150.jpg,T_20260712_200303_171698.mp4,T_20260712_200303_171698,150,5.0,30.0,1280,720,True,True,164.723,False,115.023,False,False,70.986,False,False,,0,0,0.908164,T_20260712_200303_171698_frame_000120.jpg,False,0,NO_WARNING,KEEP,
T_20260712_200303_171698_frame_000180.jpg,T_20260712_200303_171698.mp4,T_20260712_200303_171698,180,6.0,30.0,1280,720,True,True,166.947,False,116.666,False,False,70.617,False,False,,0,0,0.895787,T_20260712_200303_171698_frame_000240.jpg,False,0,NO_WARNING,REJECT,
T_20260712_200303_171698_frame_000210.jpg,T_20260712_200303_171698.mp4,T_20260712_200303_171698,210,7.0,30.0,1280,720,True,True,159.671,False,113.282,False,False,68.257,False,False,,0,1,0.958085,T_20260712_200303_171698_frame_000240.jpg,True,1,REVIEW,REJECT,
T_20260712_200303_171698_frame_000240.jpg,T_20260712_200303_171698.mp4,T_20260712_200303_171698,240,8.0,30.0,1280,720,True,True,163.41,False,115.105,False,False,69.045,False,False,,0,1,0.958085,T_20260712_200303_171698_frame_000210.jpg,True,1,REVIEW,KEEP,
T_20260712_200303_171698_frame_000270.jpg,T_20260712_200303_171698.mp4,T_20260712_200303_171698,270,9.0,30.0,1280,720,True,True,147.87,False,116.576,False,False,69.674,False,False,,0,0,0.861862,T_20260712_200303_171698_frame_000240.jpg,False,0,NO_WARNING,KEEP,
T_20260712_200303_171698_frame_000300.jpg,T_20260712_200303_171698.mp4,T_20260712_200303_171698,300,10.0,30.0,1280,720,True,True,175.433,False,115.479,False,False,68.933,False,False,,0,0,0.845382,T_20260712_200303_171698_frame_000390.jpg,False,0,NO_WARNING,REJECT,
T_20260712_200303_171698_frame_000330.jpg,T_20260712_200303_171698.mp4,T_20260712_200303_171698,330,11.0,30.0,1280,720,True,True,168.956,False,117.102,False,False,69.146,False,False,,0,0,0.921309,T_20260712_200303_171698_frame_000360.jpg,False,0,NO_WARNING,REJECT,
T_20260712_200303_171698_frame_000360.jpg,T_20260712_200303_171698.mp4,T_20260712_200303_171698,360,12.0,30.0,1280,720,True,True,177.591,False,118.184,False,False,70.588,False,False,,0,0,0.921309,T_20260712_200303_171698_frame_000330.jpg,False,0,NO_WARNING,KEEP,
T_20260712_200303_171698_frame_000390.jpg,T_20260712_200303_171698.mp4,T_20260712_200303_171698,390,13.0,30.0,1280,720,True,True,177.061,False,117.686,False,False,70.667,False,False,,0,0,0.896708,T_20260712_200303_171698_frame_000330.jpg,False,0,NO_WARNING,KEEP,
T_20260712_200340_371645_frame_000000.jpg,T_20260712_200340_371645.mp4,T_20260712_200340_371645,0,0.0,30.0,1280,720,True,True,156.648,False,114.802,False,False,67.583,False,False,,0,0,0.751513,T_20260712_200340_371645_frame_000030.jpg,False,0,NO_WARNING,KEEP,
T_20260712_200340_371645_frame_000030.jpg,T_20260712_200340_371645.mp4,T_20260712_200340_371645,30,1.0,30.0,1280,720,True,True,160.333,False,118.722,False,False,68.526,False,False,,0,0,0.872609,T_20260712_200340_371645_frame_000060.jpg,False,0,NO_WARNING,KEEP,
T_20260712_200340_371645_frame_000060.jpg,T_20260712_200340_371645.mp4,T_20260712_200340_371645,60,2.0,30.0,1280,720,True,True,179.366,False,120.485,False,False,71.285,False,False,,0,0,0.872609,T_20260712_200340_371645_frame_000030.jpg,False,0,NO_WARNING,KEEP,
T_20260712_200340_371645_frame_000090.jpg,T_20260712_200340_371645.mp4,T_20260712_200340_371645,90,3.0,30.0,1280,720,True,True,158.853,False,109.647,False,False,67.424,False,False,,0,0,0.85775,T_20260712_200340_371645_frame_000120.jpg,False,0,NO_WARNING,REJECT,
T_20260712_200340_371645_frame_000120.jpg,T_20260712_200340_371645.mp4,T_20260712_200340_371645,120,4.0,30.0,1280,720,True,True,168.08,False,122.111,False,False,70.32,False,False,,0,0,0.879196,T_20260712_200340_371645_frame_000210.jpg,False,0,NO_WARNING,KEEP,
T_20260712_200340_371645_frame_000150.jpg,T_20260712_200340_371645.mp4,T_20260712_200340_371645,150,5.0,30.0,1280,720,True,True,187.507,False,122.424,False,False,71.361,False,False,,0,0,0.816825,T_20260712_200340_371645_frame_000120.jpg,False,0,NO_WARNING,REJECT,
T_20260712_200340_371645_frame_000180.jpg,T_20260712_200340_371645.mp4,T_20260712_200340_371645,180,6.0,30.0,1280,720,True,True,178.906,False,120.425,False,False,71.592,False,False,,0,0,0.845155,T_20260712_200340_371645_frame_000210.jpg,False,0,NO_WARNING,KEEP,
T_20260712_200340_371645_frame_000210.jpg,T_20260712_200340_371645.mp4,T_20260712_200340_371645,210,7.0,30.0,1280,720,True,True,150.545,False,112.198,False,False,65.805,False,False,,0,0,0.9103,T_20260712_200340_371645_frame_000240.jpg,False,0,NO_WARNING,KEEP,
T_20260712_200340_371645_frame_000240.jpg,T_20260712_200340_371645.mp4,T_20260712_200340_371645,240,8.0,30.0,1280,720,True,True,153.689,False,111.908,False,False,66.199,False,False,,0,0,0.9103,T_20260712_200340_371645_frame_000210.jpg,False,0,NO_WARNING,KEEP,
T_20260712_200340_371645_frame_000270.jpg,T_20260712_200340_371645.mp4,T_20260712_200340_371645,270,9.0,30.0,1280,720,True,True,159.103,False,113.44,False,False,66.31,False,False,,0,0,0.860317,T_20260712_200340_371645_frame_000210.jpg,False,0,NO_WARNING,KEEP,
T_20260712_200340_371645_frame_000300.jpg,T_20260712_200340_371645.mp4,T_20260712_200340_371645,300,10.0,30.0,1280,720,True,True,147.195,False,107.267,False,False,64.241,False,False,,0,0,0.873825,T_20260712_200340_371645_frame_000210.jpg,False,0,NO_WARNING,KEEP,
T_20260712_200340_371645_frame_000330.jpg,T_20260712_200340_371645.mp4,T_20260712_200340_371645,330,11.0,30.0,1280,720,True,True,164.782,False,114.265,False,False,67.165,False,False,,0,0,0.905372,T_20260712_200340_371645_frame_000360.jpg,False,0,NO_WARNING,KEEP,
T_20260712_200340_371645_frame_000360.jpg,T_20260712_200340_371645.mp4,T_20260712_200340_371645,360,12.0,30.0,1280,720,True,True,161.68,False,109.922,False,False,66.267,False,False,,0,0,0.905372,T_20260712_200340_371645_frame_000330.jpg,False,0,NO_WARNING,KEEP,
T_20260712_200340_371645_frame_000390.jpg,T_20260712_200340_371645.mp4,T_20260712_200340_371645,390,13.0,30.0,1280,720,True,True,153.37,False,110.547,False,False,64.765,False,False,,0,0,0.880679,T_20260712_200340_371645_frame_000330.jpg,False,0,NO_WARNING,KEEP,
T_20260712_200340_371645_frame_000420.jpg,T_20260712_200340_371645.mp4,T_20260712_200340_371645,420,14.0,30.0,1280,720,True,True,156.244,False,109.386,False,False,64.196,False,False,,0,0,0.874798,T_20260712_200340_371645_frame_000450.jpg,False,0,NO_WARNING,KEEP,
T_20260712_200340_371645_frame_000450.jpg,T_20260712_200340_371645.mp4,T_20260712_200340_371645,450,15.0,30.0,1280,720,True,True,166.184,False,119.526,False,False,67.812,False,False,,0,0,0.874798,T_20260712_200340_371645_frame_000420.jpg,False,0,NO_WARNING,KEEP,
T_20260712_200418_666396_frame_000000.jpg,T_20260712_200418_666396.mp4,T_20260712_200418_666396,0,0.0,30.0,1280,720,True,True,152.239,False,120.863,False,False,68.886,False,False,,0,0,0.86056,T_20260712_200418_666396_frame_000030.jpg,False,0,NO_WARNING,KEEP,
T_20260712_200418_666396_frame_000030.jpg,T_20260712_200418_666396.mp4,T_20260712_200418_666396,30,1.0,30.0,1280,720,True,True,167.998,False,117.422,False,False,69.328,False,False,,0,0,0.886263,T_20260712_200418_666396_frame_000060.jpg,False,0,NO_WARNING,KEEP,
T_20260712_200418_666396_frame_000060.jpg,T_20260712_200418_666396.mp4,T_20260712_200418_666396,60,2.0,30.0,1280,720,True,True,165.485,False,114.026,False,False,68.725,False,False,,0,0,0.890111,T_20260712_200418_666396_frame_000090.jpg,False,0,NO_WARNING,KEEP,
T_20260712_200418_666396_frame_000090.jpg,T_20260712_200418_666396.mp4,T_20260712_200418_666396,90,3.0,30.0,1280,720,True,True,161.534,False,112.7,False,False,68.49,False,False,,0,0,0.905442,T_20260712_200418_666396_frame_000120.jpg,False,0,NO_WARNING,KEEP,
T_20260712_200418_666396_frame_000120.jpg,T_20260712_200418_666396.mp4,T_20260712_200418_666396,120,4.0,30.0,1280,720,True,True,162.104,False,114.845,False,False,68.897,False,False,,0,0,0.905442,T_20260712_200418_666396_frame_000090.jpg,False,0,NO_WARNING,KEEP,
T_20260712_200418_666396_frame_000150.jpg,T_20260712_200418_666396.mp4,T_20260712_200418_666396,150,5.0,30.0,1280,720,True,True,152.954,False,115.796,False,False,67.348,False,False,,0,0,0.872191,T_20260712_200418_666396_frame_000180.jpg,False,0,NO_WARNING,KEEP,
T_20260712_200418_666396_frame_000180.jpg,T_20260712_200418_666396.mp4,T_20260712_200418_666396,180,6.0,30.0,1280,720,True,True,160.864,False,116.03,False,False,68.044,False,False,,0,0,0.879803,T_20260712_200418_666396_frame_000120.jpg,False,0,NO_WARNING,KEEP,
T_20260712_200418_666396_frame_000210.jpg,T_20260712_200418_666396.mp4,T_20260712_200418_666396,210,7.0,30.0,1280,720,True,True,171.761,False,119.596,False,False,71.04,False,False,,0,0,0.858588,T_20260712_200418_666396_frame_000120.jpg,False,0,NO_WARNING,KEEP,
T_20260712_200418_666396_frame_000240.jpg,T_20260712_200418_666396.mp4,T_20260712_200418_666396,240,8.0,30.0,1280,720,True,True,175.185,False,119.718,False,False,70.53,False,False,,0,0,0.834588,T_20260712_200418_666396_frame_000270.jpg,False,0,NO_WARNING,KEEP,
T_20260712_200418_666396_frame_000270.jpg,T_20260712_200418_666396.mp4,T_20260712_200418_666396,270,9.0,30.0,1280,720,True,True,155.26,False,113.044,False,False,68.139,False,False,,0,0,0.842948,T_20260712_200418_666396_frame_000300.jpg,False,0,NO_WARNING,KEEP,
T_20260712_200418_666396_frame_000300.jpg,T_20260712_200418_666396.mp4,T_20260712_200418_666396,300,10.0,30.0,1280,720,True,True,160.091,False,115.051,False,False,68.94,False,False,,0,0,0.842948,T_20260712_200418_666396_frame_000270.jpg,False,0,NO_WARNING,KEEP,
T_20260712_200418_666396_frame_000330.jpg,T_20260712_200418_666396.mp4,T_20260712_200418_666396,330,11.0,30.0,1280,720,True,True,161.597,False,111.878,False,False,69.167,False,False,,0,0,0.824466,T_20260712_200418_666396_frame_000300.jpg,False,0,NO_WARNING,KEEP,
T_20260712_200418_666396_frame_000360.jpg,T_20260712_200418_666396.mp4,T_20260712_200418_666396,360,12.0,30.0,1280,720,True,True,160.263,False,114.399,False,False,66.416,False,False,,0,0,0.836209,T_20260712_200418_666396_frame_000390.jpg,False,0,NO_WARNING,KEEP,
T_20260712_200418_666396_frame_000390.jpg,T_20260712_200418_666396.mp4,T_20260712_200418_666396,390,13.0,30.0,1280,720,True,True,143.069,False,108.102,False,False,66.57,False,False,,0,0,0.875567,T_20260712_200418_666396_frame_000420.jpg,False,0,NO_WARNING,KEEP,
T_20260712_200418_666396_frame_000420.jpg,T_20260712_200418_666396.mp4,T_20260712_200418_666396,420,14.0,30.0,1280,720,True,True,150.41,False,113.939,False,False,68.373,False,False,,0,0,0.897836,T_20260712_200418_666396_frame_000450.jpg,False,0,NO_WARNING,KEEP,
T_20260712_200418_666396_frame_000450.jpg,T_20260712_200418_666396.mp4,T_20260712_200418_666396,450,15.0,30.0,1280,720,True,True,158.77,False,117.594,False,False,69.978,False,False,,0,0,0.897836,T_20260712_200418_666396_frame_000420.jpg,False,0,NO_WARNING,KEEP,
T_20260712_200418_666396_frame_000480.jpg,T_20260712_200418_666396.mp4,T_20260712_200418_666396,480,16.0,30.0,1280,720,True,True,161.265,False,116.515,False,False,68.424,False,False,,0,0,0.879203,T_20260712_200418_666396_frame_000420.jpg,False,0,NO_WARNING,KEEP,
T_20260712_200418_666396_frame_000510.jpg,T_20260712_200418_666396.mp4,T_20260712_200418_666396,510,17.0,30.0,1280,720,True,True,154.772,False,113.295,False,False,68.142,False,False,,0,0,0.898538,T_20260712_200418_666396_frame_000570.jpg,False,0,NO_WARNING,KEEP,
T_20260712_200418_666396_frame_000540.jpg,T_20260712_200418_666396.mp4,T_20260712_200418_666396,540,18.0,30.0,1280,720,True,True,167.292,False,118.703,False,False,69.924,False,False,,0,0,0.910116,T_20260712_200418_666396_frame_000600.jpg,False,0,NO_WARNING,KEEP,
T_20260712_200418_666396_frame_000570.jpg,T_20260712_200418_666396.mp4,T_20260712_200418_666396,570,19.0,30.0,1280,720,True,True,155.014,False,116.154,False,False,70.248,False,False,,0,0,0.899211,T_20260712_200418_666396_frame_000600.jpg,False,0,NO_WARNING,KEEP,
T_20260712_200418_666396_frame_000600.jpg,T_20260712_200418_666396.mp4,T_20260712_200418_666396,600,20.0,30.0,1280,720,True,True,164.512,False,118.39,False,False,71.067,False,False,,0,0,0.910556,T_20260712_200418_666396_frame_000630.jpg,False,0,NO_WARNING,KEEP,
T_20260712_200418_666396_frame_000630.jpg,T_20260712_200418_666396.mp4,T_20260712_200418_666396,630,21.0,30.0,1280,720,True,True,162.472,False,118.398,False,False,69.849,False,False,,0,0,0.910556,T_20260712_200418_666396_frame_000600.jpg,False,0,NO_WARNING,KEEP,
T_20260712_200418_666396_frame_000660.jpg,T_20260712_200418_666396.mp4,T_20260712_200418_666396,660,22.0,30.0,1280,720,True,True,169.653,False,116.099,False,False,68.399,False,False,,0,0,0.80088,T_20260712_200418_666396_frame_000690.jpg,False,0,NO_WARNING,KEEP,
T_20260712_200418_666396_frame_000690.jpg,T_20260712_200418_666396.mp4,T_20260712_200418_666396,690,23.0,30.0,1280,720,True,True,157.587,False,117.01,False,False,70.165,False,False,,0,0,0.913095,T_20260712_200418_666396_frame_000720.jpg,False,0,NO_WARNING,KEEP,
T_20260712_200418_666396_frame_000720.jpg,T_20260712_200418_666396.mp4,T_20260712_200418_666396,720,24.0,30.0,1280,720,True,True,163.614,False,117.03,False,False,70.231,False,False,,0,0,0.913095,T_20260712_200418_666396_frame_000690.jpg,False,0,NO_WARNING,KEEP,
T_20260712_200418_666396_frame_000750.jpg,T_20260712_200418_666396.mp4,T_20260712_200418_666396,750,25.0,30.0,1280,720,True,True,166.447,False,114.324,False,False,68.955,False,False,,0,0,0.80647,T_20260712_200418_666396_frame_000690.jpg,False,0,NO_WARNING,KEEP,
T_20260712_200418_666396_frame_000780.jpg,T_20260712_200418_666396.mp4,T_20260712_200418_666396,780,26.0,30.0,1280,720,True,True,150.323,False,114.733,False,False,67.574,False,False,,0,0,0.803491,T_20260712_200418_666396_frame_000750.jpg,False,0,NO_WARNING,KEEP,
T_20260715_015858_798765_frame_000000.jpg,T_20260715_015858_798765.mp4,T_20260715_015858_798765,0,0.0,30.0,1280,720,True,True,50.728,True,138.694,False,False,83.575,False,False,,1,0,0.904099,T_20260715_015858_798765_frame_000030.jpg,False,1,REVIEW,UNDECIDED,
T_20260715_015858_798765_frame_000030.jpg,T_20260715_015858_798765.mp4,T_20260715_015858_798765,30,1.0,30.0,1280,720,True,True,50.495,True,140.947,False,False,81.292,False,False,,1,0,0.904099,T_20260715_015858_798765_frame_000000.jpg,False,1,REVIEW,UNDECIDED,
T_20260715_015858_798765_frame_000060.jpg,T_20260715_015858_798765.mp4,T_20260715_015858_798765,60,2.0,30.0,1280,720,True,True,49.311,True,137.615,False,False,81.17,False,False,,1,0,0.853455,T_20260715_015858_798765_frame_000000.jpg,False,1,REVIEW,UNDECIDED,
T_20260715_015858_798765_frame_000090.jpg,T_20260715_015858_798765.mp4,T_20260715_015858_798765,90,3.0,30.0,1280,720,True,True,5.838,True,139.204,False,False,78.861,False,False,,1,0,0.821744,T_20260715_015858_798765_frame_000060.jpg,False,1,REVIEW,UNDECIDED,
T_20260715_015858_798765_frame_000120.jpg,T_20260715_015858_798765.mp4,T_20260715_015858_798765,120,4.0,30.0,1280,720,True,True,50.39,True,135.687,False,False,81.673,False,False,,1,0,0.823378,T_20260715_015858_798765_frame_000180.jpg,False,1,REVIEW,UNDECIDED,
T_20260715_015858_798765_frame_000150.jpg,T_20260715_015858_798765.mp4,T_20260715_015858_798765,150,5.0,30.0,1280,720,True,True,51.724,True,137.996,False,False,81.873,False,False,,1,0,0.927706,T_20260715_015858_798765_frame_000180.jpg,False,1,REVIEW,UNDECIDED,
T_20260715_015858_798765_frame_000180.jpg,T_20260715_015858_798765.mp4,T_20260715_015858_798765,180,6.0,30.0,1280,720,True,True,50.839,True,139.128,False,False,82.467,False,False,,1,2,0.951988,T_20260715_015858_798765_frame_000210.jpg,True,2,REVIEW,UNDECIDED,
T_20260715_015858_798765_frame_000210.jpg,T_20260715_015858_798765.mp4,T_20260715_015858_798765,210,7.0,30.0,1280,720,True,True,48.609,True,136.996,False,False,81.494,False,False,,1,3,0.982696,T_20260715_015858_798765_frame_000240.jpg,True,2,REVIEW,UNDECIDED,
T_20260715_015858_798765_frame_000240.jpg,T_20260715_015858_798765.mp4,T_20260715_015858_798765,240,8.0,30.0,1280,720,True,True,50.435,True,137.27,False,False,81.528,False,False,,1,3,0.982696,T_20260715_015858_798765_frame_000210.jpg,True,2,REVIEW,UNDECIDED,
T_20260715_015858_798765_frame_000270.jpg,T_20260715_015858_798765.mp4,T_20260715_015858_798765,270,9.0,30.0,1280,720,True,True,48.689,True,137.026,False,False,81.882,False,False,,1,2,0.971639,T_20260715_015858_798765_frame_000240.jpg,True,2,REVIEW,UNDECIDED,
T_20260715_015923_224709_frame_000000.jpg,T_20260715_015923_224709.mp4,T_20260715_015923_224709,0,0.0,30.0,1280,720,True,True,50.001,True,136.666,False,False,82.123,False,False,,1,0,0.924414,T_20260715_015923_224709_frame_000060.jpg,False,1,REVIEW,UNDECIDED,
T_20260715_015923_224709_frame_000030.jpg,T_20260715_015923_224709.mp4,T_20260715_015923_224709,30,1.0,30.0,1280,720,True,True,51.731,True,136.816,False,False,82.5,False,False,,1,1,0.966823,T_20260715_015923_224709_frame_000060.jpg,True,2,REVIEW,UNDECIDED,
T_20260715_015923_224709_frame_000060.jpg,T_20260715_015923_224709.mp4,T_20260715_015923_224709,60,2.0,30.0,1280,720,True,True,52.286,True,137.481,False,False,82.562,False,False,,1,1,0.966823,T_20260715_015923_224709_frame_000030.jpg,True,2,REVIEW,UNDECIDED,
T_20260715_015923_224709_frame_000090.jpg,T_20260715_015923_224709.mp4,T_20260715_015923_224709,90,3.0,30.0,1280,720,True,True,48.49,True,135.288,False,False,81.296,False,False,,1,0,0.898198,T_20260715_015923_224709_frame_000060.jpg,False,1,REVIEW,UNDECIDED,
T_20260715_015923_224709_frame_000120.jpg,T_20260715_015923_224709.mp4,T_20260715_015923_224709,120,4.0,30.0,1280,720,True,True,45.719,True,134.983,False,False,80.156,False,False,,1,0,0.796775,T_20260715_015923_224709_frame_000180.jpg,False,1,REVIEW,UNDECIDED,
T_20260715_015923_224709_frame_000150.jpg,T_20260715_015923_224709.mp4,T_20260715_015923_224709,150,5.0,30.0,1280,720,True,True,50.08,True,136.958,False,False,81.266,False,False,,1,0,0.832127,T_20260715_015923_224709_frame_000180.jpg,False,1,REVIEW,UNDECIDED,
T_20260715_015923_224709_frame_000180.jpg,T_20260715_015923_224709.mp4,T_20260715_015923_224709,180,6.0,30.0,1280,720,True,True,48.244,True,136.3,False,False,82.619,False,False,,1,0,0.938319,T_20260715_015923_224709_frame_000210.jpg,False,1,REVIEW,UNDECIDED,
T_20260715_015923_224709_frame_000210.jpg,T_20260715_015923_224709.mp4,T_20260715_015923_224709,210,7.0,30.0,1280,720,True,True,51.107,True,138.506,False,False,83.503,False,False,,1,2,0.964051,T_20260715_015923_224709_frame_000270.jpg,True,2,REVIEW,UNDECIDED,
T_20260715_015923_224709_frame_000240.jpg,T_20260715_015923_224709.mp4,T_20260715_015923_224709,240,8.0,30.0,1280,720,True,True,50.757,True,138.385,False,False,83.518,False,False,,1,2,0.96562,T_20260715_015923_224709_frame_000270.jpg,True,2,REVIEW,UNDECIDED,
T_20260715_015923_224709_frame_000270.jpg,T_20260715_015923_224709.mp4,T_20260715_015923_224709,270,9.0,30.0,1280,720,True,True,50.143,True,137.457,False,False,83.525,False,False,,1,2,0.96562,T_20260715_015923_224709_frame_000240.jpg,True,2,REVIEW,UNDECIDED,
T_20260715_020010_033115_frame_000000.jpg,T_20260715_020010_033115.mp4,T_20260715_020010_033115,0,0.0,30.0,1280,720,True,True,52.066,True,137.283,False,False,83.456,False,False,,1,0,0.791994,T_20260715_020010_033115_frame_000030.jpg,False,1,REVIEW,UNDECIDED,
T_20260715_020010_033115_frame_000030.jpg,T_20260715_020010_033115.mp4,T_20260715_020010_033115,30,1.0,30.0,1280,720,True,True,53.234,True,138.584,False,False,81.121,False,False,,1,0,0.893835,T_20260715_020010_033115_frame_000060.jpg,False,1,REVIEW,UNDECIDED,
T_20260715_020010_033115_frame_000060.jpg,T_20260715_020010_033115.mp4,T_20260715_020010_033115,60,2.0,30.0,1280,720,True,True,53.195,True,136.744,False,False,78.631,False,False,,1,0,0.893835,T_20260715_020010_033115_frame_000030.jpg,False,1,REVIEW,UNDECIDED,
T_20260715_020010_033115_frame_000090.jpg,T_20260715_020010_033115.mp4,T_20260715_020010_033115,90,3.0,30.0,1280,720,True,True,4.953,True,129.954,False,False,77.357,False,False,,1,0,0.76874,T_20260715_020010_033115_frame_000030.jpg,False,1,REVIEW,UNDECIDED,
T_20260715_020010_033115_frame_000120.jpg,T_20260715_020010_033115.mp4,T_20260715_020010_033115,120,4.0,30.0,1280,720,True,True,43.794,True,137.358,False,False,81.849,False,False,,1,0,0.881413,T_20260715_020010_033115_frame_000210.jpg,False,1,REVIEW,UNDECIDED,
T_20260715_020010_033115_frame_000150.jpg,T_20260715_020010_033115.mp4,T_20260715_020010_033115,150,5.0,30.0,1280,720,True,True,50.475,True,141.267,False,False,82.976,False,False,,1,0,0.936771,T_20260715_020010_033115_frame_000210.jpg,False,1,REVIEW,UNDECIDED,
T_20260715_020010_033115_frame_000180.jpg,T_20260715_020010_033115.mp4,T_20260715_020010_033115,180,6.0,30.0,1280,720,True,True,50.892,True,141.064,False,False,82.539,False,False,,1,1,0.951982,T_20260715_020010_033115_frame_000210.jpg,True,2,REVIEW,UNDECIDED,
T_20260715_020010_033115_frame_000210.jpg,T_20260715_020010_033115.mp4,T_20260715_020010_033115,210,7.0,30.0,1280,720,True,True,49.608,True,140.081,False,False,83.513,False,False,,1,1,0.951982,T_20260715_020010_033115_frame_000180.jpg,True,2,REVIEW,UNDECIDED,
T_20260715_020010_033115_frame_000240.jpg,T_20260715_020010_033115.mp4,T_20260715_020010_033115,240,8.0,30.0,1280,720,True,True,47.597,True,130.781,False,False,79.083,False,False,,1,2,0.965368,T_20260715_020010_033115_frame_000270.jpg,True,2,REVIEW,UNDECIDED,
T_20260715_020010_033115_frame_000270.jpg,T_20260715_020010_033115.mp4,T_20260715_020010_033115,270,9.0,30.0,1280,720,True,True,48.116,True,132.644,False,False,79.963,False,False,,1,2,0.972564,T_20260715_020010_033115_frame_000300.jpg,True,2,REVIEW,UNDECIDED,
T_20260715_020010_033115_frame_000300.jpg,T_20260715_020010_033115.mp4,T_20260715_020010_033115,300,10.0,30.0,1280,720,True,True,49.13,True,133.613,False,False,80.603,False,False,,1,2,0.972564,T_20260715_020010_033115_frame_000270.jpg,True,2,REVIEW,UNDECIDED,
T_20260715_020010_033115_frame_000330.jpg,T_20260715_020010_033115.mp4,T_20260715_020010_033115,330,11.0,30.0,1280,720,True,True,49.101,True,138.758,False,False,81.293,False,False,,1,0,0.901687,T_20260715_020010_033115_frame_000300.jpg,False,1,REVIEW,UNDECIDED,
T_20260715_020010_033115_frame_000360.jpg,T_20260715_020010_033115.mp4,T_20260715_020010_033115,360,12.0,30.0,1280,720,True,True,44.727,True,134.226,False,False,79.225,False,False,,1,0,0.837916,T_20260715_020010_033115_frame_000330.jpg,False,1,REVIEW,UNDECIDED,
T_20260715_020010_033115_frame_000390.jpg,T_20260715_020010_033115.mp4,T_20260715_020010_033115,390,13.0,30.0,1280,720,True,True,44.414,True,129.875,False,False,78.901,False,False,,1,0,0.835767,T_20260715_020010_033115_frame_000450.jpg,False,1,REVIEW,UNDECIDED,
T_20260715_020010_033115_frame_000420.jpg,T_20260715_020010_033115.mp4,T_20260715_020010_033115,420,14.0,30.0,1280,720,True,True,53.55,True,139.753,False,False,82.009,False,False,,1,0,0.939791,T_20260715_020010_033115_frame_000450.jpg,False,1,REVIEW,UNDECIDED,
T_20260715_020010_033115_frame_000450.jpg,T_20260715_020010_033115.mp4,T_20260715_020010_033115,450,15.0,30.0,1280,720,True,True,54.578,True,138.075,False,False,81.573,False,False,,1,0,0.940805,T_20260715_020010_033115_frame_000540.jpg,False,1,REVIEW,UNDECIDED,
T_20260715_020010_033115_frame_000480.jpg,T_20260715_020010_033115.mp4,T_20260715_020010_033115,480,16.0,30.0,1280,720,True,True,52.07,True,134.616,False,False,79.714,False,False,,1,0,0.942021,T_20260715_020010_033115_frame_000540.jpg,False,1,REVIEW,UNDECIDED,
T_20260715_020010_033115_frame_000510.jpg,T_20260715_020010_033115.mp4,T_20260715_020010_033115,510,17.0,30.0,1280,720,True,True,50.129,True,132.455,False,False,78.86,False,False,,1,0,0.941098,T_20260715_020010_033115_frame_000480.jpg,False,1,REVIEW,UNDECIDED,
T_20260715_020010_033115_frame_000540.jpg,T_20260715_020010_033115.mp4,T_20260715_020010_033115,540,18.0,30.0,1280,720,True,True,53.951,True,136.986,False,False,81.629,False,False,,1,0,0.942021,T_20260715_020010_033115_frame_000480.jpg,False,1,REVIEW,UNDECIDED,
T_20260715_020010_033115_frame_000570.jpg,T_20260715_020010_033115.mp4,T_20260715_020010_033115,570,19.0,30.0,1280,720,True,True,41.893,True,129.687,False,False,78.548,False,False,,1,0,0.84129,T_20260715_020010_033115_frame_000660.jpg,False,1,REVIEW,UNDECIDED,
T_20260715_020010_033115_frame_000600.jpg,T_20260715_020010_033115.mp4,T_20260715_020010_033115,600,20.0,30.0,1280,720,True,True,47.5,True,137.232,False,False,80.982,False,False,,1,0,0.910017,T_20260715_020010_033115_frame_000630.jpg,False,1,REVIEW,UNDECIDED,
T_20260715_020010_033115_frame_000630.jpg,T_20260715_020010_033115.mp4,T_20260715_020010_033115,630,21.0,30.0,1280,720,True,True,45.061,True,134.962,False,False,79.939,False,False,,1,0,0.910017,T_20260715_020010_033115_frame_000600.jpg,False,1,REVIEW,UNDECIDED,
T_20260715_020010_033115_frame_000660.jpg,T_20260715_020010_033115.mp4,T_20260715_020010_033115,660,22.0,30.0,1280,720,True,True,43.335,True,127.568,False,False,77.657,False,False,,1,0,0.84129,T_20260715_020010_033115_frame_000570.jpg,False,1,REVIEW,UNDECIDED,
T_20260715_020045_026831_frame_000000.jpg,T_20260715_020045_026831.mp4,T_20260715_020045_026831,0,0.0,30.0,1280,720,True,True,53.604,True,134.243,False,False,80.199,False,False,,1,0,0.755703,T_20260715_020045_026831_frame_000090.jpg,False,1,REVIEW,UNDECIDED,
T_20260715_020045_026831_frame_000030.jpg,T_20260715_020045_026831.mp4,T_20260715_020045_026831,30,1.0,30.0,1280,720,True,True,44.393,True,133.2,False,False,80.521,False,False,,1,1,0.974205,T_20260715_020045_026831_frame_000060.jpg,True,2,REVIEW,UNDECIDED,
T_20260715_020045_026831_frame_000060.jpg,T_20260715_020045_026831.mp4,T_20260715_020045_026831,60,2.0,30.0,1280,720,True,True,44.117,True,134.24,False,False,80.604,False,False,,1,1,0.974205,T_20260715_020045_026831_frame_000030.jpg,True,2,REVIEW,UNDECIDED,
T_20260715_020045_026831_frame_000090.jpg,T_20260715_020045_026831.mp4,T_20260715_020045_026831,90,3.0,30.0,1280,720,True,True,43.692,True,134.323,False,False,79.058,False,False,,1,0,0.863095,T_20260715_020045_026831_frame_000060.jpg,False,1,REVIEW,UNDECIDED,
T_20260715_020045_026831_frame_000120.jpg,T_20260715_020045_026831.mp4,T_20260715_020045_026831,120,4.0,30.0,1280,720,True,True,43.931,True,130.767,False,False,78.156,False,False,,1,0,0.799814,T_20260715_020045_026831_frame_000180.jpg,False,1,REVIEW,UNDECIDED,
T_20260715_020045_026831_frame_000150.jpg,T_20260715_020045_026831.mp4,T_20260715_020045_026831,150,5.0,30.0,1280,720,True,True,43.07,True,134.609,False,False,76.958,False,False,,1,0,0.889042,T_20260715_020045_026831_frame_000180.jpg,False,1,REVIEW,UNDECIDED,
T_20260715_020045_026831_frame_000180.jpg,T_20260715_020045_026831.mp4,T_20260715_020045_026831,180,6.0,30.0,1280,720,True,True,46.155,True,135.902,False,False,79.573,False,False,,1,0,0.889042,T_20260715_020045_026831_frame_000150.jpg,False,1,REVIEW,UNDECIDED,
T_20260715_020045_026831_frame_000210.jpg,T_20260715_020045_026831.mp4,T_20260715_020045_026831,210,7.0,30.0,1280,720,True,True,42.787,True,129.555,False,False,78.501,False,False,,1,0,0.864995,T_20260715_020045_026831_frame_000150.jpg,False,1,REVIEW,UNDECIDED,
T_20260715_020045_026831_frame_000240.jpg,T_20260715_020045_026831.mp4,T_20260715_020045_026831,240,8.0,30.0,1280,720,True,True,39.326,True,133.766,False,False,76.886,False,False,,1,0,0.822321,T_20260715_020045_026831_frame_000150.jpg,False,1,REVIEW,UNDECIDED,
T_20260715_020045_026831_frame_000270.jpg,T_20260715_020045_026831.mp4,T_20260715_020045_026831,270,9.0,30.0,1280,720,True,True,41.161,True,135.203,False,False,80.305,False,False,,1,0,0.907921,T_20260715_020045_026831_frame_000330.jpg,False,1,REVIEW,UNDECIDED,
T_20260715_020045_026831_frame_000300.jpg,T_20260715_020045_026831.mp4,T_20260715_020045_026831,300,10.0,30.0,1280,720,True,True,42.005,True,135.874,False,False,79.59,False,False,,1,0,0.892856,T_20260715_020045_026831_frame_000330.jpg,False,1,REVIEW,UNDECIDED,
T_20260715_020045_026831_frame_000330.jpg,T_20260715_020045_026831.mp4,T_20260715_020045_026831,330,11.0,30.0,1280,720,True,True,34.3,True,134.534,False,False,80.584,False,False,,1,0,0.907921,T_20260715_020045_026831_frame_000270.jpg,False,1,REVIEW,UNDECIDED,
T_20260715_020045_026831_frame_000360.jpg,T_20260715_020045_026831.mp4,T_20260715_020045_026831,360,12.0,30.0,1280,720,True,True,38.109,True,130.782,False,False,76.859,False,False,,1,0,0.814927,T_20260715_020045_026831_frame_000390.jpg,False,1,REVIEW,UNDECIDED,
T_20260715_020045_026831_frame_000390.jpg,T_20260715_020045_026831.mp4,T_20260715_020045_026831,390,13.0,30.0,1280,720,True,True,42.645,True,126.662,False,False,78.206,False,False,,1,0,0.819666,T_20260715_020045_026831_frame_000420.jpg,False,1,REVIEW,UNDECIDED,
T_20260715_020045_026831_frame_000420.jpg,T_20260715_020045_026831.mp4,T_20260715_020045_026831,420,14.0,30.0,1280,720,True,True,46.11,True,136.612,False,False,79.854,False,False,,1,0,0.89363,T_20260715_020045_026831_frame_000450.jpg,False,1,REVIEW,UNDECIDED,
T_20260715_020045_026831_frame_000450.jpg,T_20260715_020045_026831.mp4,T_20260715_020045_026831,450,15.0,30.0,1280,720,True,True,43.475,True,133.881,False,False,77.923,False,False,,1,0,0.89363,T_20260715_020045_026831_frame_000420.jpg,False,1,REVIEW,UNDECIDED,
T_20260715_020118_072046_frame_000000.jpg,T_20260715_020118_072046.mp4,T_20260715_020118_072046,0,0.0,30.0,1280,720,True,True,43.23,True,132.88,False,False,77.406,False,False,,1,0,0.749872,T_20260715_020118_072046_frame_000030.jpg,False,1,REVIEW,UNDECIDED,
T_20260715_020118_072046_frame_000030.jpg,T_20260715_020118_072046.mp4,T_20260715_020118_072046,30,1.0,30.0,1280,720,True,True,46.721,True,138.065,False,False,79.614,False,False,,1,0,0.794224,T_20260715_020118_072046_frame_000120.jpg,False,1,REVIEW,UNDECIDED,
T_20260715_020118_072046_frame_000060.jpg,T_20260715_020118_072046.mp4,T_20260715_020118_072046,60,2.0,30.0,1280,720,True,True,6.551,True,132.418,False,False,78.145,False,False,,1,0,0.76875,T_20260715_020118_072046_frame_000150.jpg,False,1,REVIEW,UNDECIDED,
T_20260715_020118_072046_frame_000090.jpg,T_20260715_020118_072046.mp4,T_20260715_020118_072046,90,3.0,30.0,1280,720,True,True,47.937,True,132.407,False,False,81.038,False,False,,1,0,0.804781,T_20260715_020118_072046_frame_000180.jpg,False,1,REVIEW,UNDECIDED,
T_20260715_020118_072046_frame_000120.jpg,T_20260715_020118_072046.mp4,T_20260715_020118_072046,120,4.0,30.0,1280,720,True,True,44.293,True,134.984,False,False,80.407,False,False,,1,0,0.835909,T_20260715_020118_072046_frame_000210.jpg,False,1,REVIEW,UNDECIDED,
T_20260715_020118_072046_frame_000150.jpg,T_20260715_020118_072046.mp4,T_20260715_020118_072046,150,5.0,30.0,1280,720,True,True,41.867,True,131.387,False,False,77.394,False,False,,1,0,0.789041,T_20260715_020118_072046_frame_000090.jpg,False,1,REVIEW,UNDECIDED,
T_20260715_020118_072046_frame_000180.jpg,T_20260715_020118_072046.mp4,T_20260715_020118_072046,180,6.0,30.0,1280,720,True,True,42.962,True,129.608,False,False,79.067,False,False,,1,0,0.804781,T_20260715_020118_072046_frame_000090.jpg,False,1,REVIEW,UNDECIDED,
T_20260715_020118_072046_frame_000210.jpg,T_20260715_020118_072046.mp4,T_20260715_020118_072046,210,7.0,30.0,1280,720,True,True,46.015,True,134.467,False,False,80.485,False,False,,1,0,0.905777,T_20260715_020118_072046_frame_000240.jpg,False,1,REVIEW,UNDECIDED,
T_20260715_020118_072046_frame_000240.jpg,T_20260715_020118_072046.mp4,T_20260715_020118_072046,240,8.0,30.0,1280,720,True,True,48.471,True,133.146,False,False,80.207,False,False,,1,0,0.905777,T_20260715_020118_072046_frame_000210.jpg,False,1,REVIEW,UNDECIDED,
T_20260715_020118_072046_frame_000270.jpg,T_20260715_020118_072046.mp4,T_20260715_020118_072046,270,9.0,30.0,1280,720,True,True,42.507,True,136.892,False,False,80.616,False,False,,1,0,0.826712,T_20260715_020118_072046_frame_000300.jpg,False,1,REVIEW,UNDECIDED,
T_20260715_020118_072046_frame_000300.jpg,T_20260715_020118_072046.mp4,T_20260715_020118_072046,300,10.0,30.0,1280,720,True,True,36.174,True,135.389,False,False,81.816,False,False,,1,0,0.826712,T_20260715_020118_072046_frame_000270.jpg,False,1,REVIEW,UNDECIDED,
T_20260715_020148_168767_frame_000000.jpg,T_20260715_020148_168767.mp4,T_20260715_020148_168767,0,0.0,30.0,1280,720,True,True,45.537,True,131.019,False,False,79.536,False,False,,1,0,0.856831,T_20260715_020148_168767_frame_000060.jpg,False,1,REVIEW,UNDECIDED,
T_20260715_020148_168767_frame_000030.jpg,T_20260715_020148_168767.mp4,T_20260715_020148_168767,30,1.0,30.0,1280,720,True,True,47.515,True,138.712,False,False,80.011,False,False,,1,0,0.829007,T_20260715_020148_168767_frame_000060.jpg,False,1,REVIEW,UNDECIDED,
T_20260715_020148_168767_frame_000060.jpg,T_20260715_020148_168767.mp4,T_20260715_020148_168767,60,2.0,30.0,1280,720,True,True,45.859,True,130.655,False,False,79.092,False,False,,1,0,0.856831,T_20260715_020148_168767_frame_000000.jpg,False,1,REVIEW,UNDECIDED,
T_20260715_020148_168767_frame_000090.jpg,T_20260715_020148_168767.mp4,T_20260715_020148_168767,90,3.0,30.0,1280,720,True,True,38.02,True,136.237,False,False,75.69,False,False,,1,0,0.895417,T_20260715_020148_168767_frame_000120.jpg,False,1,REVIEW,UNDECIDED,
T_20260715_020148_168767_frame_000120.jpg,T_20260715_020148_168767.mp4,T_20260715_020148_168767,120,4.0,30.0,1280,720,True,True,38.023,True,135.51,False,False,76.469,False,False,,1,0,0.895417,T_20260715_020148_168767_frame_000090.jpg,False,1,REVIEW,UNDECIDED,
T_20260715_020148_168767_frame_000150.jpg,T_20260715_020148_168767.mp4,T_20260715_020148_168767,150,5.0,30.0,1280,720,True,True,44.624,True,132.885,False,False,79.112,False,False,,1,0,0.914832,T_20260715_020148_168767_frame_000180.jpg,False,1,REVIEW,UNDECIDED,
T_20260715_020148_168767_frame_000180.jpg,T_20260715_020148_168767.mp4,T_20260715_020148_168767,180,6.0,30.0,1280,720,True,True,44.978,True,132.054,False,False,78.343,False,False,,1,0,0.914832,T_20260715_020148_168767_frame_000150.jpg,False,1,REVIEW,UNDECIDED,
T_20260715_020148_168767_frame_000210.jpg,T_20260715_020148_168767.mp4,T_20260715_020148_168767,210,7.0,30.0,1280,720,True,True,38.217,True,134.526,False,False,75.814,False,False,,1,0,0.864014,T_20260715_020148_168767_frame_000120.jpg,False,1,REVIEW,UNDECIDED,
T_20260715_020148_168767_frame_000240.jpg,T_20260715_020148_168767.mp4,T_20260715_020148_168767,240,8.0,30.0,1280,720,True,True,38.162,True,129.363,False,False,77.407,False,False,,1,0,0.848474,T_20260715_020148_168767_frame_000210.jpg,False,1,REVIEW,UNDECIDED,
T_20260715_020214_545220_frame_000000.jpg,T_20260715_020214_545220.mp4,T_20260715_020214_545220,0,0.0,30.0,1280,720,True,True,48.721,True,130.208,False,False,78.233,False,False,,1,0,0.75404,T_20260715_020214_545220_frame_000030.jpg,False,1,REVIEW,UNDECIDED,
T_20260715_020214_545220_frame_000030.jpg,T_20260715_020214_545220.mp4,T_20260715_020214_545220,30,1.0,30.0,1280,720,True,True,42.502,True,129.893,False,False,76.495,False,False,,1,0,0.890993,T_20260715_020214_545220_frame_000060.jpg,False,1,REVIEW,UNDECIDED,
T_20260715_020214_545220_frame_000060.jpg,T_20260715_020214_545220.mp4,T_20260715_020214_545220,60,2.0,30.0,1280,720,True,True,51.638,True,128.522,False,False,76.422,False,False,,1,0,0.890993,T_20260715_020214_545220_frame_000030.jpg,False,1,REVIEW,UNDECIDED,
T_20260715_020214_545220_frame_000090.jpg,T_20260715_020214_545220.mp4,T_20260715_020214_545220,90,3.0,30.0,1280,720,True,True,47.708,True,128.374,False,False,76.801,False,False,,1,0,0.905061,T_20260715_020214_545220_frame_000120.jpg,False,1,REVIEW,UNDECIDED,
T_20260715_020214_545220_frame_000120.jpg,T_20260715_020214_545220.mp4,T_20260715_020214_545220,120,4.0,30.0,1280,720,True,True,50.761,True,128.667,False,False,76.665,False,False,,1,0,0.91885,T_20260715_020214_545220_frame_000180.jpg,False,1,REVIEW,UNDECIDED,
T_20260715_020214_545220_frame_000150.jpg,T_20260715_020214_545220.mp4,T_20260715_020214_545220,150,5.0,30.0,1280,720,True,True,47.565,True,131.728,False,False,76.479,False,False,,1,0,0.865169,T_20260715_020214_545220_frame_000120.jpg,False,1,REVIEW,UNDECIDED,
T_20260715_020214_545220_frame_000180.jpg,T_20260715_020214_545220.mp4,T_20260715_020214_545220,180,6.0,30.0,1280,720,True,True,52.76,True,128.155,False,False,76.403,False,False,,1,0,0.91885,T_20260715_020214_545220_frame_000120.jpg,False,1,REVIEW,UNDECIDED,
T_20260715_020214_545220_frame_000210.jpg,T_20260715_020214_545220.mp4,T_20260715_020214_545220,210,7.0,30.0,1280,720,True,True,49.342,True,126.845,False,False,76.511,False,False,,1,0,0.869072,T_20260715_020214_545220_frame_000270.jpg,False,1,REVIEW,UNDECIDED,
T_20260715_020214_545220_frame_000240.jpg,T_20260715_020214_545220.mp4,T_20260715_020214_545220,240,8.0,30.0,1280,720,True,True,47.833,True,132.261,False,False,75.597,False,False,,1,0,0.837865,T_20260715_020214_545220_frame_000150.jpg,False,1,REVIEW,UNDECIDED,
T_20260715_020214_545220_frame_000270.jpg,T_20260715_020214_545220.mp4,T_20260715_020214_545220,270,9.0,30.0,1280,720,True,True,49.057,True,126.846,False,False,75.67,False,False,,1,0,0.869072,T_20260715_020214_545220_frame_000210.jpg,False,1,REVIEW,UNDECIDED,
T_20260715_020214_545220_frame_000300.jpg,T_20260715_020214_545220.mp4,T_20260715_020214_545220,300,10.0,30.0,1280,720,True,True,43.637,True,127.279,False,False,75.168,False,False,,1,0,0.86499,T_20260715_020214_545220_frame_000330.jpg,False,1,REVIEW,UNDECIDED,
T_20260715_020214_545220_frame_000330.jpg,T_20260715_020214_545220.mp4,T_20260715_020214_545220,330,11.0,30.0,1280,720,True,True,43.279,True,126.868,False,False,74.318,False,False,,1,0,0.86499,T_20260715_020214_545220_frame_000300.jpg,False,1,REVIEW,UNDECIDED,
T_20260715_020214_545220_frame_000360.jpg,T_20260715_020214_545220.mp4,T_20260715_020214_545220,360,12.0,30.0,1280,720,True,True,48.853,True,135.821,False,False,77.18,False,False,,1,0,0.889199,T_20260715_020214_545220_frame_000390.jpg,False,1,REVIEW,UNDECIDED,
T_20260715_020214_545220_frame_000390.jpg,T_20260715_020214_545220.mp4,T_20260715_020214_545220,390,13.0,30.0,1280,720,True,True,46.648,True,133.566,False,False,78.625,False,False,,1,0,0.889199,T_20260715_020214_545220_frame_000360.jpg,False,1,REVIEW,UNDECIDED,
T_20260715_020214_545220_frame_000420.jpg,T_20260715_020214_545220.mp4,T_20260715_020214_545220,420,14.0,30.0,1280,720,True,True,44.971,True,133.615,False,False,78.232,False,False,,1,0,0.846887,T_20260715_020214_545220_frame_000390.jpg,False,1,REVIEW,UNDECIDED,
T_20260715_020214_545220_frame_000450.jpg,T_20260715_020214_545220.mp4,T_20260715_020214_545220,450,15.0,30.0,1280,720,True,True,46.702,True,135.784,False,False,78.674,False,False,,1,0,0.825469,T_20260715_020214_545220_frame_000420.jpg,False,1,REVIEW,UNDECIDED,
T_20260715_020241_260961_frame_000000.jpg,T_20260715_020241_260961.mp4,T_20260715_020241_260961,0,0.0,30.0,1280,720,True,True,51.189,True,134.898,False,False,79.572,False,False,,1,0,0.833052,T_20260715_020241_260961_frame_000030.jpg,False,1,REVIEW,UNDECIDED,
T_20260715_020241_260961_frame_000030.jpg,T_20260715_020241_260961.mp4,T_20260715_020241_260961,30,1.0,30.0,1280,720,True,True,48.635,True,128.512,False,False,77.214,False,False,,1,0,0.905231,T_20260715_020241_260961_frame_000060.jpg,False,1,REVIEW,UNDECIDED,
T_20260715_020241_260961_frame_000060.jpg,T_20260715_020241_260961.mp4,T_20260715_020241_260961,60,2.0,30.0,1280,720,True,True,49.114,True,126.731,False,False,77.626,False,False,,1,0,0.905231,T_20260715_020241_260961_frame_000030.jpg,False,1,REVIEW,UNDECIDED,
T_20260715_020241_260961_frame_000090.jpg,T_20260715_020241_260961.mp4,T_20260715_020241_260961,90,3.0,30.0,1280,720,True,True,51.711,True,129.199,False,False,77.436,False,False,,1,0,0.864342,T_20260715_020241_260961_frame_000030.jpg,False,1,REVIEW,UNDECIDED,
T_20260715_020241_260961_frame_000120.jpg,T_20260715_020241_260961.mp4,T_20260715_020241_260961,120,4.0,30.0,1280,720,True,True,48.08,True,131.129,False,False,78.086,False,False,,1,0,0.887211,T_20260715_020241_260961_frame_000210.jpg,False,1,REVIEW,UNDECIDED,
T_20260715_020241_260961_frame_000150.jpg,T_20260715_020241_260961.mp4,T_20260715_020241_260961,150,5.0,30.0,1280,720,True,True,50.51,True,130.551,False,False,77.255,False,False,,1,0,0.849346,T_20260715_020241_260961_frame_000180.jpg,False,1,REVIEW,UNDECIDED,
T_20260715_020241_260961_frame_000180.jpg,T_20260715_020241_260961.mp4,T_20260715_020241_260961,180,6.0,30.0,1280,720,True,True,48.684,True,127.606,False,False,76.438,False,False,,1,0,0.849346,T_20260715_020241_260961_frame_000150.jpg,False,1,REVIEW,UNDECIDED,
T_20260715_020241_260961_frame_000210.jpg,T_20260715_020241_260961.mp4,T_20260715_020241_260961,210,7.0,30.0,1280,720,True,True,50.287,True,132.945,False,False,78.542,False,False,,1,0,0.887211,T_20260715_020241_260961_frame_000120.jpg,False,1,REVIEW,UNDECIDED,
T_20260715_020241_260961_frame_000240.jpg,T_20260715_020241_260961.mp4,T_20260715_020241_260961,240,8.0,30.0,1280,720,True,True,49.154,True,135.688,False,False,78.077,False,False,,1,0,0.835022,T_20260715_020241_260961_frame_000330.jpg,False,1,REVIEW,UNDECIDED,
T_20260715_020241_260961_frame_000270.jpg,T_20260715_020241_260961.mp4,T_20260715_020241_260961,270,9.0,30.0,1280,720,True,True,48.7,True,129.291,False,False,77.672,False,False,,1,0,0.887567,T_20260715_020241_260961_frame_000360.jpg,False,1,REVIEW,UNDECIDED,
T_20260715_020241_260961_frame_000300.jpg,T_20260715_020241_260961.mp4,T_20260715_020241_260961,300,10.0,30.0,1280,720,True,True,53.397,True,133.741,False,False,78.791,False,False,,1,0,0.899859,T_20260715_020241_260961_frame_000390.jpg,False,1,REVIEW,UNDECIDED,
T_20260715_020241_260961_frame_000330.jpg,T_20260715_020241_260961.mp4,T_20260715_020241_260961,330,11.0,30.0,1280,720,True,True,53.046,True,133.412,False,False,77.852,False,False,,1,0,0.87067,T_20260715_020241_260961_frame_000360.jpg,False,1,REVIEW,UNDECIDED,
T_20260715_020241_260961_frame_000360.jpg,T_20260715_020241_260961.mp4,T_20260715_020241_260961,360,12.0,30.0,1280,720,True,True,55.147,True,129.566,False,False,77.389,False,False,,1,0,0.887567,T_20260715_020241_260961_frame_000270.jpg,False,1,REVIEW,UNDECIDED,
T_20260715_020241_260961_frame_000390.jpg,T_20260715_020241_260961.mp4,T_20260715_020241_260961,390,13.0,30.0,1280,720,True,True,56.269,True,133.455,False,False,78.143,False,False,,1,0,0.899859,T_20260715_020241_260961_frame_000300.jpg,False,1,REVIEW,UNDECIDED,
T_20260715_020241_260961_frame_000420.jpg,T_20260715_020241_260961.mp4,T_20260715_020241_260961,420,14.0,30.0,1280,720,True,True,52.539,True,134.733,False,False,78.101,False,False,,1,0,0.844992,T_20260715_020241_260961_frame_000390.jpg,False,1,REVIEW,UNDECIDED,
T_20260715_020318_603937_frame_000000.jpg,T_20260715_020318_603937.mp4,T_20260715_020318_603937,0,0.0,30.0,1280,720,True,True,56.601,True,134.832,False,False,79.34,False,False,,1,0,0.88591,T_20260715_020318_603937_frame_000030.jpg,False,1,REVIEW,UNDECIDED,
T_20260715_020318_603937_frame_000030.jpg,T_20260715_020318_603937.mp4,T_20260715_020318_603937,30,1.0,30.0,1280,720,True,True,55.747,True,135.899,False,False,79.054,False,False,,1,0,0.88591,T_20260715_020318_603937_frame_000000.jpg,False,1,REVIEW,UNDECIDED,
T_20260715_020318_603937_frame_000060.jpg,T_20260715_020318_603937.mp4,T_20260715_020318_603937,60,2.0,30.0,1280,720,True,True,53.675,True,131.986,False,False,77.229,False,False,,1,0,0.835648,T_20260715_020318_603937_frame_000120.jpg,False,1,REVIEW,UNDECIDED,
T_20260715_020318_603937_frame_000090.jpg,T_20260715_020318_603937.mp4,T_20260715_020318_603937,90,3.0,30.0,1280,720,True,True,55.12,True,136.81,False,False,78.288,False,False,,1,0,0.806719,T_20260715_020318_603937_frame_000150.jpg,False,1,REVIEW,UNDECIDED,
T_20260715_020318_603937_frame_000120.jpg,T_20260715_020318_603937.mp4,T_20260715_020318_603937,120,4.0,30.0,1280,720,True,True,50.197,True,127.317,False,False,75.884,False,False,,1,0,0.835648,T_20260715_020318_603937_frame_000060.jpg,False,1,REVIEW,UNDECIDED,
T_20260715_020318_603937_frame_000150.jpg,T_20260715_020318_603937.mp4,T_20260715_020318_603937,150,5.0,30.0,1280,720,True,True,53.073,True,134.115,False,False,78.586,False,False,,1,0,0.811848,T_20260715_020318_603937_frame_000210.jpg,False,1,REVIEW,UNDECIDED,
T_20260715_020318_603937_frame_000180.jpg,T_20260715_020318_603937.mp4,T_20260715_020318_603937,180,6.0,30.0,1280,720,True,True,50.698,True,132.53,False,False,77.668,False,False,,1,0,0.928554,T_20260715_020318_603937_frame_000210.jpg,False,1,REVIEW,UNDECIDED,
T_20260715_020318_603937_frame_000210.jpg,T_20260715_020318_603937.mp4,T_20260715_020318_603937,210,7.0,30.0,1280,720,True,True,55.166,True,132.011,False,False,77.512,False,False,,1,0,0.928554,T_20260715_020318_603937_frame_000180.jpg,False,1,REVIEW,UNDECIDED,
T_20260715_020318_603937_frame_000240.jpg,T_20260715_020318_603937.mp4,T_20260715_020318_603937,240,8.0,30.0,1280,720,True,True,50.998,True,131.557,False,False,76.719,False,False,,1,0,0.864553,T_20260715_020318_603937_frame_000210.jpg,False,1,REVIEW,UNDECIDED,
T_20260715_020318_603937_frame_000270.jpg,T_20260715_020318_603937.mp4,T_20260715_020318_603937,270,9.0,30.0,1280,720,True,True,35.701,True,130.351,False,False,76.981,False,False,,1,0,0.818429,T_20260715_020318_603937_frame_000240.jpg,False,1,REVIEW,UNDECIDED,
T_20260715_020318_603937_frame_000300.jpg,T_20260715_020318_603937.mp4,T_20260715_020318_603937,300,10.0,30.0,1280,720,True,True,48.337,True,130.811,False,False,77.031,False,False,,1,0,0.834885,T_20260715_020318_603937_frame_000330.jpg,False,1,REVIEW,UNDECIDED,
T_20260715_020318_603937_frame_000330.jpg,T_20260715_020318_603937.mp4,T_20260715_020318_603937,330,11.0,30.0,1280,720,True,True,50.612,True,131.27,False,False,77.247,False,False,,1,0,0.834885,T_20260715_020318_603937_frame_000300.jpg,False,1,REVIEW,UNDECIDED,
T_20260715_020318_603937_frame_000360.jpg,T_20260715_020318_603937.mp4,T_20260715_020318_603937,360,12.0,30.0,1280,720,True,True,41.84,True,127.808,False,False,75.956,False,False,,1,0,0.811895,T_20260715_020318_603937_frame_000390.jpg,False,1,REVIEW,UNDECIDED,
T_20260715_020318_603937_frame_000390.jpg,T_20260715_020318_603937.mp4,T_20260715_020318_603937,390,13.0,30.0,1280,720,True,True,47.353,True,129.042,False,False,76.794,False,False,,1,0,0.811895,T_20260715_020318_603937_frame_000360.jpg,False,1,REVIEW,UNDECIDED,
T_20260715_020318_603937_frame_000420.jpg,T_20260715_020318_603937.mp4,T_20260715_020318_603937,420,14.0,30.0,1280,720,True,True,41.441,True,131.821,False,False,77.336,False,False,,1,0,0.86664,T_20260715_020318_603937_frame_000450.jpg,False,1,REVIEW,UNDECIDED,
T_20260715_020318_603937_frame_000450.jpg,T_20260715_020318_603937.mp4,T_20260715_020318_603937,450,15.0,30.0,1280,720,True,True,48.503,True,130.974,False,False,77.472,False,False,,1,0,0.86664,T_20260715_020318_603937_frame_000420.jpg,False,1,REVIEW,UNDECIDED,
T_20260715_020318_603937_frame_000480.jpg,T_20260715_020318_603937.mp4,T_20260715_020318_603937,480,16.0,30.0,1280,720,True,True,45.641,True,131.622,False,False,77.546,False,False,,1,0,0.821752,T_20260715_020318_603937_frame_000510.jpg,False,1,REVIEW,UNDECIDED,
T_20260715_020318_603937_frame_000510.jpg,T_20260715_020318_603937.mp4,T_20260715_020318_603937,510,17.0,30.0,1280,720,True,True,49.458,True,128.585,False,False,77.054,False,False,,1,0,0.821752,T_20260715_020318_603937_frame_000480.jpg,False,1,REVIEW,UNDECIDED,
T_20260715_020356_334524_frame_000000.jpg,T_20260715_020356_334524.mp4,T_20260715_020356_334524,0,0.0,30.0,1280,720,True,True,51.853,True,130.276,False,False,78.067,False,False,,1,0,0.764489,T_20260715_020356_334524_frame_000030.jpg,False,1,REVIEW,UNDECIDED,
T_20260715_020356_334524_frame_000030.jpg,T_20260715_020356_334524.mp4,T_20260715_020356_334524,30,1.0,30.0,1280,720,True,True,45.776,True,130.784,False,False,77.79,False,False,,1,0,0.895796,T_20260715_020356_334524_frame_000060.jpg,False,1,REVIEW,UNDECIDED,
T_20260715_020356_334524_frame_000060.jpg,T_20260715_020356_334524.mp4,T_20260715_020356_334524,60,2.0,30.0,1280,720,True,True,45.852,True,128.538,False,False,75.855,False,False,,1,0,0.895796,T_20260715_020356_334524_frame_000030.jpg,False,1,REVIEW,UNDECIDED,
T_20260715_020356_334524_frame_000090.jpg,T_20260715_020356_334524.mp4,T_20260715_020356_334524,90,3.0,30.0,1280,720,True,True,43.137,True,126.89,False,False,77.031,False,False,,1,1,0.977581,T_20260715_020356_334524_frame_000120.jpg,True,2,REVIEW,UNDECIDED,
T_20260715_020356_334524_frame_000120.jpg,T_20260715_020356_334524.mp4,T_20260715_020356_334524,120,4.0,30.0,1280,720,True,True,44.804,True,126.904,False,False,77.06,False,False,,1,1,0.977581,T_20260715_020356_334524_frame_000090.jpg,True,2,REVIEW,UNDECIDED,
T_20260715_020356_334524_frame_000150.jpg,T_20260715_020356_334524.mp4,T_20260715_020356_334524,150,5.0,30.0,1280,720,True,True,45.163,True,129.845,False,False,78.093,False,False,,1,0,0.869378,T_20260715_020356_334524_frame_000240.jpg,False,1,REVIEW,UNDECIDED,
T_20260715_020356_334524_frame_000180.jpg,T_20260715_020356_334524.mp4,T_20260715_020356_334524,180,6.0,30.0,1280,720,True,True,44.803,True,126.8,False,False,76.179,False,False,,1,0,0.834472,T_20260715_020356_334524_frame_000210.jpg,False,1,REVIEW,UNDECIDED,
T_20260715_020356_334524_frame_000210.jpg,T_20260715_020356_334524.mp4,T_20260715_020356_334524,210,7.0,30.0,1280,720,True,True,44.374,True,125.881,False,False,77.505,False,False,,1,0,0.834472,T_20260715_020356_334524_frame_000180.jpg,False,1,REVIEW,UNDECIDED,
T_20260715_020356_334524_frame_000240.jpg,T_20260715_020356_334524.mp4,T_20260715_020356_334524,240,8.0,30.0,1280,720,True,True,38.971,True,130.287,False,False,78.921,False,False,,1,0,0.869378,T_20260715_020356_334524_frame_000150.jpg,False,1,REVIEW,UNDECIDED,
T_20260715_020356_334524_frame_000270.jpg,T_20260715_020356_334524.mp4,T_20260715_020356_334524,270,9.0,30.0,1280,720,True,True,40.968,True,121.017,False,False,74.669,False,False,,1,0,0.898537,T_20260715_020356_334524_frame_000300.jpg,False,1,REVIEW,UNDECIDED,
T_20260715_020356_334524_frame_000300.jpg,T_20260715_020356_334524.mp4,T_20260715_020356_334524,300,10.0,30.0,1280,720,True,True,44.248,True,120.808,False,False,74.502,False,False,,1,0,0.898537,T_20260715_020356_334524_frame_000270.jpg,False,1,REVIEW,UNDECIDED,
T_20260715_020356_334524_frame_000330.jpg,T_20260715_020356_334524.mp4,T_20260715_020356_334524,330,11.0,30.0,1280,720,True,True,50.021,True,133.135,False,False,77.449,False,False,,1,0,0.852518,T_20260715_020356_334524_frame_000240.jpg,False,1,REVIEW,UNDECIDED,
T_20260715_020421_699665_frame_000000.jpg,T_20260715_020421_699665.mp4,T_20260715_020421_699665,0,0.0,30.0,1280,720,True,True,48.566,True,134.591,False,False,78.976,False,False,,1,0,0.916449,T_20260715_020421_699665_frame_000030.jpg,False,1,REVIEW,UNDECIDED,
T_20260715_020421_699665_frame_000030.jpg,T_20260715_020421_699665.mp4,T_20260715_020421_699665,30,1.0,30.0,1280,720,True,True,47.83,True,133.322,False,False,78.211,False,False,,1,0,0.916449,T_20260715_020421_699665_frame_000000.jpg,False,1,REVIEW,UNDECIDED,
T_20260715_020421_699665_frame_000060.jpg,T_20260715_020421_699665.mp4,T_20260715_020421_699665,60,2.0,30.0,1280,720,True,True,42.574,True,129.101,False,False,75.498,False,False,,1,0,0.883714,T_20260715_020421_699665_frame_000150.jpg,False,1,REVIEW,UNDECIDED,
T_20260715_020421_699665_frame_000090.jpg,T_20260715_020421_699665.mp4,T_20260715_020421_699665,90,3.0,30.0,1280,720,True,True,5.947,True,128.35,False,False,76.647,False,False,,1,0,0.891728,T_20260715_020421_699665_frame_000120.jpg,False,1,REVIEW,UNDECIDED,
T_20260715_020421_699665_frame_000120.jpg,T_20260715_020421_699665.mp4,T_20260715_020421_699665,120,4.0,30.0,1280,720,True,True,49.148,True,126.989,False,False,78.043,False,False,,1,0,0.891728,T_20260715_020421_699665_frame_000090.jpg,False,1,REVIEW,UNDECIDED,
T_20260715_020421_699665_frame_000150.jpg,T_20260715_020421_699665.mp4,T_20260715_020421_699665,150,5.0,30.0,1280,720,True,True,45.095,True,127.654,False,False,76.087,False,False,,1,0,0.883714,T_20260715_020421_699665_frame_000060.jpg,False,1,REVIEW,UNDECIDED,
T_20260715_020421_699665_frame_000180.jpg,T_20260715_020421_699665.mp4,T_20260715_020421_699665,180,6.0,30.0,1280,720,True,True,46.359,True,128.27,False,False,78.228,False,False,,1,0,0.885502,T_20260715_020421_699665_frame_000120.jpg,False,1,REVIEW,UNDECIDED,
T_20260715_020421_699665_frame_000210.jpg,T_20260715_020421_699665.mp4,T_20260715_020421_699665,210,7.0,30.0,1280,720,True,True,47.925,True,128.033,False,False,76.552,False,False,,1,0,0.869213,T_20260715_020421_699665_frame_000150.jpg,False,1,REVIEW,UNDECIDED,
T_20260715_020421_699665_frame_000240.jpg,T_20260715_020421_699665.mp4,T_20260715_020421_699665,240,8.0,30.0,1280,720,True,True,52.309,True,133.547,False,False,76.825,False,False,,1,0,0.854841,T_20260715_020421_699665_frame_000270.jpg,False,1,REVIEW,UNDECIDED,
T_20260715_020421_699665_frame_000270.jpg,T_20260715_020421_699665.mp4,T_20260715_020421_699665,270,9.0,30.0,1280,720,True,True,11.782,True,136.141,False,False,78.441,False,False,,1,0,0.854841,T_20260715_020421_699665_frame_000240.jpg,False,1,REVIEW,UNDECIDED,
T_20260715_020441_999906_frame_000000.jpg,T_20260715_020441_999906.mp4,T_20260715_020441_999906,0,0.0,30.0,1280,720,True,True,48.4,True,135.963,False,False,78.599,False,False,,1,0,0.899762,T_20260715_020441_999906_frame_000030.jpg,False,1,REVIEW,UNDECIDED,
T_20260715_020441_999906_frame_000030.jpg,T_20260715_020441_999906.mp4,T_20260715_020441_999906,30,1.0,30.0,1280,720,True,True,50.32,True,136.498,False,False,79.202,False,False,,1,0,0.899762,T_20260715_020441_999906_frame_000000.jpg,False,1,REVIEW,UNDECIDED,
T_20260715_020441_999906_frame_000060.jpg,T_20260715_020441_999906.mp4,T_20260715_020441_999906,60,2.0,30.0,1280,720,True,True,50.85,True,128.559,False,False,78.451,False,False,,1,0,0.838317,T_20260715_020441_999906_frame_000030.jpg,False,1,REVIEW,UNDECIDED,
T_20260715_020441_999906_frame_000090.jpg,T_20260715_020441_999906.mp4,T_20260715_020441_999906,90,3.0,30.0,1280,720,True,True,43.454,True,130.234,False,False,76.364,False,False,,1,0,0.811641,T_20260715_020441_999906_frame_000030.jpg,False,1,REVIEW,UNDECIDED,
T_20260715_020441_999906_frame_000120.jpg,T_20260715_020441_999906.mp4,T_20260715_020441_999906,120,4.0,30.0,1280,720,True,True,42.143,True,132.559,False,False,76.668,False,False,,1,0,0.814288,T_20260715_020441_999906_frame_000150.jpg,False,1,REVIEW,UNDECIDED,
T_20260715_020441_999906_frame_000150.jpg,T_20260715_020441_999906.mp4,T_20260715_020441_999906,150,5.0,30.0,1280,720,True,True,34.508,True,126.372,False,False,75.948,False,False,,1,0,0.899839,T_20260715_020441_999906_frame_000180.jpg,False,1,REVIEW,UNDECIDED,
T_20260715_020441_999906_frame_000180.jpg,T_20260715_020441_999906.mp4,T_20260715_020441_999906,180,6.0,30.0,1280,720,True,True,37.094,True,124.712,False,False,75.374,False,False,,1,0,0.899839,T_20260715_020441_999906_frame_000150.jpg,False,1,REVIEW,UNDECIDED,
T_20260715_020441_999906_frame_000210.jpg,T_20260715_020441_999906.mp4,T_20260715_020441_999906,210,7.0,30.0,1280,720,True,True,43.804,True,131.29,False,False,78.105,False,False,,1,1,0.962412,T_20260715_020441_999906_frame_000240.jpg,True,2,REVIEW,UNDECIDED,
T_20260715_020441_999906_frame_000240.jpg,T_20260715_020441_999906.mp4,T_20260715_020441_999906,240,8.0,30.0,1280,720,True,True,46.122,True,132.236,False,False,78.636,False,False,,1,1,0.962412,T_20260715_020441_999906_frame_000210.jpg,True,2,REVIEW,UNDECIDED,
T_20260715_020441_999906_frame_000270.jpg,T_20260715_020441_999906.mp4,T_20260715_020441_999906,270,9.0,30.0,1280,720,True,True,25.271,True,124.923,False,False,73.468,False,False,,1,0,0.837671,T_20260715_020441_999906_frame_000210.jpg,False,1,REVIEW,UNDECIDED,
T_20260715_020441_999906_frame_000300.jpg,T_20260715_020441_999906.mp4,T_20260715_020441_999906,300,10.0,30.0,1280,720,True,True,44.648,True,135.518,False,False,77.45,False,False,,1,0,0.825688,T_20260715_020441_999906_frame_000390.jpg,False,1,REVIEW,UNDECIDED,
T_20260715_020441_999906_frame_000330.jpg,T_20260715_020441_999906.mp4,T_20260715_020441_999906,330,11.0,30.0,1280,720,True,True,52.265,True,136.161,False,False,79.191,False,False,,1,0,0.888459,T_20260715_020441_999906_frame_000360.jpg,False,1,REVIEW,UNDECIDED,
T_20260715_020441_999906_frame_000360.jpg,T_20260715_020441_999906.mp4,T_20260715_020441_999906,360,12.0,30.0,1280,720,True,True,52.24,True,137.748,False,False,82.141,False,False,,1,0,0.94621,T_20260715_020441_999906_frame_000390.jpg,False,1,REVIEW,UNDECIDED,
T_20260715_020441_999906_frame_000390.jpg,T_20260715_020441_999906.mp4,T_20260715_020441_999906,390,13.0,30.0,1280,720,True,True,53.369,True,136.731,False,False,81.863,False,False,,1,0,0.94621,T_20260715_020441_999906_frame_000360.jpg,False,1,REVIEW,UNDECIDED,
T_20260715_020441_999906_frame_000420.jpg,T_20260715_020441_999906.mp4,T_20260715_020441_999906,420,14.0,30.0,1280,720,True,True,53.606,True,136.837,False,False,80.381,False,False,,1,1,0.962801,T_20260715_020441_999906_frame_000450.jpg,True,2,REVIEW,UNDECIDED,
T_20260715_020441_999906_frame_000450.jpg,T_20260715_020441_999906.mp4,T_20260715_020441_999906,450,15.0,30.0,1280,720,True,True,53.784,True,137.039,False,False,81.103,False,False,,1,1,0.962801,T_20260715_020441_999906_frame_000420.jpg,True,2,REVIEW,UNDECIDED,
T_20260715_020441_999906_frame_000480.jpg,T_20260715_020441_999906.mp4,T_20260715_020441_999906,480,16.0,30.0,1280,720,True,True,53.861,True,135.434,False,False,80.17,False,False,,1,0,0.92825,T_20260715_020441_999906_frame_000510.jpg,False,1,REVIEW,UNDECIDED,
T_20260715_020441_999906_frame_000510.jpg,T_20260715_020441_999906.mp4,T_20260715_020441_999906,510,17.0,30.0,1280,720,True,True,53.961,True,135.277,False,False,81.404,False,False,,1,3,0.963481,T_20260715_020441_999906_frame_000570.jpg,True,2,REVIEW,UNDECIDED,
T_20260715_020441_999906_frame_000540.jpg,T_20260715_020441_999906.mp4,T_20260715_020441_999906,540,18.0,30.0,1280,720,True,True,54.119,True,136.39,False,False,80.634,False,False,,1,2,0.952694,T_20260715_020441_999906_frame_000510.jpg,True,2,REVIEW,UNDECIDED,
T_20260715_020441_999906_frame_000570.jpg,T_20260715_020441_999906.mp4,T_20260715_020441_999906,570,19.0,30.0,1280,720,True,True,53.079,True,135.646,False,False,81.47,False,False,,1,4,0.965605,T_20260715_020441_999906_frame_000600.jpg,True,2,REVIEW,UNDECIDED,
T_20260715_020441_999906_frame_000600.jpg,T_20260715_020441_999906.mp4,T_20260715_020441_999906,600,20.0,30.0,1280,720,True,True,54.098,True,136.271,False,False,81.261,False,False,,1,3,0.965605,T_20260715_020441_999906_frame_000570.jpg,True,2,REVIEW,UNDECIDED,
T_20260715_020441_999906_frame_000630.jpg,T_20260715_020441_999906.mp4,T_20260715_020441_999906,630,21.0,30.0,1280,720,True,True,52.927,True,135.528,False,False,81.282,False,False,,1,2,0.964885,T_20260715_020441_999906_frame_000600.jpg,True,2,REVIEW,UNDECIDED,
T_20260715_020441_999906_frame_000660.jpg,T_20260715_020441_999906.mp4,T_20260715_020441_999906,660,22.0,30.0,1280,720,True,True,53.85,True,131.398,False,False,81.109,False,False,,1,0,0.871649,T_20260715_020441_999906_frame_000630.jpg,False,1,REVIEW,UNDECIDED,
T_20260715_020441_999906_frame_000690.jpg,T_20260715_020441_999906.mp4,T_20260715_020441_999906,690,23.0,30.0,1280,720,True,True,50.535,True,134.393,False,False,77.42,False,False,,1,0,0.920912,T_20260715_020441_999906_frame_000720.jpg,False,1,REVIEW,UNDECIDED,
T_20260715_020441_999906_frame_000720.jpg,T_20260715_020441_999906.mp4,T_20260715_020441_999906,720,24.0,30.0,1280,720,True,True,51.465,True,134.095,False,False,79.556,False,False,,1,0,0.920912,T_20260715_020441_999906_frame_000690.jpg,False,1,REVIEW,UNDECIDED,
T_20260715_020520_889167_frame_000000.jpg,T_20260715_020520_889167.mp4,T_20260715_020520_889167,0,0.0,30.0,1280,720,True,True,52.508,True,134.058,False,False,79.573,False,False,,1,0,0.856161,T_20260715_020520_889167_frame_000090.jpg,False,1,REVIEW,UNDECIDED,
T_20260715_020520_889167_frame_000030.jpg,T_20260715_020520_889167.mp4,T_20260715_020520_889167,30,1.0,30.0,1280,720,True,True,51.141,True,123.263,False,False,78.625,False,False,,1,0,0.807306,T_20260715_020520_889167_frame_000090.jpg,False,1,REVIEW,UNDECIDED,
T_20260715_020520_889167_frame_000060.jpg,T_20260715_020520_889167.mp4,T_20260715_020520_889167,60,2.0,30.0,1280,720,True,True,50.485,True,130.792,False,False,81.201,False,False,,1,0,0.932584,T_20260715_020520_889167_frame_000150.jpg,False,1,REVIEW,UNDECIDED,
T_20260715_020520_889167_frame_000090.jpg,T_20260715_020520_889167.mp4,T_20260715_020520_889167,90,3.0,30.0,1280,720,True,True,50.787,True,134.094,False,False,80.03,False,False,,1,1,0.959998,T_20260715_020520_889167_frame_000120.jpg,True,2,REVIEW,UNDECIDED,
T_20260715_020520_889167_frame_000120.jpg,T_20260715_020520_889167.mp4,T_20260715_020520_889167,120,4.0,30.0,1280,720,True,True,50.644,True,132.9,False,False,80.898,False,False,,1,1,0.959998,T_20260715_020520_889167_frame_000090.jpg,True,2,REVIEW,UNDECIDED,
T_20260715_020520_889167_frame_000150.jpg,T_20260715_020520_889167.mp4,T_20260715_020520_889167,150,5.0,30.0,1280,720,True,True,49.85,True,133.925,False,False,80.487,False,False,,1,3,0.976927,T_20260715_020520_889167_frame_000180.jpg,True,2,REVIEW,UNDECIDED,
T_20260715_020520_889167_frame_000180.jpg,T_20260715_020520_889167.mp4,T_20260715_020520_889167,180,6.0,30.0,1280,720,True,True,50.32,True,133.79,False,False,80.453,False,False,,1,4,0.976927,T_20260715_020520_889167_frame_000150.jpg,True,2,REVIEW,UNDECIDED,
T_20260715_020520_889167_frame_000210.jpg,T_20260715_020520_889167.mp4,T_20260715_020520_889167,210,7.0,30.0,1280,720,True,True,49.727,True,133.943,False,False,80.394,False,False,,1,4,0.979185,T_20260715_020520_889167_frame_000240.jpg,True,2,REVIEW,UNDECIDED,
T_20260715_020520_889167_frame_000240.jpg,T_20260715_020520_889167.mp4,T_20260715_020520_889167,240,8.0,30.0,1280,720,True,True,49.254,True,133.58,False,False,80.236,False,False,,1,4,0.979185,T_20260715_020520_889167_frame_000210.jpg,True,2,REVIEW,UNDECIDED,
T_20260715_020520_889167_frame_000270.jpg,T_20260715_020520_889167.mp4,T_20260715_020520_889167,270,9.0,30.0,1280,720,True,True,50.261,True,133.418,False,False,80.35,False,False,,1,3,0.967053,T_20260715_020520_889167_frame_000180.jpg,True,2,REVIEW,UNDECIDED,
T_20260715_020520_889167_frame_000300.jpg,T_20260715_020520_889167.mp4,T_20260715_020520_889167,300,10.0,30.0,1280,720,True,True,50.615,True,137.117,False,False,79.354,False,False,,1,0,0.853215,T_20260715_020520_889167_frame_000210.jpg,False,1,REVIEW,UNDECIDED,
T_20260715_020520_889167_frame_000330.jpg,T_20260715_020520_889167.mp4,T_20260715_020520_889167,330,11.0,30.0,1280,720,True,True,50.205,True,137.137,False,False,79.417,False,False,,1,0,0.855156,T_20260715_020520_889167_frame_000240.jpg,False,1,REVIEW,UNDECIDED,
T_20260715_020520_889167_frame_000360.jpg,T_20260715_020520_889167.mp4,T_20260715_020520_889167,360,12.0,30.0,1280,720,True,True,47.912,True,128.398,False,False,80.54,False,False,,1,0,0.87998,T_20260715_020520_889167_frame_000390.jpg,False,1,REVIEW,UNDECIDED,
T_20260715_020520_889167_frame_000390.jpg,T_20260715_020520_889167.mp4,T_20260715_020520_889167,390,13.0,30.0,1280,720,True,True,49.401,True,129.752,False,False,80.191,False,False,,1,0,0.919173,T_20260715_020520_889167_frame_000420.jpg,False,1,REVIEW,UNDECIDED,
T_20260715_020520_889167_frame_000420.jpg,T_20260715_020520_889167.mp4,T_20260715_020520_889167,420,14.0,30.0,1280,720,True,True,51.925,True,129.965,False,False,80.041,False,False,,1,0,0.921207,T_20260715_020520_889167_frame_000450.jpg,False,1,REVIEW,UNDECIDED,
T_20260715_020520_889167_frame_000450.jpg,T_20260715_020520_889167.mp4,T_20260715_020520_889167,450,15.0,30.0,1280,720,True,True,46.792,True,129.181,False,False,79.825,False,False,,1,0,0.921524,T_20260715_020520_889167_frame_000480.jpg,False,1,REVIEW,UNDECIDED,
T_20260715_020520_889167_frame_000480.jpg,T_20260715_020520_889167.mp4,T_20260715_020520_889167,480,16.0,30.0,1280,720,True,True,51.013,True,128.362,False,False,79.53,False,False,,1,0,0.921524,T_20260715_020520_889167_frame_000450.jpg,False,1,REVIEW,UNDECIDED,
T_20260715_020520_889167_frame_000510.jpg,T_20260715_020520_889167.mp4,T_20260715_020520_889167,510,17.0,30.0,1280,720,True,True,46.36,True,129.366,False,False,79.267,False,False,,1,0,0.930351,T_20260715_020520_889167_frame_000540.jpg,False,1,REVIEW,UNDECIDED,
T_20260715_020520_889167_frame_000540.jpg,T_20260715_020520_889167.mp4,T_20260715_020520_889167,540,18.0,30.0,1280,720,True,True,47.691,True,130.518,False,False,78.914,False,False,,1,0,0.935453,T_20260715_020520_889167_frame_000570.jpg,False,1,REVIEW,UNDECIDED,
T_20260715_020520_889167_frame_000570.jpg,T_20260715_020520_889167.mp4,T_20260715_020520_889167,570,19.0,30.0,1280,720,True,True,47.593,True,130.951,False,False,79.004,False,False,,1,0,0.935453,T_20260715_020520_889167_frame_000540.jpg,False,1,REVIEW,UNDECIDED,
T_20260715_020520_889167_frame_000600.jpg,T_20260715_020520_889167.mp4,T_20260715_020520_889167,600,20.0,30.0,1280,720,True,True,48.287,True,132.623,False,False,80.358,False,False,,1,0,0.882668,T_20260715_020520_889167_frame_000570.jpg,False,1,REVIEW,UNDECIDED,
T_20260715_020520_889167_frame_000630.jpg,T_20260715_020520_889167.mp4,T_20260715_020520_889167,630,21.0,30.0,1280,720,True,True,50.569,True,133.13,False,False,77.926,False,False,,1,0,0.780123,T_20260715_020520_889167_frame_000570.jpg,False,1,REVIEW,UNDECIDED,
T_20260715_020604_756053_frame_000000.jpg,T_20260715_020604_756053.mp4,T_20260715_020604_756053,0,0.0,30.0,1280,720,True,True,56.967,True,135.133,False,False,79.565,False,False,,1,0,0.863768,T_20260715_020604_756053_frame_000030.jpg,False,1,REVIEW,UNDECIDED,
T_20260715_020604_756053_frame_000030.jpg,T_20260715_020604_756053.mp4,T_20260715_020604_756053,30,1.0,30.0,1280,720,True,True,50.905,True,134.274,False,False,80.817,False,False,,1,0,0.883042,T_20260715_020604_756053_frame_000060.jpg,False,1,REVIEW,UNDECIDED,
T_20260715_020604_756053_frame_000060.jpg,T_20260715_020604_756053.mp4,T_20260715_020604_756053,60,2.0,30.0,1280,720,True,True,50.629,True,131.811,False,False,80.17,False,False,,1,0,0.883042,T_20260715_020604_756053_frame_000030.jpg,False,1,REVIEW,UNDECIDED,
T_20260715_020604_756053_frame_000090.jpg,T_20260715_020604_756053.mp4,T_20260715_020604_756053,90,3.0,30.0,1280,720,True,True,43.583,True,133.084,False,False,79.293,False,False,,1,0,0.803307,T_20260715_020604_756053_frame_000030.jpg,False,1,REVIEW,UNDECIDED,
T_20260715_020604_756053_frame_000120.jpg,T_20260715_020604_756053.mp4,T_20260715_020604_756053,120,4.0,30.0,1280,720,True,True,47.204,True,133.533,False,False,79.028,False,False,,1,0,0.794452,T_20260715_020604_756053_frame_000090.jpg,False,1,REVIEW,UNDECIDED,
T_20260715_020604_756053_frame_000150.jpg,T_20260715_020604_756053.mp4,T_20260715_020604_756053,150,5.0,30.0,1280,720,True,True,44.462,True,131.638,False,False,77.642,False,False,,1,0,0.795454,T_20260715_020604_756053_frame_000210.jpg,False,1,REVIEW,UNDECIDED,
T_20260715_020604_756053_frame_000180.jpg,T_20260715_020604_756053.mp4,T_20260715_020604_756053,180,6.0,30.0,1280,720,True,True,13.746,True,130.724,False,False,78.145,False,False,,1,0,0.828772,T_20260715_020604_756053_frame_000210.jpg,False,1,REVIEW,UNDECIDED,
T_20260715_020604_756053_frame_000210.jpg,T_20260715_020604_756053.mp4,T_20260715_020604_756053,210,7.0,30.0,1280,720,True,True,48.591,True,133.565,False,False,79.827,False,False,,1,0,0.835323,T_20260715_020604_756053_frame_000240.jpg,False,1,REVIEW,UNDECIDED,
T_20260715_020604_756053_frame_000240.jpg,T_20260715_020604_756053.mp4,T_20260715_020604_756053,240,8.0,30.0,1280,720,True,True,51.288,True,133.065,False,False,79.653,False,False,,1,0,0.835323,T_20260715_020604_756053_frame_000210.jpg,False,1,REVIEW,UNDECIDED,
T_20260715_020604_756053_frame_000270.jpg,T_20260715_020604_756053.mp4,T_20260715_020604_756053,270,9.0,30.0,1280,720,True,True,43.095,True,132.091,False,False,79.642,False,False,,1,0,0.861213,T_20260715_020604_756053_frame_000300.jpg,False,1,REVIEW,UNDECIDED,
T_20260715_020604_756053_frame_000300.jpg,T_20260715_020604_756053.mp4,T_20260715_020604_756053,300,10.0,30.0,1280,720,True,True,51.119,True,138.223,False,False,80.534,False,False,,1,0,0.861213,T_20260715_020604_756053_frame_000270.jpg,False,1,REVIEW,UNDECIDED,
T_20260715_020604_756053_frame_000330.jpg,T_20260715_020604_756053.mp4,T_20260715_020604_756053,330,11.0,30.0,1280,720,True,True,48.702,True,129.049,False,False,78.524,False,False,,1,0,0.850481,T_20260715_020604_756053_frame_000270.jpg,False,1,REVIEW,UNDECIDED,
T_20260715_020604_756053_frame_000360.jpg,T_20260715_020604_756053.mp4,T_20260715_020604_756053,360,12.0,30.0,1280,720,True,True,48.378,True,127.589,False,False,77.641,False,False,,1,0,0.761602,T_20260715_020604_756053_frame_000420.jpg,False,1,REVIEW,UNDECIDED,
T_20260715_020604_756053_frame_000390.jpg,T_20260715_020604_756053.mp4,T_20260715_020604_756053,390,13.0,30.0,1280,720,True,True,51.014,True,136.638,False,False,79.763,False,False,,1,0,0.881725,T_20260715_020604_756053_frame_000420.jpg,False,1,REVIEW,UNDECIDED,
T_20260715_020604_756053_frame_000420.jpg,T_20260715_020604_756053.mp4,T_20260715_020604_756053,420,14.0,30.0,1280,720,True,True,49.877,True,136.644,False,False,81.518,False,False,,1,0,0.881725,T_20260715_020604_756053_frame_000390.jpg,False,1,REVIEW,UNDECIDED,
T_20260715_020604_756053_frame_000450.jpg,T_20260715_020604_756053.mp4,T_20260715_020604_756053,450,15.0,30.0,1280,720,True,True,50.294,True,138.255,False,False,79.479,False,False,,1,0,0.864184,T_20260715_020604_756053_frame_000420.jpg,False,1,REVIEW,UNDECIDED,
T_20260715_020604_756053_frame_000480.jpg,T_20260715_020604_756053.mp4,T_20260715_020604_756053,480,16.0,30.0,1280,720,True,True,48.332,True,125.505,False,False,78.141,False,False,,1,0,0.812631,T_20260715_020604_756053_frame_000420.jpg,False,1,REVIEW,UNDECIDED,
T_20260715_020604_756053_frame_000510.jpg,T_20260715_020604_756053.mp4,T_20260715_020604_756053,510,17.0,30.0,1280,720,True,True,49.875,True,139.028,False,False,81.285,False,False,,1,0,0.85,T_20260715_020604_756053_frame_000540.jpg,False,1,REVIEW,UNDECIDED,
T_20260715_020604_756053_frame_000540.jpg,T_20260715_020604_756053.mp4,T_20260715_020604_756053,540,18.0,30.0,1280,720,True,True,43.846,True,132.139,False,False,79.2,False,False,,1,0,0.85,T_20260715_020604_756053_frame_000510.jpg,False,1,REVIEW,UNDECIDED,
T_20260715_020604_756053_frame_000570.jpg,T_20260715_020604_756053.mp4,T_20260715_020604_756053,570,19.0,30.0,1280,720,True,True,54.65,True,130.456,False,False,78.579,False,False,,1,0,0.774909,T_20260715_020604_756053_frame_000600.jpg,False,1,REVIEW,UNDECIDED,
T_20260715_020604_756053_frame_000600.jpg,T_20260715_020604_756053.mp4,T_20260715_020604_756053,600,20.0,30.0,1280,720,True,True,45.156,True,122.953,False,False,74.38,False,False,,1,0,0.774909,T_20260715_020604_756053_frame_000570.jpg,False,1,REVIEW,UNDECIDED,
T_20260715_020604_756053_frame_000630.jpg,T_20260715_020604_756053.mp4,T_20260715_020604_756053,630,21.0,30.0,1280,720,True,True,48.05,True,124.747,False,False,76.182,False,False,,1,0,0.752751,T_20260715_020604_756053_frame_000690.jpg,False,1,REVIEW,UNDECIDED,
T_20260715_020604_756053_frame_000660.jpg,T_20260715_020604_756053.mp4,T_20260715_020604_756053,660,22.0,30.0,1280,720,True,True,47.65,True,133.856,False,False,78.102,False,False,,1,0,0.750952,T_20260715_020604_756053_frame_000630.jpg,False,1,REVIEW,UNDECIDED,
T_20260715_020604_756053_frame_000690.jpg,T_20260715_020604_756053.mp4,T_20260715_020604_756053,690,23.0,30.0,1280,720,True,True,39.402,True,128.65,False,False,76.207,False,False,,1,0,0.752751,T_20260715_020604_756053_frame_000630.jpg,False,1,REVIEW,UNDECIDED,
T_20260715_020604_756053_frame_000720.jpg,T_20260715_020604_756053.mp4,T_20260715_020604_756053,720,24.0,30.0,1280,720,True,True,52.886,True,136.925,False,False,78.985,False,False,,1,0,0.862708,T_20260715_020604_756053_frame_000750.jpg,False,1,REVIEW,UNDECIDED,
T_20260715_020604_756053_frame_000750.jpg,T_20260715_020604_756053.mp4,T_20260715_020604_756053,750,25.0,30.0,1280,720,True,True,50.472,True,135.894,False,False,79.357,False,False,,1,0,0.862708,T_20260715_020604_756053_frame_000720.jpg,False,1,REVIEW,UNDECIDED,
T_20260715_020604_756053_frame_000780.jpg,T_20260715_020604_756053.mp4,T_20260715_020604_756053,780,26.0,30.0,1280,720,True,True,51.525,True,133.451,False,False,77.871,False,False,,1,0,0.742464,T_20260715_020604_756053_frame_000750.jpg,False,1,REVIEW,UNDECIDED,
T_20260715_020711_333827_frame_000000.jpg,T_20260715_020711_333827.mp4,T_20260715_020711_333827,0,0.0,30.0,1280,720,True,True,58.33,True,138.246,False,False,80.904,False,False,,1,0,0.909876,T_20260715_020711_333827_frame_000030.jpg,False,1,REVIEW,UNDECIDED,
T_20260715_020711_333827_frame_000030.jpg,T_20260715_020711_333827.mp4,T_20260715_020711_333827,30,1.0,30.0,1280,720,True,True,56.574,True,136.23,False,False,80.029,False,False,,1,0,0.909876,T_20260715_020711_333827_frame_000000.jpg,False,1,REVIEW,UNDECIDED,
T_20260715_020711_333827_frame_000060.jpg,T_20260715_020711_333827.mp4,T_20260715_020711_333827,60,2.0,30.0,1280,720,True,True,51.407,True,132.59,False,False,77.256,False,False,,1,0,0.887575,T_20260715_020711_333827_frame_000030.jpg,False,1,REVIEW,UNDECIDED,
T_20260715_020711_333827_frame_000090.jpg,T_20260715_020711_333827.mp4,T_20260715_020711_333827,90,3.0,30.0,1280,720,True,True,43.91,True,129.315,False,False,76.993,False,False,,1,0,0.818926,T_20260715_020711_333827_frame_000030.jpg,False,1,REVIEW,UNDECIDED,
T_20260715_020711_333827_frame_000120.jpg,T_20260715_020711_333827.mp4,T_20260715_020711_333827,120,4.0,30.0,1280,720,True,True,42.339,True,128.008,False,False,77.917,False,False,,1,0,0.723681,T_20260715_020711_333827_frame_000030.jpg,False,1,REVIEW,UNDECIDED,
T_20260715_020711_333827_frame_000150.jpg,T_20260715_020711_333827.mp4,T_20260715_020711_333827,150,5.0,30.0,1280,720,True,True,47.687,True,126.033,False,False,77.343,False,False,,1,0,0.812764,T_20260715_020711_333827_frame_000090.jpg,False,1,REVIEW,UNDECIDED,
T_20260715_020711_333827_frame_000180.jpg,T_20260715_020711_333827.mp4,T_20260715_020711_333827,180,6.0,30.0,1280,720,True,True,50.469,True,130.673,False,False,76.881,False,False,,1,0,0.766589,T_20260715_020711_333827_frame_000090.jpg,False,1,REVIEW,UNDECIDED,
T_20260715_020711_333827_frame_000210.jpg,T_20260715_020711_333827.mp4,T_20260715_020711_333827,210,7.0,30.0,1280,720,True,True,50.502,True,134.387,False,False,75.777,False,False,,1,0,0.810737,T_20260715_020711_333827_frame_000270.jpg,False,1,REVIEW,UNDECIDED,
T_20260715_020711_333827_frame_000240.jpg,T_20260715_020711_333827.mp4,T_20260715_020711_333827,240,8.0,30.0,1280,720,True,True,56.362,True,131.749,False,False,78.648,False,False,,1,0,0.88793,T_20260715_020711_333827_frame_000270.jpg,False,1,REVIEW,UNDECIDED,
T_20260715_020711_333827_frame_000270.jpg,T_20260715_020711_333827.mp4,T_20260715_020711_333827,270,9.0,30.0,1280,720,True,True,53.055,True,131.898,False,False,78.923,False,False,,1,0,0.88793,T_20260715_020711_333827_frame_000240.jpg,False,1,REVIEW,UNDECIDED,
T_20260715_020711_333827_frame_000300.jpg,T_20260715_020711_333827.mp4,T_20260715_020711_333827,300,10.0,30.0,1280,720,True,True,48.276,True,125.74,False,False,75.22,False,False,,1,0,0.883999,T_20260715_020711_333827_frame_000330.jpg,False,1,REVIEW,UNDECIDED,
T_20260715_020711_333827_frame_000330.jpg,T_20260715_020711_333827.mp4,T_20260715_020711_333827,330,11.0,30.0,1280,720,True,True,47.395,True,124.849,False,False,74.437,False,False,,1,0,0.883999,T_20260715_020711_333827_frame_000300.jpg,False,1,REVIEW,UNDECIDED,
T_20260715_020711_333827_frame_000360.jpg,T_20260715_020711_333827.mp4,T_20260715_020711_333827,360,12.0,30.0,1280,720,True,True,39.562,True,124.106,False,False,77.076,False,False,,1,0,0.770986,T_20260715_020711_333827_frame_000390.jpg,False,1,REVIEW,UNDECIDED,
T_20260715_020711_333827_frame_000390.jpg,T_20260715_020711_333827.mp4,T_20260715_020711_333827,390,13.0,30.0,1280,720,True,True,48.065,True,137.454,False,False,81.114,False,False,,1,0,0.802555,T_20260715_020711_333827_frame_000450.jpg,False,1,REVIEW,UNDECIDED,
T_20260715_020711_333827_frame_000420.jpg,T_20260715_020711_333827.mp4,T_20260715_020711_333827,420,14.0,30.0,1280,720,True,True,53.761,True,135.518,False,False,78.327,False,False,,1,0,0.831772,T_20260715_020711_333827_frame_000450.jpg,False,1,REVIEW,UNDECIDED,
T_20260715_020711_333827_frame_000450.jpg,T_20260715_020711_333827.mp4,T_20260715_020711_333827,450,15.0,30.0,1280,720,True,True,53.606,True,134.116,False,False,80.555,False,False,,1,0,0.831772,T_20260715_020711_333827_frame_000420.jpg,False,1,REVIEW,UNDECIDED,
T_20260715_020711_333827_frame_000480.jpg,T_20260715_020711_333827.mp4,T_20260715_020711_333827,480,16.0,30.0,1280,720,True,True,53.017,True,130.336,False,False,79.926,False,False,,1,0,0.860202,T_20260715_020711_333827_frame_000570.jpg,False,1,REVIEW,UNDECIDED,
T_20260715_020711_333827_frame_000510.jpg,T_20260715_020711_333827.mp4,T_20260715_020711_333827,510,17.0,30.0,1280,720,True,True,52.027,True,129.58,False,False,79.062,False,False,,1,0,0.887543,T_20260715_020711_333827_frame_000570.jpg,False,1,REVIEW,UNDECIDED,
T_20260715_020711_333827_frame_000540.jpg,T_20260715_020711_333827.mp4,T_20260715_020711_333827,540,18.0,30.0,1280,720,True,True,46.254,True,132.885,False,False,79.62,False,False,,1,0,0.908322,T_20260715_020711_333827_frame_000570.jpg,False,1,REVIEW,UNDECIDED,
T_20260715_020711_333827_frame_000570.jpg,T_20260715_020711_333827.mp4,T_20260715_020711_333827,570,19.0,30.0,1280,720,True,True,53.798,True,133.432,False,False,79.75,False,False,,1,0,0.908322,T_20260715_020711_333827_frame_000540.jpg,False,1,REVIEW,UNDECIDED,
T_20260715_020711_333827_frame_000600.jpg,T_20260715_020711_333827.mp4,T_20260715_020711_333827,600,20.0,30.0,1280,720,True,True,49.315,True,132.224,False,False,78.246,False,False,,1,0,0.83893,T_20260715_020711_333827_frame_000630.jpg,False,1,REVIEW,UNDECIDED,
T_20260715_020711_333827_frame_000630.jpg,T_20260715_020711_333827.mp4,T_20260715_020711_333827,630,21.0,30.0,1280,720,True,True,52.846,True,133.596,False,False,78.454,False,False,,1,0,0.883173,T_20260715_020711_333827_frame_000690.jpg,False,1,REVIEW,UNDECIDED,
T_20260715_020711_333827_frame_000660.jpg,T_20260715_020711_333827.mp4,T_20260715_020711_333827,660,22.0,30.0,1280,720,True,True,56.808,True,126.277,False,False,77.669,False,False,,1,0,0.858197,T_20260715_020711_333827_frame_000570.jpg,False,1,REVIEW,UNDECIDED,
T_20260715_020711_333827_frame_000690.jpg,T_20260715_020711_333827.mp4,T_20260715_020711_333827,690,23.0,30.0,1280,720,True,True,49.158,True,132.017,False,False,78.834,False,False,,1,0,0.883173,T_20260715_020711_333827_frame_000630.jpg,False,1,REVIEW,UNDECIDED,
