trial_id,image_a,image_b,source_frame_a,source_frame_b,frame_distance,similarity_score,is_near_duplicate
T_20260712_195606_753667,T_20260712_195606_753667_frame_000000.jpg,T_20260712_195606_753667_frame_000030.jpg,0,30,30,0.978534,True
T_20260712_195606_753667,T_20260712_195606_753667_frame_000000.jpg,T_20260712_195606_753667_frame_000060.jpg,0,60,60,0.979607,True
T_20260712_195606_753667,T_20260712_195606_753667_frame_000000.jpg,T_20260712_195606_753667_frame_000090.jpg,0,90,90,0.98711,True
T_20260712_195606_753667,T_20260712_195606_753667_frame_000030.jpg,T_20260712_195606_753667_frame_000060.jpg,30,60,30,0.992349,True
T_20260712_195606_753667,T_20260712_195606_753667_frame_000030.jpg,T_20260712_195606_753667_frame_000090.jpg,30,90,60,0.981428,True
T_20260712_195606_753667,T_20260712_195606_753667_frame_000030.jpg,T_20260712_195606_753667_frame_000120.jpg,30,120,90,0.976487,True
T_20260712_195606_753667,T_20260712_195606_753667_frame_000060.jpg,T_20260712_195606_753667_frame_000090.jpg,60,90,30,0.980718,True
T_20260712_195606_753667,T_20260712_195606_753667_frame_000060.jpg,T_20260712_195606_753667_frame_000120.jpg,60,120,60,0.977177,True
T_20260712_195606_753667,T_20260712_195606_753667_frame_000060.jpg,T_20260712_195606_753667_frame_000150.jpg,60,150,90,0.877758,False
T_20260712_195606_753667,T_20260712_195606_753667_frame_000090.jpg,T_20260712_195606_753667_frame_000120.jpg,90,120,30,0.987924,True
T_20260712_195606_753667,T_20260712_195606_753667_frame_000090.jpg,T_20260712_195606_753667_frame_000150.jpg,90,150,60,0.892343,False
T_20260712_195606_753667,T_20260712_195606_753667_frame_000090.jpg,T_20260712_195606_753667_frame_000180.jpg,90,180,90,0.985309,True
T_20260712_195606_753667,T_20260712_195606_753667_frame_000120.jpg,T_20260712_195606_753667_frame_000150.jpg,120,150,30,0.895302,False
T_20260712_195606_753667,T_20260712_195606_753667_frame_000120.jpg,T_20260712_195606_753667_frame_000180.jpg,120,180,60,0.990449,True
T_20260712_195606_753667,T_20260712_195606_753667_frame_000150.jpg,T_20260712_195606_753667_frame_000180.jpg,150,180,30,0.896874,False
T_20260712_195649_403972,T_20260712_195649_403972_frame_000000.jpg,T_20260712_195649_403972_frame_000030.jpg,0,30,30,0.923185,False
T_20260712_195649_403972,T_20260712_195649_403972_frame_000000.jpg,T_20260712_195649_403972_frame_000060.jpg,0,60,60,0.886651,False
T_20260712_195649_403972,T_20260712_195649_403972_frame_000000.jpg,T_20260712_195649_403972_frame_000090.jpg,0,90,90,0.876904,False
T_20260712_195649_403972,T_20260712_195649_403972_frame_000030.jpg,T_20260712_195649_403972_frame_000060.jpg,30,60,30,0.931782,False
T_20260712_195649_403972,T_20260712_195649_403972_frame_000030.jpg,T_20260712_195649_403972_frame_000090.jpg,30,90,60,0.90174,False
T_20260712_195649_403972,T_20260712_195649_403972_frame_000030.jpg,T_20260712_195649_403972_frame_000120.jpg,30,120,90,0.899377,False
T_20260712_195649_403972,T_20260712_195649_403972_frame_000060.jpg,T_20260712_195649_403972_frame_000090.jpg,60,90,30,0.873487,False
T_20260712_195649_403972,T_20260712_195649_403972_frame_000060.jpg,T_20260712_195649_403972_frame_000120.jpg,60,120,60,0.870059,False
T_20260712_195649_403972,T_20260712_195649_403972_frame_000060.jpg,T_20260712_195649_403972_frame_000150.jpg,60,150,90,0.866171,False
T_20260712_195649_403972,T_20260712_195649_403972_frame_000090.jpg,T_20260712_195649_403972_frame_000120.jpg,90,120,30,0.987639,True
T_20260712_195649_403972,T_20260712_195649_403972_frame_000090.jpg,T_20260712_195649_403972_frame_000150.jpg,90,150,60,0.973329,True
T_20260712_195649_403972,T_20260712_195649_403972_frame_000090.jpg,T_20260712_195649_403972_frame_000180.jpg,90,180,90,0.97191,True
T_20260712_195649_403972,T_20260712_195649_403972_frame_000120.jpg,T_20260712_195649_403972_frame_000150.jpg,120,150,30,0.977749,True
T_20260712_195649_403972,T_20260712_195649_403972_frame_000120.jpg,T_20260712_195649_403972_frame_000180.jpg,120,180,60,0.976426,True
T_20260712_195649_403972,T_20260712_195649_403972_frame_000120.jpg,T_20260712_195649_403972_frame_000210.jpg,120,210,90,0.975415,True
T_20260712_195649_403972,T_20260712_195649_403972_frame_000150.jpg,T_20260712_195649_403972_frame_000180.jpg,150,180,30,0.990169,True
T_20260712_195649_403972,T_20260712_195649_403972_frame_000150.jpg,T_20260712_195649_403972_frame_000210.jpg,150,210,60,0.990276,True
T_20260712_195649_403972,T_20260712_195649_403972_frame_000180.jpg,T_20260712_195649_403972_frame_000210.jpg,180,210,30,0.992078,True
T_20260712_195728_922976,T_20260712_195728_922976_frame_000000.jpg,T_20260712_195728_922976_frame_000030.jpg,0,30,30,0.785791,False
T_20260712_195728_922976,T_20260712_195728_922976_frame_000000.jpg,T_20260712_195728_922976_frame_000060.jpg,0,60,60,0.780989,False
T_20260712_195728_922976,T_20260712_195728_922976_frame_000000.jpg,T_20260712_195728_922976_frame_000090.jpg,0,90,90,0.792632,False
T_20260712_195728_922976,T_20260712_195728_922976_frame_000030.jpg,T_20260712_195728_922976_frame_000060.jpg,30,60,30,0.989745,True
T_20260712_195728_922976,T_20260712_195728_922976_frame_000030.jpg,T_20260712_195728_922976_frame_000090.jpg,30,90,60,0.985697,True
T_20260712_195728_922976,T_20260712_195728_922976_frame_000030.jpg,T_20260712_195728_922976_frame_000120.jpg,30,120,90,0.973919,True
T_20260712_195728_922976,T_20260712_195728_922976_frame_000060.jpg,T_20260712_195728_922976_frame_000090.jpg,60,90,30,0.983251,True
T_20260712_195728_922976,T_20260712_195728_922976_frame_000060.jpg,T_20260712_195728_922976_frame_000120.jpg,60,120,60,0.971795,True
T_20260712_195728_922976,T_20260712_195728_922976_frame_000060.jpg,T_20260712_195728_922976_frame_000150.jpg,60,150,90,0.970222,True
T_20260712_195728_922976,T_20260712_195728_922976_frame_000090.jpg,T_20260712_195728_922976_frame_000120.jpg,90,120,30,0.980072,True
T_20260712_195728_922976,T_20260712_195728_922976_frame_000090.jpg,T_20260712_195728_922976_frame_000150.jpg,90,150,60,0.980039,True
T_20260712_195728_922976,T_20260712_195728_922976_frame_000090.jpg,T_20260712_195728_922976_frame_000180.jpg,90,180,90,0.980119,True
T_20260712_195728_922976,T_20260712_195728_922976_frame_000120.jpg,T_20260712_195728_922976_frame_000150.jpg,120,150,30,0.990735,True
T_20260712_195728_922976,T_20260712_195728_922976_frame_000120.jpg,T_20260712_195728_922976_frame_000180.jpg,120,180,60,0.991771,True
T_20260712_195728_922976,T_20260712_195728_922976_frame_000150.jpg,T_20260712_195728_922976_frame_000180.jpg,150,180,30,0.992432,True
T_20260712_195753_424095,T_20260712_195753_424095_frame_000000.jpg,T_20260712_195753_424095_frame_000030.jpg,0,30,30,0.885808,False
T_20260712_195753_424095,T_20260712_195753_424095_frame_000000.jpg,T_20260712_195753_424095_frame_000060.jpg,0,60,60,0.883502,False
T_20260712_195753_424095,T_20260712_195753_424095_frame_000000.jpg,T_20260712_195753_424095_frame_000090.jpg,0,90,90,0.885068,False
T_20260712_195753_424095,T_20260712_195753_424095_frame_000030.jpg,T_20260712_195753_424095_frame_000060.jpg,30,60,30,0.983751,True
T_20260712_195753_424095,T_20260712_195753_424095_frame_000030.jpg,T_20260712_195753_424095_frame_000090.jpg,30,90,60,0.988274,True
T_20260712_195753_424095,T_20260712_195753_424095_frame_000030.jpg,T_20260712_195753_424095_frame_000120.jpg,30,120,90,0.985894,True
T_20260712_195753_424095,T_20260712_195753_424095_frame_000060.jpg,T_20260712_195753_424095_frame_000090.jpg,60,90,30,0.986765,True
T_20260712_195753_424095,T_20260712_195753_424095_frame_000060.jpg,T_20260712_195753_424095_frame_000120.jpg,60,120,60,0.985208,True
T_20260712_195753_424095,T_20260712_195753_424095_frame_000060.jpg,T_20260712_195753_424095_frame_000150.jpg,60,150,90,0.98161,True
T_20260712_195753_424095,T_20260712_195753_424095_frame_000090.jpg,T_20260712_195753_424095_frame_000120.jpg,90,120,30,0.98611,True
T_20260712_195753_424095,T_20260712_195753_424095_frame_000090.jpg,T_20260712_195753_424095_frame_000150.jpg,90,150,60,0.984247,True
T_20260712_195753_424095,T_20260712_195753_424095_frame_000120.jpg,T_20260712_195753_424095_frame_000150.jpg,120,150,30,0.989329,True
T_20260712_195837_322396,T_20260712_195837_322396_frame_000000.jpg,T_20260712_195837_322396_frame_000030.jpg,0,30,30,0.805072,False
T_20260712_195837_322396,T_20260712_195837_322396_frame_000000.jpg,T_20260712_195837_322396_frame_000060.jpg,0,60,60,0.806933,False
T_20260712_195837_322396,T_20260712_195837_322396_frame_000000.jpg,T_20260712_195837_322396_frame_000090.jpg,0,90,90,0.810032,False
T_20260712_195837_322396,T_20260712_195837_322396_frame_000030.jpg,T_20260712_195837_322396_frame_000060.jpg,30,60,30,0.900672,False
T_20260712_195837_322396,T_20260712_195837_322396_frame_000030.jpg,T_20260712_195837_322396_frame_000090.jpg,30,90,60,0.886798,False
T_20260712_195837_322396,T_20260712_195837_322396_frame_000030.jpg,T_20260712_195837_322396_frame_000120.jpg,30,120,90,0.882133,False
T_20260712_195837_322396,T_20260712_195837_322396_frame_000060.jpg,T_20260712_195837_322396_frame_000090.jpg,60,90,30,0.880677,False
T_20260712_195837_322396,T_20260712_195837_322396_frame_000060.jpg,T_20260712_195837_322396_frame_000120.jpg,60,120,60,0.921309,False
T_20260712_195837_322396,T_20260712_195837_322396_frame_000060.jpg,T_20260712_195837_322396_frame_000150.jpg,60,150,90,0.876004,False
T_20260712_195837_322396,T_20260712_195837_322396_frame_000090.jpg,T_20260712_195837_322396_frame_000120.jpg,90,120,30,0.899353,False
T_20260712_195837_322396,T_20260712_195837_322396_frame_000090.jpg,T_20260712_195837_322396_frame_000150.jpg,90,150,60,0.884678,False
T_20260712_195837_322396,T_20260712_195837_322396_frame_000090.jpg,T_20260712_195837_322396_frame_000180.jpg,90,180,90,0.906396,False
T_20260712_195837_322396,T_20260712_195837_322396_frame_000120.jpg,T_20260712_195837_322396_frame_000150.jpg,120,150,30,0.890848,False
T_20260712_195837_322396,T_20260712_195837_322396_frame_000120.jpg,T_20260712_195837_322396_frame_000180.jpg,120,180,60,0.86953,False
T_20260712_195837_322396,T_20260712_195837_322396_frame_000120.jpg,T_20260712_195837_322396_frame_000210.jpg,120,210,90,0.867061,False
T_20260712_195837_322396,T_20260712_195837_322396_frame_000150.jpg,T_20260712_195837_322396_frame_000180.jpg,150,180,30,0.882073,False
T_20260712_195837_322396,T_20260712_195837_322396_frame_000150.jpg,T_20260712_195837_322396_frame_000210.jpg,150,210,60,0.914588,False
T_20260712_195837_322396,T_20260712_195837_322396_frame_000150.jpg,T_20260712_195837_322396_frame_000240.jpg,150,240,90,0.903531,False
T_20260712_195837_322396,T_20260712_195837_322396_frame_000180.jpg,T_20260712_195837_322396_frame_000210.jpg,180,210,30,0.900069,False
T_20260712_195837_322396,T_20260712_195837_322396_frame_000180.jpg,T_20260712_195837_322396_frame_000240.jpg,180,240,60,0.895927,False
T_20260712_195837_322396,T_20260712_195837_322396_frame_000180.jpg,T_20260712_195837_322396_frame_000270.jpg,180,270,90,0.899871,False
T_20260712_195837_322396,T_20260712_195837_322396_frame_000210.jpg,T_20260712_195837_322396_frame_000240.jpg,210,240,30,0.922916,False
T_20260712_195837_322396,T_20260712_195837_322396_frame_000210.jpg,T_20260712_195837_322396_frame_000270.jpg,210,270,60,0.925043,False
T_20260712_195837_322396,T_20260712_195837_322396_frame_000240.jpg,T_20260712_195837_322396_frame_000270.jpg,240,270,30,0.961539,True
T_20260712_195933_076767,T_20260712_195933_076767_frame_000000.jpg,T_20260712_195933_076767_frame_000030.jpg,0,30,30,0.872783,False
T_20260712_195933_076767,T_20260712_195933_076767_frame_000000.jpg,T_20260712_195933_076767_frame_000060.jpg,0,60,60,0.8926,False
T_20260712_195933_076767,T_20260712_195933_076767_frame_000000.jpg,T_20260712_195933_076767_frame_000090.jpg,0,90,90,0.890522,False
T_20260712_195933_076767,T_20260712_195933_076767_frame_000030.jpg,T_20260712_195933_076767_frame_000060.jpg,30,60,30,0.973896,True
T_20260712_195933_076767,T_20260712_195933_076767_frame_000030.jpg,T_20260712_195933_076767_frame_000090.jpg,30,90,60,0.973786,True
T_20260712_195933_076767,T_20260712_195933_076767_frame_000030.jpg,T_20260712_195933_076767_frame_000120.jpg,30,120,90,0.977401,True
T_20260712_195933_076767,T_20260712_195933_076767_frame_000060.jpg,T_20260712_195933_076767_frame_000090.jpg,60,90,30,0.990243,True
T_20260712_195933_076767,T_20260712_195933_076767_frame_000060.jpg,T_20260712_195933_076767_frame_000120.jpg,60,120,60,0.988891,True
T_20260712_195933_076767,T_20260712_195933_076767_frame_000060.jpg,T_20260712_195933_076767_frame_000150.jpg,60,150,90,0.987809,True
T_20260712_195933_076767,T_20260712_195933_076767_frame_000090.jpg,T_20260712_195933_076767_frame_000120.jpg,90,120,30,0.988706,True
T_20260712_195933_076767,T_20260712_195933_076767_frame_000090.jpg,T_20260712_195933_076767_frame_000150.jpg,90,150,60,0.988955,True
T_20260712_195933_076767,T_20260712_195933_076767_frame_000120.jpg,T_20260712_195933_076767_frame_000150.jpg,120,150,30,0.992861,True
T_20260712_200002_161235,T_20260712_200002_161235_frame_000000.jpg,T_20260712_200002_161235_frame_000030.jpg,0,30,30,0.781577,False
T_20260712_200002_161235,T_20260712_200002_161235_frame_000000.jpg,T_20260712_200002_161235_frame_000060.jpg,0,60,60,0.784994,False
T_20260712_200002_161235,T_20260712_200002_161235_frame_000000.jpg,T_20260712_200002_161235_frame_000090.jpg,0,90,90,0.795999,False
T_20260712_200002_161235,T_20260712_200002_161235_frame_000030.jpg,T_20260712_200002_161235_frame_000060.jpg,30,60,30,0.987084,True
T_20260712_200002_161235,T_20260712_200002_161235_frame_000030.jpg,T_20260712_200002_161235_frame_000090.jpg,30,90,60,0.982164,True
T_20260712_200002_161235,T_20260712_200002_161235_frame_000030.jpg,T_20260712_200002_161235_frame_000120.jpg,30,120,90,0.982779,True
T_20260712_200002_161235,T_20260712_200002_161235_frame_000060.jpg,T_20260712_200002_161235_frame_000090.jpg,60,90,30,0.984378,True
T_20260712_200002_161235,T_20260712_200002_161235_frame_000060.jpg,T_20260712_200002_161235_frame_000120.jpg,60,120,60,0.984088,True
T_20260712_200002_161235,T_20260712_200002_161235_frame_000060.jpg,T_20260712_200002_161235_frame_000150.jpg,60,150,90,0.972846,True
T_20260712_200002_161235,T_20260712_200002_161235_frame_000090.jpg,T_20260712_200002_161235_frame_000120.jpg,90,120,30,0.990914,True
T_20260712_200002_161235,T_20260712_200002_161235_frame_000090.jpg,T_20260712_200002_161235_frame_000150.jpg,90,150,60,0.982183,True
T_20260712_200002_161235,T_20260712_200002_161235_frame_000090.jpg,T_20260712_200002_161235_frame_000180.jpg,90,180,90,0.979015,True
T_20260712_200002_161235,T_20260712_200002_161235_frame_000120.jpg,T_20260712_200002_161235_frame_000150.jpg,120,150,30,0.983436,True
T_20260712_200002_161235,T_20260712_200002_161235_frame_000120.jpg,T_20260712_200002_161235_frame_000180.jpg,120,180,60,0.981019,True
T_20260712_200002_161235,T_20260712_200002_161235_frame_000150.jpg,T_20260712_200002_161235_frame_000180.jpg,150,180,30,0.989716,True
T_20260712_200033_240601,T_20260712_200033_240601_frame_000000.jpg,T_20260712_200033_240601_frame_000030.jpg,0,30,30,0.823938,False
T_20260712_200033_240601,T_20260712_200033_240601_frame_000000.jpg,T_20260712_200033_240601_frame_000060.jpg,0,60,60,0.830299,False
T_20260712_200033_240601,T_20260712_200033_240601_frame_000000.jpg,T_20260712_200033_240601_frame_000090.jpg,0,90,90,0.844992,False
T_20260712_200033_240601,T_20260712_200033_240601_frame_000030.jpg,T_20260712_200033_240601_frame_000060.jpg,30,60,30,0.987889,True
T_20260712_200033_240601,T_20260712_200033_240601_frame_000030.jpg,T_20260712_200033_240601_frame_000090.jpg,30,90,60,0.97479,True
T_20260712_200033_240601,T_20260712_200033_240601_frame_000030.jpg,T_20260712_200033_240601_frame_000120.jpg,30,120,90,0.973646,True
T_20260712_200033_240601,T_20260712_200033_240601_frame_000060.jpg,T_20260712_200033_240601_frame_000090.jpg,60,90,30,0.978795,True
T_20260712_200033_240601,T_20260712_200033_240601_frame_000060.jpg,T_20260712_200033_240601_frame_000120.jpg,60,120,60,0.979106,True
T_20260712_200033_240601,T_20260712_200033_240601_frame_000060.jpg,T_20260712_200033_240601_frame_000150.jpg,60,150,90,0.977886,True
T_20260712_200033_240601,T_20260712_200033_240601_frame_000090.jpg,T_20260712_200033_240601_frame_000120.jpg,90,120,30,0.991453,True
T_20260712_200033_240601,T_20260712_200033_240601_frame_000090.jpg,T_20260712_200033_240601_frame_000150.jpg,90,150,60,0.992154,True
T_20260712_200033_240601,T_20260712_200033_240601_frame_000120.jpg,T_20260712_200033_240601_frame_000150.jpg,120,150,30,0.991769,True
T_20260712_200051_593408,T_20260712_200051_593408_frame_000000.jpg,T_20260712_200051_593408_frame_000030.jpg,0,30,30,0.835242,False
T_20260712_200051_593408,T_20260712_200051_593408_frame_000000.jpg,T_20260712_200051_593408_frame_000060.jpg,0,60,60,0.837502,False
T_20260712_200051_593408,T_20260712_200051_593408_frame_000000.jpg,T_20260712_200051_593408_frame_000090.jpg,0,90,90,0.835831,False
T_20260712_200051_593408,T_20260712_200051_593408_frame_000030.jpg,T_20260712_200051_593408_frame_000060.jpg,30,60,30,0.911433,False
T_20260712_200051_593408,T_20260712_200051_593408_frame_000030.jpg,T_20260712_200051_593408_frame_000090.jpg,30,90,60,0.893242,False
T_20260712_200051_593408,T_20260712_200051_593408_frame_000030.jpg,T_20260712_200051_593408_frame_000120.jpg,30,120,90,0.909159,False
T_20260712_200051_593408,T_20260712_200051_593408_frame_000060.jpg,T_20260712_200051_593408_frame_000090.jpg,60,90,30,0.926958,False
T_20260712_200051_593408,T_20260712_200051_593408_frame_000060.jpg,T_20260712_200051_593408_frame_000120.jpg,60,120,60,0.907621,False
T_20260712_200051_593408,T_20260712_200051_593408_frame_000060.jpg,T_20260712_200051_593408_frame_000150.jpg,60,150,90,0.904441,False
T_20260712_200051_593408,T_20260712_200051_593408_frame_000090.jpg,T_20260712_200051_593408_frame_000120.jpg,90,120,30,0.909229,False
T_20260712_200051_593408,T_20260712_200051_593408_frame_000090.jpg,T_20260712_200051_593408_frame_000150.jpg,90,150,60,0.899135,False
T_20260712_200051_593408,T_20260712_200051_593408_frame_000090.jpg,T_20260712_200051_593408_frame_000180.jpg,90,180,90,0.906902,False
T_20260712_200051_593408,T_20260712_200051_593408_frame_000120.jpg,T_20260712_200051_593408_frame_000150.jpg,120,150,30,0.943071,False
T_20260712_200051_593408,T_20260712_200051_593408_frame_000120.jpg,T_20260712_200051_593408_frame_000180.jpg,120,180,60,0.92118,False
T_20260712_200051_593408,T_20260712_200051_593408_frame_000120.jpg,T_20260712_200051_593408_frame_000210.jpg,120,210,90,0.883077,False
T_20260712_200051_593408,T_20260712_200051_593408_frame_000150.jpg,T_20260712_200051_593408_frame_000180.jpg,150,180,30,0.928993,False
T_20260712_200051_593408,T_20260712_200051_593408_frame_000150.jpg,T_20260712_200051_593408_frame_000210.jpg,150,210,60,0.890598,False
T_20260712_200051_593408,T_20260712_200051_593408_frame_000150.jpg,T_20260712_200051_593408_frame_000240.jpg,150,240,90,0.901585,False
T_20260712_200051_593408,T_20260712_200051_593408_frame_000180.jpg,T_20260712_200051_593408_frame_000210.jpg,180,210,30,0.903305,False
T_20260712_200051_593408,T_20260712_200051_593408_frame_000180.jpg,T_20260712_200051_593408_frame_000240.jpg,180,240,60,0.91061,False
T_20260712_200051_593408,T_20260712_200051_593408_frame_000180.jpg,T_20260712_200051_593408_frame_000270.jpg,180,270,90,0.89597,False
T_20260712_200051_593408,T_20260712_200051_593408_frame_000210.jpg,T_20260712_200051_593408_frame_000240.jpg,210,240,30,0.907411,False
T_20260712_200051_593408,T_20260712_200051_593408_frame_000210.jpg,T_20260712_200051_593408_frame_000270.jpg,210,270,60,0.907907,False
T_20260712_200051_593408,T_20260712_200051_593408_frame_000210.jpg,T_20260712_200051_593408_frame_000300.jpg,210,300,90,0.916874,False
T_20260712_200051_593408,T_20260712_200051_593408_frame_000240.jpg,T_20260712_200051_593408_frame_000270.jpg,240,270,30,0.923018,False
T_20260712_200051_593408,T_20260712_200051_593408_frame_000240.jpg,T_20260712_200051_593408_frame_000300.jpg,240,300,60,0.900189,False
T_20260712_200051_593408,T_20260712_200051_593408_frame_000240.jpg,T_20260712_200051_593408_frame_000330.jpg,240,330,90,0.89289,False
T_20260712_200051_593408,T_20260712_200051_593408_frame_000270.jpg,T_20260712_200051_593408_frame_000300.jpg,270,300,30,0.915953,False
T_20260712_200051_593408,T_20260712_200051_593408_frame_000270.jpg,T_20260712_200051_593408_frame_000330.jpg,270,330,60,0.903569,False
T_20260712_200051_593408,T_20260712_200051_593408_frame_000300.jpg,T_20260712_200051_593408_frame_000330.jpg,300,330,30,0.939979,False
T_20260712_200134_229147,T_20260712_200134_229147_frame_000000.jpg,T_20260712_200134_229147_frame_000030.jpg,0,30,30,0.683256,False
T_20260712_200134_229147,T_20260712_200134_229147_frame_000000.jpg,T_20260712_200134_229147_frame_000060.jpg,0,60,60,0.693548,False
T_20260712_200134_229147,T_20260712_200134_229147_frame_000000.jpg,T_20260712_200134_229147_frame_000090.jpg,0,90,90,0.707138,False
T_20260712_200134_229147,T_20260712_200134_229147_frame_000030.jpg,T_20260712_200134_229147_frame_000060.jpg,30,60,30,0.983929,True
T_20260712_200134_229147,T_20260712_200134_229147_frame_000030.jpg,T_20260712_200134_229147_frame_000090.jpg,30,90,60,0.974095,True
T_20260712_200134_229147,T_20260712_200134_229147_frame_000030.jpg,T_20260712_200134_229147_frame_000120.jpg,30,120,90,0.971194,True
T_20260712_200134_229147,T_20260712_200134_229147_frame_000060.jpg,T_20260712_200134_229147_frame_000090.jpg,60,90,30,0.983565,True
T_20260712_200134_229147,T_20260712_200134_229147_frame_000060.jpg,T_20260712_200134_229147_frame_000120.jpg,60,120,60,0.983313,True
T_20260712_200134_229147,T_20260712_200134_229147_frame_000060.jpg,T_20260712_200134_229147_frame_000150.jpg,60,150,90,0.984967,True
T_20260712_200134_229147,T_20260712_200134_229147_frame_000090.jpg,T_20260712_200134_229147_frame_000120.jpg,90,120,30,0.989814,True
T_20260712_200134_229147,T_20260712_200134_229147_frame_000090.jpg,T_20260712_200134_229147_frame_000150.jpg,90,150,60,0.990407,True
T_20260712_200134_229147,T_20260712_200134_229147_frame_000090.jpg,T_20260712_200134_229147_frame_000180.jpg,90,180,90,0.991691,True
T_20260712_200134_229147,T_20260712_200134_229147_frame_000120.jpg,T_20260712_200134_229147_frame_000150.jpg,120,150,30,0.988541,True
T_20260712_200134_229147,T_20260712_200134_229147_frame_000120.jpg,T_20260712_200134_229147_frame_000180.jpg,120,180,60,0.991464,True
T_20260712_200134_229147,T_20260712_200134_229147_frame_000150.jpg,T_20260712_200134_229147_frame_000180.jpg,150,180,30,0.991353,True
T_20260712_200203_900296,T_20260712_200203_900296_frame_000000.jpg,T_20260712_200203_900296_frame_000030.jpg,0,30,30,0.788029,False
T_20260712_200203_900296,T_20260712_200203_900296_frame_000000.jpg,T_20260712_200203_900296_frame_000060.jpg,0,60,60,0.790644,False
T_20260712_200203_900296,T_20260712_200203_900296_frame_000000.jpg,T_20260712_200203_900296_frame_000090.jpg,0,90,90,0.800262,False
T_20260712_200203_900296,T_20260712_200203_900296_frame_000030.jpg,T_20260712_200203_900296_frame_000060.jpg,30,60,30,0.982967,True
T_20260712_200203_900296,T_20260712_200203_900296_frame_000030.jpg,T_20260712_200203_900296_frame_000090.jpg,30,90,60,0.96877,True
T_20260712_200203_900296,T_20260712_200203_900296_frame_000030.jpg,T_20260712_200203_900296_frame_000120.jpg,30,120,90,0.9667,True
T_20260712_200203_900296,T_20260712_200203_900296_frame_000060.jpg,T_20260712_200203_900296_frame_000090.jpg,60,90,30,0.977784,True
T_20260712_200203_900296,T_20260712_200203_900296_frame_000060.jpg,T_20260712_200203_900296_frame_000120.jpg,60,120,60,0.975433,True
T_20260712_200203_900296,T_20260712_200203_900296_frame_000060.jpg,T_20260712_200203_900296_frame_000150.jpg,60,150,90,0.975883,True
T_20260712_200203_900296,T_20260712_200203_900296_frame_000090.jpg,T_20260712_200203_900296_frame_000120.jpg,90,120,30,0.987863,True
T_20260712_200203_900296,T_20260712_200203_900296_frame_000090.jpg,T_20260712_200203_900296_frame_000150.jpg,90,150,60,0.989696,True
T_20260712_200203_900296,T_20260712_200203_900296_frame_000090.jpg,T_20260712_200203_900296_frame_000180.jpg,90,180,90,0.988367,True
T_20260712_200203_900296,T_20260712_200203_900296_frame_000120.jpg,T_20260712_200203_900296_frame_000150.jpg,120,150,30,0.991626,True
T_20260712_200203_900296,T_20260712_200203_900296_frame_000120.jpg,T_20260712_200203_900296_frame_000180.jpg,120,180,60,0.993969,True
T_20260712_200203_900296,T_20260712_200203_900296_frame_000150.jpg,T_20260712_200203_900296_frame_000180.jpg,150,180,30,0.992013,True
T_20260712_200241_482341,T_20260712_200241_482341_frame_000000.jpg,T_20260712_200241_482341_frame_000030.jpg,0,30,30,0.750475,False
T_20260712_200241_482341,T_20260712_200241_482341_frame_000000.jpg,T_20260712_200241_482341_frame_000060.jpg,0,60,60,0.758369,False
T_20260712_200241_482341,T_20260712_200241_482341_frame_000000.jpg,T_20260712_200241_482341_frame_000090.jpg,0,90,90,0.762951,False
T_20260712_200241_482341,T_20260712_200241_482341_frame_000030.jpg,T_20260712_200241_482341_frame_000060.jpg,30,60,30,0.942867,False
T_20260712_200241_482341,T_20260712_200241_482341_frame_000030.jpg,T_20260712_200241_482341_frame_000090.jpg,30,90,60,0.910859,False
T_20260712_200241_482341,T_20260712_200241_482341_frame_000030.jpg,T_20260712_200241_482341_frame_000120.jpg,30,120,90,0.90967,False
T_20260712_200241_482341,T_20260712_200241_482341_frame_000060.jpg,T_20260712_200241_482341_frame_000090.jpg,60,90,30,0.918885,False
T_20260712_200241_482341,T_20260712_200241_482341_frame_000060.jpg,T_20260712_200241_482341_frame_000120.jpg,60,120,60,0.921977,False
T_20260712_200241_482341,T_20260712_200241_482341_frame_000060.jpg,T_20260712_200241_482341_frame_000150.jpg,60,150,90,0.848704,False
T_20260712_200241_482341,T_20260712_200241_482341_frame_000090.jpg,T_20260712_200241_482341_frame_000120.jpg,90,120,30,0.982632,True
T_20260712_200241_482341,T_20260712_200241_482341_frame_000090.jpg,T_20260712_200241_482341_frame_000150.jpg,90,150,60,0.860243,False
T_20260712_200241_482341,T_20260712_200241_482341_frame_000090.jpg,T_20260712_200241_482341_frame_000180.jpg,90,180,90,0.841774,False
T_20260712_200241_482341,T_20260712_200241_482341_frame_000120.jpg,T_20260712_200241_482341_frame_000150.jpg,120,150,30,0.859557,False
T_20260712_200241_482341,T_20260712_200241_482341_frame_000120.jpg,T_20260712_200241_482341_frame_000180.jpg,120,180,60,0.843189,False
T_20260712_200241_482341,T_20260712_200241_482341_frame_000120.jpg,T_20260712_200241_482341_frame_000210.jpg,120,210,90,0.838904,False
T_20260712_200241_482341,T_20260712_200241_482341_frame_000150.jpg,T_20260712_200241_482341_frame_000180.jpg,150,180,30,0.949748,False
T_20260712_200241_482341,T_20260712_200241_482341_frame_000150.jpg,T_20260712_200241_482341_frame_000210.jpg,150,210,60,0.945439,False
T_20260712_200241_482341,T_20260712_200241_482341_frame_000180.jpg,T_20260712_200241_482341_frame_000210.jpg,180,210,30,0.988899,True
T_20260712_200303_171698,T_20260712_200303_171698_frame_000000.jpg,T_20260712_200303_171698_frame_000030.jpg,0,30,30,0.817493,False
T_20260712_200303_171698,T_20260712_200303_171698_frame_000000.jpg,T_20260712_200303_171698_frame_000060.jpg,0,60,60,0.812861,False
T_20260712_200303_171698,T_20260712_200303_171698_frame_000000.jpg,T_20260712_200303_171698_frame_000090.jpg,0,90,90,0.814157,False
T_20260712_200303_171698,T_20260712_200303_171698_frame_000030.jpg,T_20260712_200303_171698_frame_000060.jpg,30,60,30,0.907932,False
T_20260712_200303_171698,T_20260712_200303_171698_frame_000030.jpg,T_20260712_200303_171698_frame_000090.jpg,30,90,60,0.904465,False
T_20260712_200303_171698,T_20260712_200303_171698_frame_000030.jpg,T_20260712_200303_171698_frame_000120.jpg,30,120,90,0.822905,False
T_20260712_200303_171698,T_20260712_200303_171698_frame_000060.jpg,T_20260712_200303_171698_frame_000090.jpg,60,90,30,0.92399,False
T_20260712_200303_171698,T_20260712_200303_171698_frame_000060.jpg,T_20260712_200303_171698_frame_000120.jpg,60,120,60,0.838141,False
T_20260712_200303_171698,T_20260712_200303_171698_frame_000060.jpg,T_20260712_200303_171698_frame_000150.jpg,60,150,90,0.836237,False
T_20260712_200303_171698,T_20260712_200303_171698_frame_000090.jpg,T_20260712_200303_171698_frame_000120.jpg,90,120,30,0.833968,False
T_20260712_200303_171698,T_20260712_200303_171698_frame_000090.jpg,T_20260712_200303_171698_frame_000150.jpg,90,150,60,0.847507,False
T_20260712_200303_171698,T_20260712_200303_171698_frame_000090.jpg,T_20260712_200303_171698_frame_000180.jpg,90,180,90,0.823604,False
T_20260712_200303_171698,T_20260712_200303_171698_frame_000120.jpg,T_20260712_200303_171698_frame_000150.jpg,120,150,30,0.908164,False
T_20260712_200303_171698,T_20260712_200303_171698_frame_000120.jpg,T_20260712_200303_171698_frame_000180.jpg,120,180,60,0.850245,False
T_20260712_200303_171698,T_20260712_200303_171698_frame_000120.jpg,T_20260712_200303_171698_frame_000210.jpg,120,210,90,0.861223,False
T_20260712_200303_171698,T_20260712_200303_171698_frame_000150.jpg,T_20260712_200303_171698_frame_000180.jpg,150,180,30,0.866859,False
T_20260712_200303_171698,T_20260712_200303_171698_frame_000150.jpg,T_20260712_200303_171698_frame_000210.jpg,150,210,60,0.87452,False
T_20260712_200303_171698,T_20260712_200303_171698_frame_000150.jpg,T_20260712_200303_171698_frame_000240.jpg,150,240,90,0.869938,False
T_20260712_200303_171698,T_20260712_200303_171698_frame_000180.jpg,T_20260712_200303_171698_frame_000210.jpg,180,210,30,0.886891,False
T_20260712_200303_171698,T_20260712_200303_171698_frame_000180.jpg,T_20260712_200303_171698_frame_000240.jpg,180,240,60,0.895787,False
T_20260712_200303_171698,T_20260712_200303_171698_frame_000180.jpg,T_20260712_200303_171698_frame_000270.jpg,180,270,90,0.832558,False
T_20260712_200303_171698,T_20260712_200303_171698_frame_000210.jpg,T_20260712_200303_171698_frame_000240.jpg,210,240,30,0.958085,True
T_20260712_200303_171698,T_20260712_200303_171698_frame_000210.jpg,T_20260712_200303_171698_frame_000270.jpg,210,270,60,0.860534,False
T_20260712_200303_171698,T_20260712_200303_171698_frame_000210.jpg,T_20260712_200303_171698_frame_000300.jpg,210,300,90,0.807584,False
T_20260712_200303_171698,T_20260712_200303_171698_frame_000240.jpg,T_20260712_200303_171698_frame_000270.jpg,240,270,30,0.861862,False
T_20260712_200303_171698,T_20260712_200303_171698_frame_000240.jpg,T_20260712_200303_171698_frame_000300.jpg,240,300,60,0.811868,False
T_20260712_200303_171698,T_20260712_200303_171698_frame_000240.jpg,T_20260712_200303_171698_frame_000330.jpg,240,330,90,0.853906,False
T_20260712_200303_171698,T_20260712_200303_171698_frame_000270.jpg,T_20260712_200303_171698_frame_000300.jpg,270,300,30,0.798499,False
T_20260712_200303_171698,T_20260712_200303_171698_frame_000270.jpg,T_20260712_200303_171698_frame_000330.jpg,270,330,60,0.836494,False
T_20260712_200303_171698,T_20260712_200303_171698_frame_000270.jpg,T_20260712_200303_171698_frame_000360.jpg,270,360,90,0.852822,False
T_20260712_200303_171698,T_20260712_200303_171698_frame_000300.jpg,T_20260712_200303_171698_frame_000330.jpg,300,330,30,0.836526,False
T_20260712_200303_171698,T_20260712_200303_171698_frame_000300.jpg,T_20260712_200303_171698_frame_000360.jpg,300,360,60,0.817041,False
T_20260712_200303_171698,T_20260712_200303_171698_frame_000300.jpg,T_20260712_200303_171698_frame_000390.jpg,300,390,90,0.845382,False
T_20260712_200303_171698,T_20260712_200303_171698_frame_000330.jpg,T_20260712_200303_171698_frame_000360.jpg,330,360,30,0.921309,False
T_20260712_200303_171698,T_20260712_200303_171698_frame_000330.jpg,T_20260712_200303_171698_frame_000390.jpg,330,390,60,0.896708,False
T_20260712_200303_171698,T_20260712_200303_171698_frame_000360.jpg,T_20260712_200303_171698_frame_000390.jpg,360,390,30,0.881586,False
T_20260712_200340_371645,T_20260712_200340_371645_frame_000000.jpg,T_20260712_200340_371645_frame_000030.jpg,0,30,30,0.751513,False
T_20260712_200340_371645,T_20260712_200340_371645_frame_000000.jpg,T_20260712_200340_371645_frame_000060.jpg,0,60,60,0.735594,False
T_20260712_200340_371645,T_20260712_200340_371645_frame_000000.jpg,T_20260712_200340_371645_frame_000090.jpg,0,90,90,0.715945,False
T_20260712_200340_371645,T_20260712_200340_371645_frame_000030.jpg,T_20260712_200340_371645_frame_000060.jpg,30,60,30,0.872609,False
T_20260712_200340_371645,T_20260712_200340_371645_frame_000030.jpg,T_20260712_200340_371645_frame_000090.jpg,30,90,60,0.838855,False
T_20260712_200340_371645,T_20260712_200340_371645_frame_000030.jpg,T_20260712_200340_371645_frame_000120.jpg,30,120,90,0.847203,False
T_20260712_200340_371645,T_20260712_200340_371645_frame_000060.jpg,T_20260712_200340_371645_frame_000090.jpg,60,90,30,0.780292,False
T_20260712_200340_371645,T_20260712_200340_371645_frame_000060.jpg,T_20260712_200340_371645_frame_000120.jpg,60,120,60,0.811906,False
T_20260712_200340_371645,T_20260712_200340_371645_frame_000060.jpg,T_20260712_200340_371645_frame_000150.jpg,60,150,90,0.72915,False
T_20260712_200340_371645,T_20260712_200340_371645_frame_000090.jpg,T_20260712_200340_371645_frame_000120.jpg,90,120,30,0.85775,False
T_20260712_200340_371645,T_20260712_200340_371645_frame_000090.jpg,T_20260712_200340_371645_frame_000150.jpg,90,150,60,0.703279,False
T_20260712_200340_371645,T_20260712_200340_371645_frame_000090.jpg,T_20260712_200340_371645_frame_000180.jpg,90,180,90,0.74622,False
T_20260712_200340_371645,T_20260712_200340_371645_frame_000120.jpg,T_20260712_200340_371645_frame_000150.jpg,120,150,30,0.816825,False
T_20260712_200340_371645,T_20260712_200340_371645_frame_000120.jpg,T_20260712_200340_371645_frame_000180.jpg,120,180,60,0.842308,False
T_20260712_200340_371645,T_20260712_200340_371645_frame_000120.jpg,T_20260712_200340_371645_frame_000210.jpg,120,210,90,0.879196,False
T_20260712_200340_371645,T_20260712_200340_371645_frame_000150.jpg,T_20260712_200340_371645_frame_000180.jpg,150,180,30,0.745854,False
T_20260712_200340_371645,T_20260712_200340_371645_frame_000150.jpg,T_20260712_200340_371645_frame_000210.jpg,150,210,60,0.771389,False
T_20260712_200340_371645,T_20260712_200340_371645_frame_000150.jpg,T_20260712_200340_371645_frame_000240.jpg,150,240,90,0.762027,False
T_20260712_200340_371645,T_20260712_200340_371645_frame_000180.jpg,T_20260712_200340_371645_frame_000210.jpg,180,210,30,0.845155,False
T_20260712_200340_371645,T_20260712_200340_371645_frame_000180.jpg,T_20260712_200340_371645_frame_000240.jpg,180,240,60,0.837984,False
T_20260712_200340_371645,T_20260712_200340_371645_frame_000180.jpg,T_20260712_200340_371645_frame_000270.jpg,180,270,90,0.786703,False
T_20260712_200340_371645,T_20260712_200340_371645_frame_000210.jpg,T_20260712_200340_371645_frame_000240.jpg,210,240,30,0.9103,False
T_20260712_200340_371645,T_20260712_200340_371645_frame_000210.jpg,T_20260712_200340_371645_frame_000270.jpg,210,270,60,0.860317,False
T_20260712_200340_371645,T_20260712_200340_371645_frame_000210.jpg,T_20260712_200340_371645_frame_000300.jpg,210,300,90,0.873825,False
T_20260712_200340_371645,T_20260712_200340_371645_frame_000240.jpg,T_20260712_200340_371645_frame_000270.jpg,240,270,30,0.860247,False
T_20260712_200340_371645,T_20260712_200340_371645_frame_000240.jpg,T_20260712_200340_371645_frame_000300.jpg,240,300,60,0.860703,False
T_20260712_200340_371645,T_20260712_200340_371645_frame_000240.jpg,T_20260712_200340_371645_frame_000330.jpg,240,330,90,0.826417,False
T_20260712_200340_371645,T_20260712_200340_371645_frame_000270.jpg,T_20260712_200340_371645_frame_000300.jpg,270,300,30,0.858066,False
T_20260712_200340_371645,T_20260712_200340_371645_frame_000270.jpg,T_20260712_200340_371645_frame_000330.jpg,270,330,60,0.813443,False
T_20260712_200340_371645,T_20260712_200340_371645_frame_000270.jpg,T_20260712_200340_371645_frame_000360.jpg,270,360,90,0.804471,False
T_20260712_200340_371645,T_20260712_200340_371645_frame_000300.jpg,T_20260712_200340_371645_frame_000330.jpg,300,330,30,0.82198,False
T_20260712_200340_371645,T_20260712_200340_371645_frame_000300.jpg,T_20260712_200340_371645_frame_000360.jpg,300,360,60,0.821701,False
T_20260712_200340_371645,T_20260712_200340_371645_frame_000300.jpg,T_20260712_200340_371645_frame_000390.jpg,300,390,90,0.823487,False
T_20260712_200340_371645,T_20260712_200340_371645_frame_000330.jpg,T_20260712_200340_371645_frame_000360.jpg,330,360,30,0.905372,False
T_20260712_200340_371645,T_20260712_200340_371645_frame_000330.jpg,T_20260712_200340_371645_frame_000390.jpg,330,390,60,0.880679,False
T_20260712_200340_371645,T_20260712_200340_371645_frame_000330.jpg,T_20260712_200340_371645_frame_000420.jpg,330,420,90,0.793549,False
T_20260712_200340_371645,T_20260712_200340_371645_frame_000360.jpg,T_20260712_200340_371645_frame_000390.jpg,360,390,30,0.872286,False
T_20260712_200340_371645,T_20260712_200340_371645_frame_000360.jpg,T_20260712_200340_371645_frame_000420.jpg,360,420,60,0.792976,False
T_20260712_200340_371645,T_20260712_200340_371645_frame_000360.jpg,T_20260712_200340_371645_frame_000450.jpg,360,450,90,0.834618,False
T_20260712_200340_371645,T_20260712_200340_371645_frame_000390.jpg,T_20260712_200340_371645_frame_000420.jpg,390,420,30,0.841195,False
T_20260712_200340_371645,T_20260712_200340_371645_frame_000390.jpg,T_20260712_200340_371645_frame_000450.jpg,390,450,60,0.874173,False
T_20260712_200340_371645,T_20260712_200340_371645_frame_000420.jpg,T_20260712_200340_371645_frame_000450.jpg,420,450,30,0.874798,False
T_20260712_200418_666396,T_20260712_200418_666396_frame_000000.jpg,T_20260712_200418_666396_frame_000030.jpg,0,30,30,0.86056,False
T_20260712_200418_666396,T_20260712_200418_666396_frame_000000.jpg,T_20260712_200418_666396_frame_000060.jpg,0,60,60,0.848842,False
T_20260712_200418_666396,T_20260712_200418_666396_frame_000000.jpg,T_20260712_200418_666396_frame_000090.jpg,0,90,90,0.834035,False
T_20260712_200418_666396,T_20260712_200418_666396_frame_000030.jpg,T_20260712_200418_666396_frame_000060.jpg,30,60,30,0.886263,False
T_20260712_200418_666396,T_20260712_200418_666396_frame_000030.jpg,T_20260712_200418_666396_frame_000090.jpg,30,90,60,0.867193,False
T_20260712_200418_666396,T_20260712_200418_666396_frame_000030.jpg,T_20260712_200418_666396_frame_000120.jpg,30,120,90,0.869007,False
T_20260712_200418_666396,T_20260712_200418_666396_frame_000060.jpg,T_20260712_200418_666396_frame_000090.jpg,60,90,30,0.890111,False
T_20260712_200418_666396,T_20260712_200418_666396_frame_000060.jpg,T_20260712_200418_666396_frame_000120.jpg,60,120,60,0.88054,False
T_20260712_200418_666396,T_20260712_200418_666396_frame_000060.jpg,T_20260712_200418_666396_frame_000150.jpg,60,150,90,0.830411,False
T_20260712_200418_666396,T_20260712_200418_666396_frame_000090.jpg,T_20260712_200418_666396_frame_000120.jpg,90,120,30,0.905442,False
T_20260712_200418_666396,T_20260712_200418_666396_frame_000090.jpg,T_20260712_200418_666396_frame_000150.jpg,90,150,60,0.834347,False
T_20260712_200418_666396,T_20260712_200418_666396_frame_000090.jpg,T_20260712_200418_666396_frame_000180.jpg,90,180,90,0.872076,False
T_20260712_200418_666396,T_20260712_200418_666396_frame_000120.jpg,T_20260712_200418_666396_frame_000150.jpg,120,150,30,0.85422,False
T_20260712_200418_666396,T_20260712_200418_666396_frame_000120.jpg,T_20260712_200418_666396_frame_000180.jpg,120,180,60,0.879803,False
T_20260712_200418_666396,T_20260712_200418_666396_frame_000120.jpg,T_20260712_200418_666396_frame_000210.jpg,120,210,90,0.858588,False
T_20260712_200418_666396,T_20260712_200418_666396_frame_000150.jpg,T_20260712_200418_666396_frame_000180.jpg,150,180,30,0.872191,False
T_20260712_200418_666396,T_20260712_200418_666396_frame_000150.jpg,T_20260712_200418_666396_frame_000210.jpg,150,210,60,0.82116,False
T_20260712_200418_666396,T_20260712_200418_666396_frame_000150.jpg,T_20260712_200418_666396_frame_000240.jpg,150,240,90,0.795309,False
T_20260712_200418_666396,T_20260712_200418_666396_frame_000180.jpg,T_20260712_200418_666396_frame_000210.jpg,180,210,30,0.853286,False
T_20260712_200418_666396,T_20260712_200418_666396_frame_000180.jpg,T_20260712_200418_666396_frame_000240.jpg,180,240,60,0.798344,False
T_20260712_200418_666396,T_20260712_200418_666396_frame_000180.jpg,T_20260712_200418_666396_frame_000270.jpg,180,270,90,0.837146,False
T_20260712_200418_666396,T_20260712_200418_666396_frame_000210.jpg,T_20260712_200418_666396_frame_000240.jpg,210,240,30,0.776396,False
T_20260712_200418_666396,T_20260712_200418_666396_frame_000210.jpg,T_20260712_200418_666396_frame_000270.jpg,210,270,60,0.800896,False
T_20260712_200418_666396,T_20260712_200418_666396_frame_000210.jpg,T_20260712_200418_666396_frame_000300.jpg,210,300,90,0.751995,False
T_20260712_200418_666396,T_20260712_200418_666396_frame_000240.jpg,T_20260712_200418_666396_frame_000270.jpg,240,270,30,0.834588,False
T_20260712_200418_666396,T_20260712_200418_666396_frame_000240.jpg,T_20260712_200418_666396_frame_000300.jpg,240,300,60,0.819512,False
T_20260712_200418_666396,T_20260712_200418_666396_frame_000240.jpg,T_20260712_200418_666396_frame_000330.jpg,240,330,90,0.794527,False
T_20260712_200418_666396,T_20260712_200418_666396_frame_000270.jpg,T_20260712_200418_666396_frame_000300.jpg,270,300,30,0.842948,False
T_20260712_200418_666396,T_20260712_200418_666396_frame_000270.jpg,T_20260712_200418_666396_frame_000330.jpg,270,330,60,0.783285,False
T_20260712_200418_666396,T_20260712_200418_666396_frame_000270.jpg,T_20260712_200418_666396_frame_000360.jpg,270,360,90,0.828227,False
T_20260712_200418_666396,T_20260712_200418_666396_frame_000300.jpg,T_20260712_200418_666396_frame_000330.jpg,300,330,30,0.824466,False
T_20260712_200418_666396,T_20260712_200418_666396_frame_000300.jpg,T_20260712_200418_666396_frame_000360.jpg,300,360,60,0.827024,False
T_20260712_200418_666396,T_20260712_200418_666396_frame_000300.jpg,T_20260712_200418_666396_frame_000390.jpg,300,390,90,0.802805,False
T_20260712_200418_666396,T_20260712_200418_666396_frame_000330.jpg,T_20260712_200418_666396_frame_000360.jpg,330,360,30,0.806309,False
T_20260712_200418_666396,T_20260712_200418_666396_frame_000330.jpg,T_20260712_200418_666396_frame_000390.jpg,330,390,60,0.805056,False
T_20260712_200418_666396,T_20260712_200418_666396_frame_000330.jpg,T_20260712_200418_666396_frame_000420.jpg,330,420,90,0.802651,False
T_20260712_200418_666396,T_20260712_200418_666396_frame_000360.jpg,T_20260712_200418_666396_frame_000390.jpg,360,390,30,0.836209,False
T_20260712_200418_666396,T_20260712_200418_666396_frame_000360.jpg,T_20260712_200418_666396_frame_000420.jpg,360,420,60,0.828438,False
T_20260712_200418_666396,T_20260712_200418_666396_frame_000360.jpg,T_20260712_200418_666396_frame_000450.jpg,360,450,90,0.800043,False
T_20260712_200418_666396,T_20260712_200418_666396_frame_000390.jpg,T_20260712_200418_666396_frame_000420.jpg,390,420,30,0.875567,False
T_20260712_200418_666396,T_20260712_200418_666396_frame_000390.jpg,T_20260712_200418_666396_frame_000450.jpg,390,450,60,0.83081,False
T_20260712_200418_666396,T_20260712_200418_666396_frame_000390.jpg,T_20260712_200418_666396_frame_000480.jpg,390,480,90,0.811982,False
T_20260712_200418_666396,T_20260712_200418_666396_frame_000420.jpg,T_20260712_200418_666396_frame_000450.jpg,420,450,30,0.897836,False
T_20260712_200418_666396,T_20260712_200418_666396_frame_000420.jpg,T_20260712_200418_666396_frame_000480.jpg,420,480,60,0.879203,False
T_20260712_200418_666396,T_20260712_200418_666396_frame_000420.jpg,T_20260712_200418_666396_frame_000510.jpg,420,510,90,0.821264,False
T_20260712_200418_666396,T_20260712_200418_666396_frame_000450.jpg,T_20260712_200418_666396_frame_000480.jpg,450,480,30,0.872564,False
T_20260712_200418_666396,T_20260712_200418_666396_frame_000450.jpg,T_20260712_200418_666396_frame_000510.jpg,450,510,60,0.841644,False
T_20260712_200418_666396,T_20260712_200418_666396_frame_000450.jpg,T_20260712_200418_666396_frame_000540.jpg,450,540,90,0.834835,False
T_20260712_200418_666396,T_20260712_200418_666396_frame_000480.jpg,T_20260712_200418_666396_frame_000510.jpg,480,510,30,0.82179,False
T_20260712_200418_666396,T_20260712_200418_666396_frame_000480.jpg,T_20260712_200418_666396_frame_000540.jpg,480,540,60,0.832814,False
T_20260712_200418_666396,T_20260712_200418_666396_frame_000480.jpg,T_20260712_200418_666396_frame_000570.jpg,480,570,90,0.811315,False
T_20260712_200418_666396,T_20260712_200418_666396_frame_000510.jpg,T_20260712_200418_666396_frame_000540.jpg,510,540,30,0.884848,False
T_20260712_200418_666396,T_20260712_200418_666396_frame_000510.jpg,T_20260712_200418_666396_frame_000570.jpg,510,570,60,0.898538,False
T_20260712_200418_666396,T_20260712_200418_666396_frame_000510.jpg,T_20260712_200418_666396_frame_000600.jpg,510,600,90,0.876387,False
T_20260712_200418_666396,T_20260712_200418_666396_frame_000540.jpg,T_20260712_200418_666396_frame_000570.jpg,540,570,30,0.887896,False
T_20260712_200418_666396,T_20260712_200418_666396_frame_000540.jpg,T_20260712_200418_666396_frame_000600.jpg,540,600,60,0.910116,False
T_20260712_200418_666396,T_20260712_200418_666396_frame_000540.jpg,T_20260712_200418_666396_frame_000630.jpg,540,630,90,0.895088,False
T_20260712_200418_666396,T_20260712_200418_666396_frame_000570.jpg,T_20260712_200418_666396_frame_000600.jpg,570,600,30,0.899211,False
T_20260712_200418_666396,T_20260712_200418_666396_frame_000570.jpg,T_20260712_200418_666396_frame_000630.jpg,570,630,60,0.894126,False
T_20260712_200418_666396,T_20260712_200418_666396_frame_000570.jpg,T_20260712_200418_666396_frame_000660.jpg,570,660,90,0.759825,False
T_20260712_200418_666396,T_20260712_200418_666396_frame_000600.jpg,T_20260712_200418_666396_frame_000630.jpg,600,630,30,0.910556,False
T_20260712_200418_666396,T_20260712_200418_666396_frame_000600.jpg,T_20260712_200418_666396_frame_000660.jpg,600,660,60,0.763083,False
T_20260712_200418_666396,T_20260712_200418_666396_frame_000600.jpg,T_20260712_200418_666396_frame_000690.jpg,600,690,90,0.76854,False
T_20260712_200418_666396,T_20260712_200418_666396_frame_000630.jpg,T_20260712_200418_666396_frame_000660.jpg,630,660,30,0.798863,False
T_20260712_200418_666396,T_20260712_200418_666396_frame_000630.jpg,T_20260712_200418_666396_frame_000690.jpg,630,690,60,0.77559,False
T_20260712_200418_666396,T_20260712_200418_666396_frame_000630.jpg,T_20260712_200418_666396_frame_000720.jpg,630,720,90,0.762462,False
T_20260712_200418_666396,T_20260712_200418_666396_frame_000660.jpg,T_20260712_200418_666396_frame_000690.jpg,660,690,30,0.80088,False
T_20260712_200418_666396,T_20260712_200418_666396_frame_000660.jpg,T_20260712_200418_666396_frame_000720.jpg,660,720,60,0.796628,False
T_20260712_200418_666396,T_20260712_200418_666396_frame_000660.jpg,T_20260712_200418_666396_frame_000750.jpg,660,750,90,0.799436,False
T_20260712_200418_666396,T_20260712_200418_666396_frame_000690.jpg,T_20260712_200418_666396_frame_000720.jpg,690,720,30,0.913095,False
T_20260712_200418_666396,T_20260712_200418_666396_frame_000690.jpg,T_20260712_200418_666396_frame_000750.jpg,690,750,60,0.80647,False
T_20260712_200418_666396,T_20260712_200418_666396_frame_000690.jpg,T_20260712_200418_666396_frame_000780.jpg,690,780,90,0.802457,False
T_20260712_200418_666396,T_20260712_200418_666396_frame_000720.jpg,T_20260712_200418_666396_frame_000750.jpg,720,750,30,0.805373,False
T_20260712_200418_666396,T_20260712_200418_666396_frame_000720.jpg,T_20260712_200418_666396_frame_000780.jpg,720,780,60,0.789062,False
T_20260712_200418_666396,T_20260712_200418_666396_frame_000750.jpg,T_20260712_200418_666396_frame_000780.jpg,750,780,30,0.803491,False
T_20260715_015858_798765,T_20260715_015858_798765_frame_000000.jpg,T_20260715_015858_798765_frame_000030.jpg,0,30,30,0.904099,False
T_20260715_015858_798765,T_20260715_015858_798765_frame_000000.jpg,T_20260715_015858_798765_frame_000060.jpg,0,60,60,0.853455,False
T_20260715_015858_798765,T_20260715_015858_798765_frame_000000.jpg,T_20260715_015858_798765_frame_000090.jpg,0,90,90,0.785709,False
T_20260715_015858_798765,T_20260715_015858_798765_frame_000030.jpg,T_20260715_015858_798765_frame_000060.jpg,30,60,30,0.845395,False
T_20260715_015858_798765,T_20260715_015858_798765_frame_000030.jpg,T_20260715_015858_798765_frame_000090.jpg,30,90,60,0.778925,False
T_20260715_015858_798765,T_20260715_015858_798765_frame_000030.jpg,T_20260715_015858_798765_frame_000120.jpg,30,120,90,0.775554,False
T_20260715_015858_798765,T_20260715_015858_798765_frame_000060.jpg,T_20260715_015858_798765_frame_000090.jpg,60,90,30,0.821744,False
T_20260715_015858_798765,T_20260715_015858_798765_frame_000060.jpg,T_20260715_015858_798765_frame_000120.jpg,60,120,60,0.746384,False
T_20260715_015858_798765,T_20260715_015858_798765_frame_000060.jpg,T_20260715_015858_798765_frame_000150.jpg,60,150,90,0.761394,False
T_20260715_015858_798765,T_20260715_015858_798765_frame_000090.jpg,T_20260715_015858_798765_frame_000120.jpg,90,120,30,0.736721,False
T_20260715_015858_798765,T_20260715_015858_798765_frame_000090.jpg,T_20260715_015858_798765_frame_000150.jpg,90,150,60,0.757357,False
T_20260715_015858_798765,T_20260715_015858_798765_frame_000090.jpg,T_20260715_015858_798765_frame_000180.jpg,90,180,90,0.74488,False
T_20260715_015858_798765,T_20260715_015858_798765_frame_000120.jpg,T_20260715_015858_798765_frame_000150.jpg,120,150,30,0.820529,False
T_20260715_015858_798765,T_20260715_015858_798765_frame_000120.jpg,T_20260715_015858_798765_frame_000180.jpg,120,180,60,0.823378,False
T_20260715_015858_798765,T_20260715_015858_798765_frame_000120.jpg,T_20260715_015858_798765_frame_000210.jpg,120,210,90,0.810493,False
T_20260715_015858_798765,T_20260715_015858_798765_frame_000150.jpg,T_20260715_015858_798765_frame_000180.jpg,150,180,30,0.927706,False
T_20260715_015858_798765,T_20260715_015858_798765_frame_000150.jpg,T_20260715_015858_798765_frame_000210.jpg,150,210,60,0.924335,False
T_20260715_015858_798765,T_20260715_015858_798765_frame_000150.jpg,T_20260715_015858_798765_frame_000240.jpg,150,240,90,0.922479,False
T_20260715_015858_798765,T_20260715_015858_798765_frame_000180.jpg,T_20260715_015858_798765_frame_000210.jpg,180,210,30,0.951988,True
T_20260715_015858_798765,T_20260715_015858_798765_frame_000180.jpg,T_20260715_015858_798765_frame_000240.jpg,180,240,60,0.951783,True
T_20260715_015858_798765,T_20260715_015858_798765_frame_000180.jpg,T_20260715_015858_798765_frame_000270.jpg,180,270,90,0.945622,False
T_20260715_015858_798765,T_20260715_015858_798765_frame_000210.jpg,T_20260715_015858_798765_frame_000240.jpg,210,240,30,0.982696,True
T_20260715_015858_798765,T_20260715_015858_798765_frame_000210.jpg,T_20260715_015858_798765_frame_000270.jpg,210,270,60,0.965972,True
T_20260715_015858_798765,T_20260715_015858_798765_frame_000240.jpg,T_20260715_015858_798765_frame_000270.jpg,240,270,30,0.971639,True
T_20260715_015923_224709,T_20260715_015923_224709_frame_000000.jpg,T_20260715_015923_224709_frame_000030.jpg,0,30,30,0.920282,False
T_20260715_015923_224709,T_20260715_015923_224709_frame_000000.jpg,T_20260715_015923_224709_frame_000060.jpg,0,60,60,0.924414,False
T_20260715_015923_224709,T_20260715_015923_224709_frame_000000.jpg,T_20260715_015923_224709_frame_000090.jpg,0,90,90,0.879601,False
T_20260715_015923_224709,T_20260715_015923_224709_frame_000030.jpg,T_20260715_015923_224709_frame_000060.jpg,30,60,30,0.966823,True
T_20260715_015923_224709,T_20260715_015923_224709_frame_000030.jpg,T_20260715_015923_224709_frame_000090.jpg,30,90,60,0.895156,False
T_20260715_015923_224709,T_20260715_015923_224709_frame_000030.jpg,T_20260715_015923_224709_frame_000120.jpg,30,120,90,0.791349,False
T_20260715_015923_224709,T_20260715_015923_224709_frame_000060.jpg,T_20260715_015923_224709_frame_000090.jpg,60,90,30,0.898198,False
T_20260715_015923_224709,T_20260715_015923_224709_frame_000060.jpg,T_20260715_015923_224709_frame_000120.jpg,60,120,60,0.796544,False
T_20260715_015923_224709,T_20260715_015923_224709_frame_000060.jpg,T_20260715_015923_224709_frame_000150.jpg,60,150,90,0.784181,False
T_20260715_015923_224709,T_20260715_015923_224709_frame_000090.jpg,T_20260715_015923_224709_frame_000120.jpg,90,120,30,0.787302,False
T_20260715_015923_224709,T_20260715_015923_224709_frame_000090.jpg,T_20260715_015923_224709_frame_000150.jpg,90,150,60,0.729864,False
T_20260715_015923_224709,T_20260715_015923_224709_frame_000090.jpg,T_20260715_015923_224709_frame_000180.jpg,90,180,90,0.757783,False
T_20260715_015923_224709,T_20260715_015923_224709_frame_000120.jpg,T_20260715_015923_224709_frame_000150.jpg,120,150,30,0.759393,False
T_20260715_015923_224709,T_20260715_015923_224709_frame_000120.jpg,T_20260715_015923_224709_frame_000180.jpg,120,180,60,0.796775,False
T_20260715_015923_224709,T_20260715_015923_224709_frame_000120.jpg,T_20260715_015923_224709_frame_000210.jpg,120,210,90,0.794349,False
T_20260715_015923_224709,T_20260715_015923_224709_frame_000150.jpg,T_20260715_015923_224709_frame_000180.jpg,150,180,30,0.832127,False
T_20260715_015923_224709,T_20260715_015923_224709_frame_000150.jpg,T_20260715_015923_224709_frame_000210.jpg,150,210,60,0.82387,False
T_20260715_015923_224709,T_20260715_015923_224709_frame_000150.jpg,T_20260715_015923_224709_frame_000240.jpg,150,240,90,0.815429,False
T_20260715_015923_224709,T_20260715_015923_224709_frame_000180.jpg,T_20260715_015923_224709_frame_000210.jpg,180,210,30,0.938319,False
T_20260715_015923_224709,T_20260715_015923_224709_frame_000180.jpg,T_20260715_015923_224709_frame_000240.jpg,180,240,60,0.930725,False
T_20260715_015923_224709,T_20260715_015923_224709_frame_000180.jpg,T_20260715_015923_224709_frame_000270.jpg,180,270,90,0.932674,False
T_20260715_015923_224709,T_20260715_015923_224709_frame_000210.jpg,T_20260715_015923_224709_frame_000240.jpg,210,240,30,0.962175,True
T_20260715_015923_224709,T_20260715_015923_224709_frame_000210.jpg,T_20260715_015923_224709_frame_000270.jpg,210,270,60,0.964051,True
T_20260715_015923_224709,T_20260715_015923_224709_frame_000240.jpg,T_20260715_015923_224709_frame_000270.jpg,240,270,30,0.96562,True
T_20260715_020010_033115,T_20260715_020010_033115_frame_000000.jpg,T_20260715_020010_033115_frame_000030.jpg,0,30,30,0.791994,False
T_20260715_020010_033115,T_20260715_020010_033115_frame_000000.jpg,T_20260715_020010_033115_frame_000060.jpg,0,60,60,0.773452,False
T_20260715_020010_033115,T_20260715_020010_033115_frame_000000.jpg,T_20260715_020010_033115_frame_000090.jpg,0,90,90,0.694048,False
T_20260715_020010_033115,T_20260715_020010_033115_frame_000030.jpg,T_20260715_020010_033115_frame_000060.jpg,30,60,30,0.893835,False
T_20260715_020010_033115,T_20260715_020010_033115_frame_000030.jpg,T_20260715_020010_033115_frame_000090.jpg,30,90,60,0.76874,False
T_20260715_020010_033115,T_20260715_020010_033115_frame_000030.jpg,T_20260715_020010_033115_frame_000120.jpg,30,120,90,0.776674,False
T_20260715_020010_033115,T_20260715_020010_033115_frame_000060.jpg,T_20260715_020010_033115_frame_000090.jpg,60,90,30,0.764902,False
T_20260715_020010_033115,T_20260715_020010_033115_frame_000060.jpg,T_20260715_020010_033115_frame_000120.jpg,60,120,60,0.77726,False
T_20260715_020010_033115,T_20260715_020010_033115_frame_000060.jpg,T_20260715_020010_033115_frame_000150.jpg,60,150,90,0.776818,False
T_20260715_020010_033115,T_20260715_020010_033115_frame_000090.jpg,T_20260715_020010_033115_frame_000120.jpg,90,120,30,0.722845,False
T_20260715_020010_033115,T_20260715_020010_033115_frame_000090.jpg,T_20260715_020010_033115_frame_000150.jpg,90,150,60,0.69816,False
T_20260715_020010_033115,T_20260715_020010_033115_frame_000090.jpg,T_20260715_020010_033115_frame_000180.jpg,90,180,90,0.705292,False
T_20260715_020010_033115,T_20260715_020010_033115_frame_000120.jpg,T_20260715_020010_033115_frame_000150.jpg,120,150,30,0.865759,False
T_20260715_020010_033115,T_20260715_020010_033115_frame_000120.jpg,T_20260715_020010_033115_frame_000180.jpg,120,180,60,0.861983,False
T_20260715_020010_033115,T_20260715_020010_033115_frame_000120.jpg,T_20260715_020010_033115_frame_000210.jpg,120,210,90,0.881413,False
T_20260715_020010_033115,T_20260715_020010_033115_frame_000150.jpg,T_20260715_020010_033115_frame_000180.jpg,150,180,30,0.928124,False
T_20260715_020010_033115,T_20260715_020010_033115_frame_000150.jpg,T_20260715_020010_033115_frame_000210.jpg,150,210,60,0.936771,False
T_20260715_020010_033115,T_20260715_020010_033115_frame_000150.jpg,T_20260715_020010_033115_frame_000240.jpg,150,240,90,0.901081,False
T_20260715_020010_033115,T_20260715_020010_033115_frame_000180.jpg,T_20260715_020010_033115_frame_000210.jpg,180,210,30,0.951982,True
T_20260715_020010_033115,T_20260715_020010_033115_frame_000180.jpg,T_20260715_020010_033115_frame_000240.jpg,180,240,60,0.907797,False
T_20260715_020010_033115,T_20260715_020010_033115_frame_000180.jpg,T_20260715_020010_033115_frame_000270.jpg,180,270,90,0.916255,False
T_20260715_020010_033115,T_20260715_020010_033115_frame_000210.jpg,T_20260715_020010_033115_frame_000240.jpg,210,240,30,0.92563,False
T_20260715_020010_033115,T_20260715_020010_033115_frame_000210.jpg,T_20260715_020010_033115_frame_000270.jpg,210,270,60,0.936023,False
T_20260715_020010_033115,T_20260715_020010_033115_frame_000210.jpg,T_20260715_020010_033115_frame_000300.jpg,210,300,90,0.936655,False
T_20260715_020010_033115,T_20260715_020010_033115_frame_000240.jpg,T_20260715_020010_033115_frame_000270.jpg,240,270,30,0.965368,True
T_20260715_020010_033115,T_20260715_020010_033115_frame_000240.jpg,T_20260715_020010_033115_frame_000300.jpg,240,300,60,0.958928,True
T_20260715_020010_033115,T_20260715_020010_033115_frame_000240.jpg,T_20260715_020010_033115_frame_000330.jpg,240,330,90,0.897166,False
T_20260715_020010_033115,T_20260715_020010_033115_frame_000270.jpg,T_20260715_020010_033115_frame_000300.jpg,270,300,30,0.972564,True
T_20260715_020010_033115,T_20260715_020010_033115_frame_000270.jpg,T_20260715_020010_033115_frame_000330.jpg,270,330,60,0.900354,False
T_20260715_020010_033115,T_20260715_020010_033115_frame_000270.jpg,T_20260715_020010_033115_frame_000360.jpg,270,360,90,0.830158,False
T_20260715_020010_033115,T_20260715_020010_033115_frame_000300.jpg,T_20260715_020010_033115_frame_000330.jpg,300,330,30,0.901687,False
T_20260715_020010_033115,T_20260715_020010_033115_frame_000300.jpg,T_20260715_020010_033115_frame_000360.jpg,300,360,60,0.828764,False
T_20260715_020010_033115,T_20260715_020010_033115_frame_000300.jpg,T_20260715_020010_033115_frame_000390.jpg,300,390,90,0.815803,False
T_20260715_020010_033115,T_20260715_020010_033115_frame_000330.jpg,T_20260715_020010_033115_frame_000360.jpg,330,360,30,0.837916,False
T_20260715_020010_033115,T_20260715_020010_033115_frame_000330.jpg,T_20260715_020010_033115_frame_000390.jpg,330,390,60,0.808848,False
T_20260715_020010_033115,T_20260715_020010_033115_frame_000330.jpg,T_20260715_020010_033115_frame_000420.jpg,330,420,90,0.838559,False
T_20260715_020010_033115,T_20260715_020010_033115_frame_000360.jpg,T_20260715_020010_033115_frame_000390.jpg,360,390,30,0.816272,False
T_20260715_020010_033115,T_20260715_020010_033115_frame_000360.jpg,T_20260715_020010_033115_frame_000420.jpg,360,420,60,0.81451,False
T_20260715_020010_033115,T_20260715_020010_033115_frame_000360.jpg,T_20260715_020010_033115_frame_000450.jpg,360,450,90,0.815477,False
T_20260715_020010_033115,T_20260715_020010_033115_frame_000390.jpg,T_20260715_020010_033115_frame_000420.jpg,390,420,30,0.827249,False
T_20260715_020010_033115,T_20260715_020010_033115_frame_000390.jpg,T_20260715_020010_033115_frame_000450.jpg,390,450,60,0.835767,False
T_20260715_020010_033115,T_20260715_020010_033115_frame_000390.jpg,T_20260715_020010_033115_frame_000480.jpg,390,480,90,0.805871,False
T_20260715_020010_033115,T_20260715_020010_033115_frame_000420.jpg,T_20260715_020010_033115_frame_000450.jpg,420,450,30,0.939791,False
T_20260715_020010_033115,T_20260715_020010_033115_frame_000420.jpg,T_20260715_020010_033115_frame_000480.jpg,420,480,60,0.910629,False
T_20260715_020010_033115,T_20260715_020010_033115_frame_000420.jpg,T_20260715_020010_033115_frame_000510.jpg,420,510,90,0.896395,False
T_20260715_020010_033115,T_20260715_020010_033115_frame_000450.jpg,T_20260715_020010_033115_frame_000480.jpg,450,480,30,0.93343,False
T_20260715_020010_033115,T_20260715_020010_033115_frame_000450.jpg,T_20260715_020010_033115_frame_000510.jpg,450,510,60,0.911674,False
T_20260715_020010_033115,T_20260715_020010_033115_frame_000450.jpg,T_20260715_020010_033115_frame_000540.jpg,450,540,90,0.940805,False
T_20260715_020010_033115,T_20260715_020010_033115_frame_000480.jpg,T_20260715_020010_033115_frame_000510.jpg,480,510,30,0.941098,False
T_20260715_020010_033115,T_20260715_020010_033115_frame_000480.jpg,T_20260715_020010_033115_frame_000540.jpg,480,540,60,0.942021,False
T_20260715_020010_033115,T_20260715_020010_033115_frame_000480.jpg,T_20260715_020010_033115_frame_000570.jpg,480,570,90,0.801788,False
T_20260715_020010_033115,T_20260715_020010_033115_frame_000510.jpg,T_20260715_020010_033115_frame_000540.jpg,510,540,30,0.918119,False
T_20260715_020010_033115,T_20260715_020010_033115_frame_000510.jpg,T_20260715_020010_033115_frame_000570.jpg,510,570,60,0.791794,False
T_20260715_020010_033115,T_20260715_020010_033115_frame_000510.jpg,T_20260715_020010_033115_frame_000600.jpg,510,600,90,0.787491,False
T_20260715_020010_033115,T_20260715_020010_033115_frame_000540.jpg,T_20260715_020010_033115_frame_000570.jpg,540,570,30,0.813693,False
T_20260715_020010_033115,T_20260715_020010_033115_frame_000540.jpg,T_20260715_020010_033115_frame_000600.jpg,540,600,60,0.810285,False
T_20260715_020010_033115,T_20260715_020010_033115_frame_000540.jpg,T_20260715_020010_033115_frame_000630.jpg,540,630,90,0.801308,False
T_20260715_020010_033115,T_20260715_020010_033115_frame_000570.jpg,T_20260715_020010_033115_frame_000600.jpg,570,600,30,0.811217,False
T_20260715_020010_033115,T_20260715_020010_033115_frame_000570.jpg,T_20260715_020010_033115_frame_000630.jpg,570,630,60,0.818486,False
T_20260715_020010_033115,T_20260715_020010_033115_frame_000570.jpg,T_20260715_020010_033115_frame_000660.jpg,570,660,90,0.84129,False
T_20260715_020010_033115,T_20260715_020010_033115_frame_000600.jpg,T_20260715_020010_033115_frame_000630.jpg,600,630,30,0.910017,False
T_20260715_020010_033115,T_20260715_020010_033115_frame_000600.jpg,T_20260715_020010_033115_frame_000660.jpg,600,660,60,0.806923,False
T_20260715_020010_033115,T_20260715_020010_033115_frame_000630.jpg,T_20260715_020010_033115_frame_000660.jpg,630,660,30,0.809522,False
T_20260715_020045_026831,T_20260715_020045_026831_frame_000000.jpg,T_20260715_020045_026831_frame_000030.jpg,0,30,30,0.743757,False
T_20260715_020045_026831,T_20260715_020045_026831_frame_000000.jpg,T_20260715_020045_026831_frame_000060.jpg,0,60,60,0.742815,False
T_20260715_020045_026831,T_20260715_020045_026831_frame_000000.jpg,T_20260715_020045_026831_frame_000090.jpg,0,90,90,0.755703,False
T_20260715_020045_026831,T_20260715_020045_026831_frame_000030.jpg,T_20260715_020045_026831_frame_000060.jpg,30,60,30,0.974205,True
T_20260715_020045_026831,T_20260715_020045_026831_frame_000030.jpg,T_20260715_020045_026831_frame_000090.jpg,30,90,60,0.861562,False
T_20260715_020045_026831,T_20260715_020045_026831_frame_000030.jpg,T_20260715_020045_026831_frame_000120.jpg,30,120,90,0.748411,False
T_20260715_020045_026831,T_20260715_020045_026831_frame_000060.jpg,T_20260715_020045_026831_frame_000090.jpg,60,90,30,0.863095,False
T_20260715_020045_026831,T_20260715_020045_026831_frame_000060.jpg,T_20260715_020045_026831_frame_000120.jpg,60,120,60,0.749012,False
T_20260715_020045_026831,T_20260715_020045_026831_frame_000060.jpg,T_20260715_020045_026831_frame_000150.jpg,60,150,90,0.746277,False
T_20260715_020045_026831,T_20260715_020045_026831_frame_000090.jpg,T_20260715_020045_026831_frame_000120.jpg,90,120,30,0.769038,False
T_20260715_020045_026831,T_20260715_020045_026831_frame_000090.jpg,T_20260715_020045_026831_frame_000150.jpg,90,150,60,0.753849,False
T_20260715_020045_026831,T_20260715_020045_026831_frame_000090.jpg,T_20260715_020045_026831_frame_000180.jpg,90,180,90,0.779047,False
T_20260715_020045_026831,T_20260715_020045_026831_frame_000120.jpg,T_20260715_020045_026831_frame_000150.jpg,120,150,30,0.78993,False
T_20260715_020045_026831,T_20260715_020045_026831_frame_000120.jpg,T_20260715_020045_026831_frame_000180.jpg,120,180,60,0.799814,False
T_20260715_020045_026831,T_20260715_020045_026831_frame_000120.jpg,T_20260715_020045_026831_frame_000210.jpg,120,210,90,0.788276,False
T_20260715_020045_026831,T_20260715_020045_026831_frame_000150.jpg,T_20260715_020045_026831_frame_000180.jpg,150,180,30,0.889042,False
T_20260715_020045_026831,T_20260715_020045_026831_frame_000150.jpg,T_20260715_020045_026831_frame_000210.jpg,150,210,60,0.864995,False
T_20260715_020045_026831,T_20260715_020045_026831_frame_000150.jpg,T_20260715_020045_026831_frame_000240.jpg,150,240,90,0.822321,False
T_20260715_020045_026831,T_20260715_020045_026831_frame_000180.jpg,T_20260715_020045_026831_frame_000210.jpg,180,210,30,0.859734,False
T_20260715_020045_026831,T_20260715_020045_026831_frame_000180.jpg,T_20260715_020045_026831_frame_000240.jpg,180,240,60,0.816015,False
T_20260715_020045_026831,T_20260715_020045_026831_frame_000180.jpg,T_20260715_020045_026831_frame_000270.jpg,180,270,90,0.78815,False
T_20260715_020045_026831,T_20260715_020045_026831_frame_000210.jpg,T_20260715_020045_026831_frame_000240.jpg,210,240,30,0.805551,False
T_20260715_020045_026831,T_20260715_020045_026831_frame_000210.jpg,T_20260715_020045_026831_frame_000270.jpg,210,270,60,0.726161,False
T_20260715_020045_026831,T_20260715_020045_026831_frame_000210.jpg,T_20260715_020045_026831_frame_000300.jpg,210,300,90,0.686599,False
T_20260715_020045_026831,T_20260715_020045_026831_frame_000240.jpg,T_20260715_020045_026831_frame_000270.jpg,240,270,30,0.792138,False
T_20260715_020045_026831,T_20260715_020045_026831_frame_000240.jpg,T_20260715_020045_026831_frame_000300.jpg,240,300,60,0.751994,False
T_20260715_020045_026831,T_20260715_020045_026831_frame_000240.jpg,T_20260715_020045_026831_frame_000330.jpg,240,330,90,0.771058,False
T_20260715_020045_026831,T_20260715_020045_026831_frame_000270.jpg,T_20260715_020045_026831_frame_000300.jpg,270,300,30,0.859273,False
T_20260715_020045_026831,T_20260715_020045_026831_frame_000270.jpg,T_20260715_020045_026831_frame_000330.jpg,270,330,60,0.907921,False
T_20260715_020045_026831,T_20260715_020045_026831_frame_000270.jpg,T_20260715_020045_026831_frame_000360.jpg,270,360,90,0.780147,False
T_20260715_020045_026831,T_20260715_020045_026831_frame_000300.jpg,T_20260715_020045_026831_frame_000330.jpg,300,330,30,0.892856,False
T_20260715_020045_026831,T_20260715_020045_026831_frame_000300.jpg,T_20260715_020045_026831_frame_000360.jpg,300,360,60,0.745956,False
T_20260715_020045_026831,T_20260715_020045_026831_frame_000300.jpg,T_20260715_020045_026831_frame_000390.jpg,300,390,90,0.710632,False
T_20260715_020045_026831,T_20260715_020045_026831_frame_000330.jpg,T_20260715_020045_026831_frame_000360.jpg,330,360,30,0.769924,False
T_20260715_020045_026831,T_20260715_020045_026831_frame_000330.jpg,T_20260715_020045_026831_frame_000390.jpg,330,390,60,0.729623,False
T_20260715_020045_026831,T_20260715_020045_026831_frame_000330.jpg,T_20260715_020045_026831_frame_000420.jpg,330,420,90,0.757592,False
T_20260715_020045_026831,T_20260715_020045_026831_frame_000360.jpg,T_20260715_020045_026831_frame_000390.jpg,360,390,30,0.814927,False
T_20260715_020045_026831,T_20260715_020045_026831_frame_000360.jpg,T_20260715_020045_026831_frame_000420.jpg,360,420,60,0.791609,False
T_20260715_020045_026831,T_20260715_020045_026831_frame_000360.jpg,T_20260715_020045_026831_frame_000450.jpg,360,450,90,0.766608,False
T_20260715_020045_026831,T_20260715_020045_026831_frame_000390.jpg,T_20260715_020045_026831_frame_000420.jpg,390,420,30,0.819666,False
T_20260715_020045_026831,T_20260715_020045_026831_frame_000390.jpg,T_20260715_020045_026831_frame_000450.jpg,390,450,60,0.806475,False
T_20260715_020045_026831,T_20260715_020045_026831_frame_000420.jpg,T_20260715_020045_026831_frame_000450.jpg,420,450,30,0.89363,False
T_20260715_020118_072046,T_20260715_020118_072046_frame_000000.jpg,T_20260715_020118_072046_frame_000030.jpg,0,30,30,0.749872,False
T_20260715_020118_072046,T_20260715_020118_072046_frame_000000.jpg,T_20260715_020118_072046_frame_000060.jpg,0,60,60,0.700159,False
T_20260715_020118_072046,T_20260715_020118_072046_frame_000000.jpg,T_20260715_020118_072046_frame_000090.jpg,0,90,90,0.692655,False
T_20260715_020118_072046,T_20260715_020118_072046_frame_000030.jpg,T_20260715_020118_072046_frame_000060.jpg,30,60,30,0.721506,False
T_20260715_020118_072046,T_20260715_020118_072046_frame_000030.jpg,T_20260715_020118_072046_frame_000090.jpg,30,90,60,0.721183,False
T_20260715_020118_072046,T_20260715_020118_072046_frame_000030.jpg,T_20260715_020118_072046_frame_000120.jpg,30,120,90,0.794224,False
T_20260715_020118_072046,T_20260715_020118_072046_frame_000060.jpg,T_20260715_020118_072046_frame_000090.jpg,60,90,30,0.764738,False
T_20260715_020118_072046,T_20260715_020118_072046_frame_000060.jpg,T_20260715_020118_072046_frame_000120.jpg,60,120,60,0.689516,False
T_20260715_020118_072046,T_20260715_020118_072046_frame_000060.jpg,T_20260715_020118_072046_frame_000150.jpg,60,150,90,0.76875,False
T_20260715_020118_072046,T_20260715_020118_072046_frame_000090.jpg,T_20260715_020118_072046_frame_000120.jpg,90,120,30,0.728374,False
T_20260715_020118_072046,T_20260715_020118_072046_frame_000090.jpg,T_20260715_020118_072046_frame_000150.jpg,90,150,60,0.789041,False
T_20260715_020118_072046,T_20260715_020118_072046_frame_000090.jpg,T_20260715_020118_072046_frame_000180.jpg,90,180,90,0.804781,False
T_20260715_020118_072046,T_20260715_020118_072046_frame_000120.jpg,T_20260715_020118_072046_frame_000150.jpg,120,150,30,0.768725,False
T_20260715_020118_072046,T_20260715_020118_072046_frame_000120.jpg,T_20260715_020118_072046_frame_000180.jpg,120,180,60,0.682513,False
T_20260715_020118_072046,T_20260715_020118_072046_frame_000120.jpg,T_20260715_020118_072046_frame_000210.jpg,120,210,90,0.835909,False
T_20260715_020118_072046,T_20260715_020118_072046_frame_000150.jpg,T_20260715_020118_072046_frame_000180.jpg,150,180,30,0.743294,False
T_20260715_020118_072046,T_20260715_020118_072046_frame_000150.jpg,T_20260715_020118_072046_frame_000210.jpg,150,210,60,0.733479,False
T_20260715_020118_072046,T_20260715_020118_072046_frame_000150.jpg,T_20260715_020118_072046_frame_000240.jpg,150,240,90,0.729242,False
T_20260715_020118_072046,T_20260715_020118_072046_frame_000180.jpg,T_20260715_020118_072046_frame_000210.jpg,180,210,30,0.658771,False
T_20260715_020118_072046,T_20260715_020118_072046_frame_000180.jpg,T_20260715_020118_072046_frame_000240.jpg,180,240,60,0.650899,False
T_20260715_020118_072046,T_20260715_020118_072046_frame_000180.jpg,T_20260715_020118_072046_frame_000270.jpg,180,270,90,0.757885,False
T_20260715_020118_072046,T_20260715_020118_072046_frame_000210.jpg,T_20260715_020118_072046_frame_000240.jpg,210,240,30,0.905777,False
T_20260715_020118_072046,T_20260715_020118_072046_frame_000210.jpg,T_20260715_020118_072046_frame_000270.jpg,210,270,60,0.751285,False
T_20260715_020118_072046,T_20260715_020118_072046_frame_000210.jpg,T_20260715_020118_072046_frame_000300.jpg,210,300,90,0.712323,False
T_20260715_020118_072046,T_20260715_020118_072046_frame_000240.jpg,T_20260715_020118_072046_frame_000270.jpg,240,270,30,0.753518,False
T_20260715_020118_072046,T_20260715_020118_072046_frame_000240.jpg,T_20260715_020118_072046_frame_000300.jpg,240,300,60,0.700311,False
T_20260715_020118_072046,T_20260715_020118_072046_frame_000270.jpg,T_20260715_020118_072046_frame_000300.jpg,270,300,30,0.826712,False
T_20260715_020148_168767,T_20260715_020148_168767_frame_000000.jpg,T_20260715_020148_168767_frame_000030.jpg,0,30,30,0.796498,False
T_20260715_020148_168767,T_20260715_020148_168767_frame_000000.jpg,T_20260715_020148_168767_frame_000060.jpg,0,60,60,0.856831,False
T_20260715_020148_168767,T_20260715_020148_168767_frame_000000.jpg,T_20260715_020148_168767_frame_000090.jpg,0,90,90,0.75409,False
T_20260715_020148_168767,T_20260715_020148_168767_frame_000030.jpg,T_20260715_020148_168767_frame_000060.jpg,30,60,30,0.829007,False
T_20260715_020148_168767,T_20260715_020148_168767_frame_000030.jpg,T_20260715_020148_168767_frame_000090.jpg,30,90,60,0.793197,False
T_20260715_020148_168767,T_20260715_020148_168767_frame_000030.jpg,T_20260715_020148_168767_frame_000120.jpg,30,120,90,0.783649,False
T_20260715_020148_168767,T_20260715_020148_168767_frame_000060.jpg,T_20260715_020148_168767_frame_000090.jpg,60,90,30,0.784601,False
T_20260715_020148_168767,T_20260715_020148_168767_frame_000060.jpg,T_20260715_020148_168767_frame_000120.jpg,60,120,60,0.770493,False
T_20260715_020148_168767,T_20260715_020148_168767_frame_000060.jpg,T_20260715_020148_168767_frame_000150.jpg,60,150,90,0.718272,False
T_20260715_020148_168767,T_20260715_020148_168767_frame_000090.jpg,T_20260715_020148_168767_frame_000120.jpg,90,120,30,0.895417,False
T_20260715_020148_168767,T_20260715_020148_168767_frame_000090.jpg,T_20260715_020148_168767_frame_000150.jpg,90,150,60,0.784072,False
T_20260715_020148_168767,T_20260715_020148_168767_frame_000090.jpg,T_20260715_020148_168767_frame_000180.jpg,90,180,90,0.781018,False
T_20260715_020148_168767,T_20260715_020148_168767_frame_000120.jpg,T_20260715_020148_168767_frame_000150.jpg,120,150,30,0.790199,False
T_20260715_020148_168767,T_20260715_020148_168767_frame_000120.jpg,T_20260715_020148_168767_frame_000180.jpg,120,180,60,0.786878,False
T_20260715_020148_168767,T_20260715_020148_168767_frame_000120.jpg,T_20260715_020148_168767_frame_000210.jpg,120,210,90,0.864014,False
T_20260715_020148_168767,T_20260715_020148_168767_frame_000150.jpg,T_20260715_020148_168767_frame_000180.jpg,150,180,30,0.914832,False
T_20260715_020148_168767,T_20260715_020148_168767_frame_000150.jpg,T_20260715_020148_168767_frame_000210.jpg,150,210,60,0.788047,False
T_20260715_020148_168767,T_20260715_020148_168767_frame_000150.jpg,T_20260715_020148_168767_frame_000240.jpg,150,240,90,0.802708,False
T_20260715_020148_168767,T_20260715_020148_168767_frame_000180.jpg,T_20260715_020148_168767_frame_000210.jpg,180,210,30,0.800865,False
T_20260715_020148_168767,T_20260715_020148_168767_frame_000180.jpg,T_20260715_020148_168767_frame_000240.jpg,180,240,60,0.813202,False
T_20260715_020148_168767,T_20260715_020148_168767_frame_000210.jpg,T_20260715_020148_168767_frame_000240.jpg,210,240,30,0.848474,False
T_20260715_020214_545220,T_20260715_020214_545220_frame_000000.jpg,T_20260715_020214_545220_frame_000030.jpg,0,30,30,0.75404,False
T_20260715_020214_545220,T_20260715_020214_545220_frame_000000.jpg,T_20260715_020214_545220_frame_000060.jpg,0,60,60,0.745859,False
T_20260715_020214_545220,T_20260715_020214_545220_frame_000000.jpg,T_20260715_020214_545220_frame_000090.jpg,0,90,90,0.732685,False
T_20260715_020214_545220,T_20260715_020214_545220_frame_000030.jpg,T_20260715_020214_545220_frame_000060.jpg,30,60,30,0.890993,False
T_20260715_020214_545220,T_20260715_020214_545220_frame_000030.jpg,T_20260715_020214_545220_frame_000090.jpg,30,90,60,0.842456,False
T_20260715_020214_545220,T_20260715_020214_545220_frame_000030.jpg,T_20260715_020214_545220_frame_000120.jpg,30,120,90,0.836752,False
T_20260715_020214_545220,T_20260715_020214_545220_frame_000060.jpg,T_20260715_020214_545220_frame_000090.jpg,60,90,30,0.869232,False
T_20260715_020214_545220,T_20260715_020214_545220_frame_000060.jpg,T_20260715_020214_545220_frame_000120.jpg,60,120,60,0.85498,False
T_20260715_020214_545220,T_20260715_020214_545220_frame_000060.jpg,T_20260715_020214_545220_frame_000150.jpg,60,150,90,0.816636,False
T_20260715_020214_545220,T_20260715_020214_545220_frame_000090.jpg,T_20260715_020214_545220_frame_000120.jpg,90,120,30,0.905061,False
T_20260715_020214_545220,T_20260715_020214_545220_frame_000090.jpg,T_20260715_020214_545220_frame_000150.jpg,90,150,60,0.843558,False
T_20260715_020214_545220,T_20260715_020214_545220_frame_000090.jpg,T_20260715_020214_545220_frame_000180.jpg,90,180,90,0.872378,False
T_20260715_020214_545220,T_20260715_020214_545220_frame_000120.jpg,T_20260715_020214_545220_frame_000150.jpg,120,150,30,0.865169,False
T_20260715_020214_545220,T_20260715_020214_545220_frame_000120.jpg,T_20260715_020214_545220_frame_000180.jpg,120,180,60,0.91885,False
T_20260715_020214_545220,T_20260715_020214_545220_frame_000120.jpg,T_20260715_020214_545220_frame_000210.jpg,120,210,90,0.866635,False
T_20260715_020214_545220,T_20260715_020214_545220_frame_000150.jpg,T_20260715_020214_545220_frame_000180.jpg,150,180,30,0.863211,False
T_20260715_020214_545220,T_20260715_020214_545220_frame_000150.jpg,T_20260715_020214_545220_frame_000210.jpg,150,210,60,0.829808,False
T_20260715_020214_545220,T_20260715_020214_545220_frame_000150.jpg,T_20260715_020214_545220_frame_000240.jpg,150,240,90,0.837865,False
T_20260715_020214_545220,T_20260715_020214_545220_frame_000180.jpg,T_20260715_020214_545220_frame_000210.jpg,180,210,30,0.859481,False
T_20260715_020214_545220,T_20260715_020214_545220_frame_000180.jpg,T_20260715_020214_545220_frame_000240.jpg,180,240,60,0.805911,False
T_20260715_020214_545220,T_20260715_020214_545220_frame_000180.jpg,T_20260715_020214_545220_frame_000270.jpg,180,270,90,0.863061,False
T_20260715_020214_545220,T_20260715_020214_545220_frame_000210.jpg,T_20260715_020214_545220_frame_000240.jpg,210,240,30,0.802541,False
T_20260715_020214_545220,T_20260715_020214_545220_frame_000210.jpg,T_20260715_020214_545220_frame_000270.jpg,210,270,60,0.869072,False
T_20260715_020214_545220,T_20260715_020214_545220_frame_000210.jpg,T_20260715_020214_545220_frame_000300.jpg,210,300,90,0.801576,False
T_20260715_020214_545220,T_20260715_020214_545220_frame_000240.jpg,T_20260715_020214_545220_frame_000270.jpg,240,270,30,0.832874,False
T_20260715_020214_545220,T_20260715_020214_545220_frame_000240.jpg,T_20260715_020214_545220_frame_000300.jpg,240,300,60,0.798435,False
T_20260715_020214_545220,T_20260715_020214_545220_frame_000240.jpg,T_20260715_020214_545220_frame_000330.jpg,240,330,90,0.773524,False
T_20260715_020214_545220,T_20260715_020214_545220_frame_000270.jpg,T_20260715_020214_545220_frame_000300.jpg,270,300,30,0.830623,False
T_20260715_020214_545220,T_20260715_020214_545220_frame_000270.jpg,T_20260715_020214_545220_frame_000330.jpg,270,330,60,0.797036,False
T_20260715_020214_545220,T_20260715_020214_545220_frame_000270.jpg,T_20260715_020214_545220_frame_000360.jpg,270,360,90,0.789632,False
T_20260715_020214_545220,T_20260715_020214_545220_frame_000300.jpg,T_20260715_020214_545220_frame_000330.jpg,300,330,30,0.86499,False
T_20260715_020214_545220,T_20260715_020214_545220_frame_000300.jpg,T_20260715_020214_545220_frame_000360.jpg,300,360,60,0.783234,False
T_20260715_020214_545220,T_20260715_020214_545220_frame_000300.jpg,T_20260715_020214_545220_frame_000390.jpg,300,390,90,0.812337,False
T_20260715_020214_545220,T_20260715_020214_545220_frame_000330.jpg,T_20260715_020214_545220_frame_000360.jpg,330,360,30,0.800203,False
T_20260715_020214_545220,T_20260715_020214_545220_frame_000330.jpg,T_20260715_020214_545220_frame_000390.jpg,330,390,60,0.816187,False
T_20260715_020214_545220,T_20260715_020214_545220_frame_000330.jpg,T_20260715_020214_545220_frame_000420.jpg,330,420,90,0.818497,False
T_20260715_020214_545220,T_20260715_020214_545220_frame_000360.jpg,T_20260715_020214_545220_frame_000390.jpg,360,390,30,0.889199,False
T_20260715_020214_545220,T_20260715_020214_545220_frame_000360.jpg,T_20260715_020214_545220_frame_000420.jpg,360,420,60,0.829385,False
T_20260715_020214_545220,T_20260715_020214_545220_frame_000360.jpg,T_20260715_020214_545220_frame_000450.jpg,360,450,90,0.773922,False
T_20260715_020214_545220,T_20260715_020214_545220_frame_000390.jpg,T_20260715_020214_545220_frame_000420.jpg,390,420,30,0.846887,False
T_20260715_020214_545220,T_20260715_020214_545220_frame_000390.jpg,T_20260715_020214_545220_frame_000450.jpg,390,450,60,0.793808,False
T_20260715_020214_545220,T_20260715_020214_545220_frame_000420.jpg,T_20260715_020214_545220_frame_000450.jpg,420,450,30,0.825469,False
T_20260715_020241_260961,T_20260715_020241_260961_frame_000000.jpg,T_20260715_020241_260961_frame_000030.jpg,0,30,30,0.833052,False
T_20260715_020241_260961,T_20260715_020241_260961_frame_000000.jpg,T_20260715_020241_260961_frame_000060.jpg,0,60,60,0.828226,False
T_20260715_020241_260961,T_20260715_020241_260961_frame_000000.jpg,T_20260715_020241_260961_frame_000090.jpg,0,90,90,0.800771,False
T_20260715_020241_260961,T_20260715_020241_260961_frame_000030.jpg,T_20260715_020241_260961_frame_000060.jpg,30,60,30,0.905231,False
T_20260715_020241_260961,T_20260715_020241_260961_frame_000030.jpg,T_20260715_020241_260961_frame_000090.jpg,30,90,60,0.864342,False
T_20260715_020241_260961,T_20260715_020241_260961_frame_000030.jpg,T_20260715_020241_260961_frame_000120.jpg,30,120,90,0.823416,False
T_20260715_020241_260961,T_20260715_020241_260961_frame_000060.jpg,T_20260715_020241_260961_frame_000090.jpg,60,90,30,0.842844,False
T_20260715_020241_260961,T_20260715_020241_260961_frame_000060.jpg,T_20260715_020241_260961_frame_000120.jpg,60,120,60,0.811707,False
T_20260715_020241_260961,T_20260715_020241_260961_frame_000060.jpg,T_20260715_020241_260961_frame_000150.jpg,60,150,90,0.792789,False
T_20260715_020241_260961,T_20260715_020241_260961_frame_000090.jpg,T_20260715_020241_260961_frame_000120.jpg,90,120,30,0.826159,False
T_20260715_020241_260961,T_20260715_020241_260961_frame_000090.jpg,T_20260715_020241_260961_frame_000150.jpg,90,150,60,0.789075,False
T_20260715_020241_260961,T_20260715_020241_260961_frame_000090.jpg,T_20260715_020241_260961_frame_000180.jpg,90,180,90,0.809322,False
T_20260715_020241_260961,T_20260715_020241_260961_frame_000120.jpg,T_20260715_020241_260961_frame_000150.jpg,120,150,30,0.83116,False
T_20260715_020241_260961,T_20260715_020241_260961_frame_000120.jpg,T_20260715_020241_260961_frame_000180.jpg,120,180,60,0.784396,False
T_20260715_020241_260961,T_20260715_020241_260961_frame_000120.jpg,T_20260715_020241_260961_frame_000210.jpg,120,210,90,0.887211,False
T_20260715_020241_260961,T_20260715_020241_260961_frame_000150.jpg,T_20260715_020241_260961_frame_000180.jpg,150,180,30,0.849346,False
T_20260715_020241_260961,T_20260715_020241_260961_frame_000150.jpg,T_20260715_020241_260961_frame_000210.jpg,150,210,60,0.81052,False
T_20260715_020241_260961,T_20260715_020241_260961_frame_000150.jpg,T_20260715_020241_260961_frame_000240.jpg,150,240,90,0.820349,False
T_20260715_020241_260961,T_20260715_020241_260961_frame_000180.jpg,T_20260715_020241_260961_frame_000210.jpg,180,210,30,0.779753,False
T_20260715_020241_260961,T_20260715_020241_260961_frame_000180.jpg,T_20260715_020241_260961_frame_000240.jpg,180,240,60,0.77905,False
T_20260715_020241_260961,T_20260715_020241_260961_frame_000180.jpg,T_20260715_020241_260961_frame_000270.jpg,180,270,90,0.821382,False
T_20260715_020241_260961,T_20260715_020241_260961_frame_000210.jpg,T_20260715_020241_260961_frame_000240.jpg,210,240,30,0.82692,False
T_20260715_020241_260961,T_20260715_020241_260961_frame_000210.jpg,T_20260715_020241_260961_frame_000270.jpg,210,270,60,0.807693,False
T_20260715_020241_260961,T_20260715_020241_260961_frame_000210.jpg,T_20260715_020241_260961_frame_000300.jpg,210,300,90,0.85554,False
T_20260715_020241_260961,T_20260715_020241_260961_frame_000240.jpg,T_20260715_020241_260961_frame_000270.jpg,240,270,30,0.834264,False
T_20260715_020241_260961,T_20260715_020241_260961_frame_000240.jpg,T_20260715_020241_260961_frame_000300.jpg,240,300,60,0.788784,False
T_20260715_020241_260961,T_20260715_020241_260961_frame_000240.jpg,T_20260715_020241_260961_frame_000330.jpg,240,330,90,0.835022,False
T_20260715_020241_260961,T_20260715_020241_260961_frame_000270.jpg,T_20260715_020241_260961_frame_000300.jpg,270,300,30,0.780589,False
T_20260715_020241_260961,T_20260715_020241_260961_frame_000270.jpg,T_20260715_020241_260961_frame_000330.jpg,270,330,60,0.833475,False
T_20260715_020241_260961,T_20260715_020241_260961_frame_000270.jpg,T_20260715_020241_260961_frame_000360.jpg,270,360,90,0.887567,False
T_20260715_020241_260961,T_20260715_020241_260961_frame_000300.jpg,T_20260715_020241_260961_frame_000330.jpg,300,330,30,0.797071,False
T_20260715_020241_260961,T_20260715_020241_260961_frame_000300.jpg,T_20260715_020241_260961_frame_000360.jpg,300,360,60,0.76836,False
T_20260715_020241_260961,T_20260715_020241_260961_frame_000300.jpg,T_20260715_020241_260961_frame_000390.jpg,300,390,90,0.899859,False
T_20260715_020241_260961,T_20260715_020241_260961_frame_000330.jpg,T_20260715_020241_260961_frame_000360.jpg,330,360,30,0.87067,False
T_20260715_020241_260961,T_20260715_020241_260961_frame_000330.jpg,T_20260715_020241_260961_frame_000390.jpg,330,390,60,0.807282,False
T_20260715_020241_260961,T_20260715_020241_260961_frame_000330.jpg,T_20260715_020241_260961_frame_000420.jpg,330,420,90,0.7966,False
T_20260715_020241_260961,T_20260715_020241_260961_frame_000360.jpg,T_20260715_020241_260961_frame_000390.jpg,360,390,30,0.777635,False
T_20260715_020241_260961,T_20260715_020241_260961_frame_000360.jpg,T_20260715_020241_260961_frame_000420.jpg,360,420,60,0.767461,False
T_20260715_020241_260961,T_20260715_020241_260961_frame_000390.jpg,T_20260715_020241_260961_frame_000420.jpg,390,420,30,0.844992,False
T_20260715_020318_603937,T_20260715_020318_603937_frame_000000.jpg,T_20260715_020318_603937_frame_000030.jpg,0,30,30,0.88591,False
T_20260715_020318_603937,T_20260715_020318_603937_frame_000000.jpg,T_20260715_020318_603937_frame_000060.jpg,0,60,60,0.813903,False
T_20260715_020318_603937,T_20260715_020318_603937_frame_000000.jpg,T_20260715_020318_603937_frame_000090.jpg,0,90,90,0.791442,False
T_20260715_020318_603937,T_20260715_020318_603937_frame_000030.jpg,T_20260715_020318_603937_frame_000060.jpg,30,60,30,0.823958,False
T_20260715_020318_603937,T_20260715_020318_603937_frame_000030.jpg,T_20260715_020318_603937_frame_000090.jpg,30,90,60,0.796585,False
T_20260715_020318_603937,T_20260715_020318_603937_frame_000030.jpg,T_20260715_020318_603937_frame_000120.jpg,30,120,90,0.781997,False
T_20260715_020318_603937,T_20260715_020318_603937_frame_000060.jpg,T_20260715_020318_603937_frame_000090.jpg,60,90,30,0.784613,False
T_20260715_020318_603937,T_20260715_020318_603937_frame_000060.jpg,T_20260715_020318_603937_frame_000120.jpg,60,120,60,0.835648,False
T_20260715_020318_603937,T_20260715_020318_603937_frame_000060.jpg,T_20260715_020318_603937_frame_000150.jpg,60,150,90,0.793015,False
T_20260715_020318_603937,T_20260715_020318_603937_frame_000090.jpg,T_20260715_020318_603937_frame_000120.jpg,90,120,30,0.797813,False
T_20260715_020318_603937,T_20260715_020318_603937_frame_000090.jpg,T_20260715_020318_603937_frame_000150.jpg,90,150,60,0.806719,False
T_20260715_020318_603937,T_20260715_020318_603937_frame_000090.jpg,T_20260715_020318_603937_frame_000180.jpg,90,180,90,0.800881,False
T_20260715_020318_603937,T_20260715_020318_603937_frame_000120.jpg,T_20260715_020318_603937_frame_000150.jpg,120,150,30,0.79918,False
T_20260715_020318_603937,T_20260715_020318_603937_frame_000120.jpg,T_20260715_020318_603937_frame_000180.jpg,120,180,60,0.792077,False
T_20260715_020318_603937,T_20260715_020318_603937_frame_000120.jpg,T_20260715_020318_603937_frame_000210.jpg,120,210,90,0.784996,False
T_20260715_020318_603937,T_20260715_020318_603937_frame_000150.jpg,T_20260715_020318_603937_frame_000180.jpg,150,180,30,0.810465,False
T_20260715_020318_603937,T_20260715_020318_603937_frame_000150.jpg,T_20260715_020318_603937_frame_000210.jpg,150,210,60,0.811848,False
T_20260715_020318_603937,T_20260715_020318_603937_frame_000150.jpg,T_20260715_020318_603937_frame_000240.jpg,150,240,90,0.789371,False
T_20260715_020318_603937,T_20260715_020318_603937_frame_000180.jpg,T_20260715_020318_603937_frame_000210.jpg,180,210,30,0.928554,False
T_20260715_020318_603937,T_20260715_020318_603937_frame_000180.jpg,T_20260715_020318_603937_frame_000240.jpg,180,240,60,0.85048,False
T_20260715_020318_603937,T_20260715_020318_603937_frame_000180.jpg,T_20260715_020318_603937_frame_000270.jpg,180,270,90,0.797201,False
T_20260715_020318_603937,T_20260715_020318_603937_frame_000210.jpg,T_20260715_020318_603937_frame_000240.jpg,210,240,30,0.864553,False
T_20260715_020318_603937,T_20260715_020318_603937_frame_000210.jpg,T_20260715_020318_603937_frame_000270.jpg,210,270,60,0.809545,False
T_20260715_020318_603937,T_20260715_020318_603937_frame_000210.jpg,T_20260715_020318_603937_frame_000300.jpg,210,300,90,0.824822,False
T_20260715_020318_603937,T_20260715_020318_603937_frame_000240.jpg,T_20260715_020318_603937_frame_000270.jpg,240,270,30,0.818429,False
T_20260715_020318_603937,T_20260715_020318_603937_frame_000240.jpg,T_20260715_020318_603937_frame_000300.jpg,240,300,60,0.823985,False
T_20260715_020318_603937,T_20260715_020318_603937_frame_000240.jpg,T_20260715_020318_603937_frame_000330.jpg,240,330,90,0.801874,False
T_20260715_020318_603937,T_20260715_020318_603937_frame_000270.jpg,T_20260715_020318_603937_frame_000300.jpg,270,300,30,0.813343,False
T_20260715_020318_603937,T_20260715_020318_603937_frame_000270.jpg,T_20260715_020318_603937_frame_000330.jpg,270,330,60,0.791853,False
T_20260715_020318_603937,T_20260715_020318_603937_frame_000270.jpg,T_20260715_020318_603937_frame_000360.jpg,270,360,90,0.694457,False
T_20260715_020318_603937,T_20260715_020318_603937_frame_000300.jpg,T_20260715_020318_603937_frame_000330.jpg,300,330,30,0.834885,False
T_20260715_020318_603937,T_20260715_020318_603937_frame_000300.jpg,T_20260715_020318_603937_frame_000360.jpg,300,360,60,0.718972,False
T_20260715_020318_603937,T_20260715_020318_603937_frame_000300.jpg,T_20260715_020318_603937_frame_000390.jpg,300,390,90,0.751414,False
T_20260715_020318_603937,T_20260715_020318_603937_frame_000330.jpg,T_20260715_020318_603937_frame_000360.jpg,330,360,30,0.757782,False
T_20260715_020318_603937,T_20260715_020318_603937_frame_000330.jpg,T_20260715_020318_603937_frame_000390.jpg,330,390,60,0.762117,False
T_20260715_020318_603937,T_20260715_020318_603937_frame_000330.jpg,T_20260715_020318_603937_frame_000420.jpg,330,420,90,0.782335,False
T_20260715_020318_603937,T_20260715_020318_603937_frame_000360.jpg,T_20260715_020318_603937_frame_000390.jpg,360,390,30,0.811895,False
T_20260715_020318_603937,T_20260715_020318_603937_frame_000360.jpg,T_20260715_020318_603937_frame_000420.jpg,360,420,60,0.71678,False
T_20260715_020318_603937,T_20260715_020318_603937_frame_000360.jpg,T_20260715_020318_603937_frame_000450.jpg,360,450,90,0.729601,False
T_20260715_020318_603937,T_20260715_020318_603937_frame_000390.jpg,T_20260715_020318_603937_frame_000420.jpg,390,420,30,0.76359,False
T_20260715_020318_603937,T_20260715_020318_603937_frame_000390.jpg,T_20260715_020318_603937_frame_000450.jpg,390,450,60,0.781995,False
T_20260715_020318_603937,T_20260715_020318_603937_frame_000390.jpg,T_20260715_020318_603937_frame_000480.jpg,390,480,90,0.710166,False
T_20260715_020318_603937,T_20260715_020318_603937_frame_000420.jpg,T_20260715_020318_603937_frame_000450.jpg,420,450,30,0.86664,False
T_20260715_020318_603937,T_20260715_020318_603937_frame_000420.jpg,T_20260715_020318_603937_frame_000480.jpg,420,480,60,0.802843,False
T_20260715_020318_603937,T_20260715_020318_603937_frame_000420.jpg,T_20260715_020318_603937_frame_000510.jpg,420,510,90,0.749152,False
T_20260715_020318_603937,T_20260715_020318_603937_frame_000450.jpg,T_20260715_020318_603937_frame_000480.jpg,450,480,30,0.764628,False
T_20260715_020318_603937,T_20260715_020318_603937_frame_000450.jpg,T_20260715_020318_603937_frame_000510.jpg,450,510,60,0.794285,False
T_20260715_020318_603937,T_20260715_020318_603937_frame_000480.jpg,T_20260715_020318_603937_frame_000510.jpg,480,510,30,0.821752,False
T_20260715_020356_334524,T_20260715_020356_334524_frame_000000.jpg,T_20260715_020356_334524_frame_000030.jpg,0,30,30,0.764489,False
T_20260715_020356_334524,T_20260715_020356_334524_frame_000000.jpg,T_20260715_020356_334524_frame_000060.jpg,0,60,60,0.763999,False
T_20260715_020356_334524,T_20260715_020356_334524_frame_000000.jpg,T_20260715_020356_334524_frame_000090.jpg,0,90,90,0.75883,False
T_20260715_020356_334524,T_20260715_020356_334524_frame_000030.jpg,T_20260715_020356_334524_frame_000060.jpg,30,60,30,0.895796,False
T_20260715_020356_334524,T_20260715_020356_334524_frame_000030.jpg,T_20260715_020356_334524_frame_000090.jpg,30,90,60,0.836526,False
T_20260715_020356_334524,T_20260715_020356_334524_frame_000030.jpg,T_20260715_020356_334524_frame_000120.jpg,30,120,90,0.835114,False
T_20260715_020356_334524,T_20260715_020356_334524_frame_000060.jpg,T_20260715_020356_334524_frame_000090.jpg,60,90,30,0.834484,False
T_20260715_020356_334524,T_20260715_020356_334524_frame_000060.jpg,T_20260715_020356_334524_frame_000120.jpg,60,120,60,0.831838,False
T_20260715_020356_334524,T_20260715_020356_334524_frame_000060.jpg,T_20260715_020356_334524_frame_000150.jpg,60,150,90,0.818646,False
T_20260715_020356_334524,T_20260715_020356_334524_frame_000090.jpg,T_20260715_020356_334524_frame_000120.jpg,90,120,30,0.977581,True
T_20260715_020356_334524,T_20260715_020356_334524_frame_000090.jpg,T_20260715_020356_334524_frame_000150.jpg,90,150,60,0.80861,False
T_20260715_020356_334524,T_20260715_020356_334524_frame_000090.jpg,T_20260715_020356_334524_frame_000180.jpg,90,180,90,0.761033,False
T_20260715_020356_334524,T_20260715_020356_334524_frame_000120.jpg,T_20260715_020356_334524_frame_000150.jpg,120,150,30,0.811154,False
T_20260715_020356_334524,T_20260715_020356_334524_frame_000120.jpg,T_20260715_020356_334524_frame_000180.jpg,120,180,60,0.762254,False
T_20260715_020356_334524,T_20260715_020356_334524_frame_000120.jpg,T_20260715_020356_334524_frame_000210.jpg,120,210,90,0.784324,False
T_20260715_020356_334524,T_20260715_020356_334524_frame_000150.jpg,T_20260715_020356_334524_frame_000180.jpg,150,180,30,0.785227,False
T_20260715_020356_334524,T_20260715_020356_334524_frame_000150.jpg,T_20260715_020356_334524_frame_000210.jpg,150,210,60,0.766417,False
T_20260715_020356_334524,T_20260715_020356_334524_frame_000150.jpg,T_20260715_020356_334524_frame_000240.jpg,150,240,90,0.869378,False
T_20260715_020356_334524,T_20260715_020356_334524_frame_000180.jpg,T_20260715_020356_334524_frame_000210.jpg,180,210,30,0.834472,False
T_20260715_020356_334524,T_20260715_020356_334524_frame_000180.jpg,T_20260715_020356_334524_frame_000240.jpg,180,240,60,0.793479,False
T_20260715_020356_334524,T_20260715_020356_334524_frame_000180.jpg,T_20260715_020356_334524_frame_000270.jpg,180,270,90,0.768503,False
T_20260715_020356_334524,T_20260715_020356_334524_frame_000210.jpg,T_20260715_020356_334524_frame_000240.jpg,210,240,30,0.76895,False
T_20260715_020356_334524,T_20260715_020356_334524_frame_000210.jpg,T_20260715_020356_334524_frame_000270.jpg,210,270,60,0.767594,False
T_20260715_020356_334524,T_20260715_020356_334524_frame_000210.jpg,T_20260715_020356_334524_frame_000300.jpg,210,300,90,0.75578,False
T_20260715_020356_334524,T_20260715_020356_334524_frame_000240.jpg,T_20260715_020356_334524_frame_000270.jpg,240,270,30,0.798136,False
T_20260715_020356_334524,T_20260715_020356_334524_frame_000240.jpg,T_20260715_020356_334524_frame_000300.jpg,240,300,60,0.768205,False
T_20260715_020356_334524,T_20260715_020356_334524_frame_000240.jpg,T_20260715_020356_334524_frame_000330.jpg,240,330,90,0.852518,False
T_20260715_020356_334524,T_20260715_020356_334524_frame_000270.jpg,T_20260715_020356_334524_frame_000300.jpg,270,300,30,0.898537,False
T_20260715_020356_334524,T_20260715_020356_334524_frame_000270.jpg,T_20260715_020356_334524_frame_000330.jpg,270,330,60,0.800467,False
T_20260715_020356_334524,T_20260715_020356_334524_frame_000300.jpg,T_20260715_020356_334524_frame_000330.jpg,300,330,30,0.800739,False
T_20260715_020421_699665,T_20260715_020421_699665_frame_000000.jpg,T_20260715_020421_699665_frame_000030.jpg,0,30,30,0.916449,False
T_20260715_020421_699665,T_20260715_020421_699665_frame_000000.jpg,T_20260715_020421_699665_frame_000060.jpg,0,60,60,0.807915,False
T_20260715_020421_699665,T_20260715_020421_699665_frame_000000.jpg,T_20260715_020421_699665_frame_000090.jpg,0,90,90,0.74493,False
T_20260715_020421_699665,T_20260715_020421_699665_frame_000030.jpg,T_20260715_020421_699665_frame_000060.jpg,30,60,30,0.815332,False
T_20260715_020421_699665,T_20260715_020421_699665_frame_000030.jpg,T_20260715_020421_699665_frame_000090.jpg,30,90,60,0.759527,False
T_20260715_020421_699665,T_20260715_020421_699665_frame_000030.jpg,T_20260715_020421_699665_frame_000120.jpg,30,120,90,0.805754,False
T_20260715_020421_699665,T_20260715_020421_699665_frame_000060.jpg,T_20260715_020421_699665_frame_000090.jpg,60,90,30,0.772327,False
T_20260715_020421_699665,T_20260715_020421_699665_frame_000060.jpg,T_20260715_020421_699665_frame_000120.jpg,60,120,60,0.82144,False
T_20260715_020421_699665,T_20260715_020421_699665_frame_000060.jpg,T_20260715_020421_699665_frame_000150.jpg,60,150,90,0.883714,False
T_20260715_020421_699665,T_20260715_020421_699665_frame_000090.jpg,T_20260715_020421_699665_frame_000120.jpg,90,120,30,0.891728,False
T_20260715_020421_699665,T_20260715_020421_699665_frame_000090.jpg,T_20260715_020421_699665_frame_000150.jpg,90,150,60,0.800973,False
T_20260715_020421_699665,T_20260715_020421_699665_frame_000090.jpg,T_20260715_020421_699665_frame_000180.jpg,90,180,90,0.831624,False
T_20260715_020421_699665,T_20260715_020421_699665_frame_000120.jpg,T_20260715_020421_699665_frame_000150.jpg,120,150,30,0.848234,False
T_20260715_020421_699665,T_20260715_020421_699665_frame_000120.jpg,T_20260715_020421_699665_frame_000180.jpg,120,180,60,0.885502,False
T_20260715_020421_699665,T_20260715_020421_699665_frame_000120.jpg,T_20260715_020421_699665_frame_000210.jpg,120,210,90,0.825818,False
T_20260715_020421_699665,T_20260715_020421_699665_frame_000150.jpg,T_20260715_020421_699665_frame_000180.jpg,150,180,30,0.841789,False
T_20260715_020421_699665,T_20260715_020421_699665_frame_000150.jpg,T_20260715_020421_699665_frame_000210.jpg,150,210,60,0.869213,False
T_20260715_020421_699665,T_20260715_020421_699665_frame_000150.jpg,T_20260715_020421_699665_frame_000240.jpg,150,240,90,0.756266,False
T_20260715_020421_699665,T_20260715_020421_699665_frame_000180.jpg,T_20260715_020421_699665_frame_000210.jpg,180,210,30,0.840499,False
T_20260715_020421_699665,T_20260715_020421_699665_frame_000180.jpg,T_20260715_020421_699665_frame_000240.jpg,180,240,60,0.768558,False
T_20260715_020421_699665,T_20260715_020421_699665_frame_000180.jpg,T_20260715_020421_699665_frame_000270.jpg,180,270,90,0.760627,False
T_20260715_020421_699665,T_20260715_020421_699665_frame_000210.jpg,T_20260715_020421_699665_frame_000240.jpg,210,240,30,0.759509,False
T_20260715_020421_699665,T_20260715_020421_699665_frame_000210.jpg,T_20260715_020421_699665_frame_000270.jpg,210,270,60,0.754836,False
T_20260715_020421_699665,T_20260715_020421_699665_frame_000240.jpg,T_20260715_020421_699665_frame_000270.jpg,240,270,30,0.854841,False
T_20260715_020441_999906,T_20260715_020441_999906_frame_000000.jpg,T_20260715_020441_999906_frame_000030.jpg,0,30,30,0.899762,False
T_20260715_020441_999906,T_20260715_020441_999906_frame_000000.jpg,T_20260715_020441_999906_frame_000060.jpg,0,60,60,0.811417,False
T_20260715_020441_999906,T_20260715_020441_999906_frame_000000.jpg,T_20260715_020441_999906_frame_000090.jpg,0,90,90,0.777302,False
T_20260715_020441_999906,T_20260715_020441_999906_frame_000030.jpg,T_20260715_020441_999906_frame_000060.jpg,30,60,30,0.838317,False
T_20260715_020441_999906,T_20260715_020441_999906_frame_000030.jpg,T_20260715_020441_999906_frame_000090.jpg,30,90,60,0.811641,False
T_20260715_020441_999906,T_20260715_020441_999906_frame_000030.jpg,T_20260715_020441_999906_frame_000120.jpg,30,120,90,0.769023,False
T_20260715_020441_999906,T_20260715_020441_999906_frame_000060.jpg,T_20260715_020441_999906_frame_000090.jpg,60,90,30,0.800238,False
T_20260715_020441_999906,T_20260715_020441_999906_frame_000060.jpg,T_20260715_020441_999906_frame_000120.jpg,60,120,60,0.736,False
T_20260715_020441_999906,T_20260715_020441_999906_frame_000060.jpg,T_20260715_020441_999906_frame_000150.jpg,60,150,90,0.717955,False
T_20260715_020441_999906,T_20260715_020441_999906_frame_000090.jpg,T_20260715_020441_999906_frame_000120.jpg,90,120,30,0.788237,False
T_20260715_020441_999906,T_20260715_020441_999906_frame_000090.jpg,T_20260715_020441_999906_frame_000150.jpg,90,150,60,0.74771,False
T_20260715_020441_999906,T_20260715_020441_999906_frame_000090.jpg,T_20260715_020441_999906_frame_000180.jpg,90,180,90,0.727401,False
T_20260715_020441_999906,T_20260715_020441_999906_frame_000120.jpg,T_20260715_020441_999906_frame_000150.jpg,120,150,30,0.814288,False
T_20260715_020441_999906,T_20260715_020441_999906_frame_000120.jpg,T_20260715_020441_999906_frame_000180.jpg,120,180,60,0.784129,False
T_20260715_020441_999906,T_20260715_020441_999906_frame_000120.jpg,T_20260715_020441_999906_frame_000210.jpg,120,210,90,0.760892,False
T_20260715_020441_999906,T_20260715_020441_999906_frame_000150.jpg,T_20260715_020441_999906_frame_000180.jpg,150,180,30,0.899839,False
T_20260715_020441_999906,T_20260715_020441_999906_frame_000150.jpg,T_20260715_020441_999906_frame_000210.jpg,150,210,60,0.814692,False
T_20260715_020441_999906,T_20260715_020441_999906_frame_000150.jpg,T_20260715_020441_999906_frame_000240.jpg,150,240,90,0.804788,False
T_20260715_020441_999906,T_20260715_020441_999906_frame_000180.jpg,T_20260715_020441_999906_frame_000210.jpg,180,210,30,0.834602,False
T_20260715_020441_999906,T_20260715_020441_999906_frame_000180.jpg,T_20260715_020441_999906_frame_000240.jpg,180,240,60,0.825164,False
T_20260715_020441_999906,T_20260715_020441_999906_frame_000180.jpg,T_20260715_020441_999906_frame_000270.jpg,180,270,90,0.795428,False
T_20260715_020441_999906,T_20260715_020441_999906_frame_000210.jpg,T_20260715_020441_999906_frame_000240.jpg,210,240,30,0.962412,True
T_20260715_020441_999906,T_20260715_020441_999906_frame_000210.jpg,T_20260715_020441_999906_frame_000270.jpg,210,270,60,0.837671,False
T_20260715_020441_999906,T_20260715_020441_999906_frame_000210.jpg,T_20260715_020441_999906_frame_000300.jpg,210,300,90,0.712834,False
T_20260715_020441_999906,T_20260715_020441_999906_frame_000240.jpg,T_20260715_020441_999906_frame_000270.jpg,240,270,30,0.83099,False
T_20260715_020441_999906,T_20260715_020441_999906_frame_000240.jpg,T_20260715_020441_999906_frame_000300.jpg,240,300,60,0.710555,False
T_20260715_020441_999906,T_20260715_020441_999906_frame_000240.jpg,T_20260715_020441_999906_frame_000330.jpg,240,330,90,0.715279,False
T_20260715_020441_999906,T_20260715_020441_999906_frame_000270.jpg,T_20260715_020441_999906_frame_000300.jpg,270,300,30,0.675333,False
T_20260715_020441_999906,T_20260715_020441_999906_frame_000270.jpg,T_20260715_020441_999906_frame_000330.jpg,270,330,60,0.678149,False
T_20260715_020441_999906,T_20260715_020441_999906_frame_000270.jpg,T_20260715_020441_999906_frame_000360.jpg,270,360,90,0.713879,False
T_20260715_020441_999906,T_20260715_020441_999906_frame_000300.jpg,T_20260715_020441_999906_frame_000330.jpg,300,330,30,0.784283,False
T_20260715_020441_999906,T_20260715_020441_999906_frame_000300.jpg,T_20260715_020441_999906_frame_000360.jpg,300,360,60,0.825148,False
T_20260715_020441_999906,T_20260715_020441_999906_frame_000300.jpg,T_20260715_020441_999906_frame_000390.jpg,300,390,90,0.825688,False
T_20260715_020441_999906,T_20260715_020441_999906_frame_000330.jpg,T_20260715_020441_999906_frame_000360.jpg,330,360,30,0.888459,False
T_20260715_020441_999906,T_20260715_020441_999906_frame_000330.jpg,T_20260715_020441_999906_frame_000390.jpg,330,390,60,0.886403,False
T_20260715_020441_999906,T_20260715_020441_999906_frame_000330.jpg,T_20260715_020441_999906_frame_000420.jpg,330,420,90,0.860837,False
T_20260715_020441_999906,T_20260715_020441_999906_frame_000360.jpg,T_20260715_020441_999906_frame_000390.jpg,360,390,30,0.94621,False
T_20260715_020441_999906,T_20260715_020441_999906_frame_000360.jpg,T_20260715_020441_999906_frame_000420.jpg,360,420,60,0.90818,False
T_20260715_020441_999906,T_20260715_020441_999906_frame_000360.jpg,T_20260715_020441_999906_frame_000450.jpg,360,450,90,0.916475,False
T_20260715_020441_999906,T_20260715_020441_999906_frame_000390.jpg,T_20260715_020441_999906_frame_000420.jpg,390,420,30,0.933829,False
T_20260715_020441_999906,T_20260715_020441_999906_frame_000390.jpg,T_20260715_020441_999906_frame_000450.jpg,390,450,60,0.943651,False
T_20260715_020441_999906,T_20260715_020441_999906_frame_000390.jpg,T_20260715_020441_999906_frame_000480.jpg,390,480,90,0.906095,False
T_20260715_020441_999906,T_20260715_020441_999906_frame_000420.jpg,T_20260715_020441_999906_frame_000450.jpg,420,450,30,0.962801,True
T_20260715_020441_999906,T_20260715_020441_999906_frame_000420.jpg,T_20260715_020441_999906_frame_000480.jpg,420,480,60,0.920955,False
T_20260715_020441_999906,T_20260715_020441_999906_frame_000420.jpg,T_20260715_020441_999906_frame_000510.jpg,420,510,90,0.936193,False
T_20260715_020441_999906,T_20260715_020441_999906_frame_000450.jpg,T_20260715_020441_999906_frame_000480.jpg,450,480,30,0.923004,False
T_20260715_020441_999906,T_20260715_020441_999906_frame_000450.jpg,T_20260715_020441_999906_frame_000510.jpg,450,510,60,0.943795,False
T_20260715_020441_999906,T_20260715_020441_999906_frame_000450.jpg,T_20260715_020441_999906_frame_000540.jpg,450,540,90,0.942896,False
T_20260715_020441_999906,T_20260715_020441_999906_frame_000480.jpg,T_20260715_020441_999906_frame_000510.jpg,480,510,30,0.92825,False
T_20260715_020441_999906,T_20260715_020441_999906_frame_000480.jpg,T_20260715_020441_999906_frame_000540.jpg,480,540,60,0.922683,False
T_20260715_020441_999906,T_20260715_020441_999906_frame_000480.jpg,T_20260715_020441_999906_frame_000570.jpg,480,570,90,0.9205,False
T_20260715_020441_999906,T_20260715_020441_999906_frame_000510.jpg,T_20260715_020441_999906_frame_000540.jpg,510,540,30,0.952694,True
T_20260715_020441_999906,T_20260715_020441_999906_frame_000510.jpg,T_20260715_020441_999906_frame_000570.jpg,510,570,60,0.963481,True
T_20260715_020441_999906,T_20260715_020441_999906_frame_000510.jpg,T_20260715_020441_999906_frame_000600.jpg,510,600,90,0.955161,True
T_20260715_020441_999906,T_20260715_020441_999906_frame_000540.jpg,T_20260715_020441_999906_frame_000570.jpg,540,570,30,0.951285,True
T_20260715_020441_999906,T_20260715_020441_999906_frame_000540.jpg,T_20260715_020441_999906_frame_000600.jpg,540,600,60,0.947911,False
T_20260715_020441_999906,T_20260715_020441_999906_frame_000540.jpg,T_20260715_020441_999906_frame_000630.jpg,540,630,90,0.949623,False
T_20260715_020441_999906,T_20260715_020441_999906_frame_000570.jpg,T_20260715_020441_999906_frame_000600.jpg,570,600,30,0.965605,True
T_20260715_020441_999906,T_20260715_020441_999906_frame_000570.jpg,T_20260715_020441_999906_frame_000630.jpg,570,630,60,0.964021,True
T_20260715_020441_999906,T_20260715_020441_999906_frame_000570.jpg,T_20260715_020441_999906_frame_000660.jpg,570,660,90,0.867005,False
T_20260715_020441_999906,T_20260715_020441_999906_frame_000600.jpg,T_20260715_020441_999906_frame_000630.jpg,600,630,30,0.964885,True
T_20260715_020441_999906,T_20260715_020441_999906_frame_000600.jpg,T_20260715_020441_999906_frame_000660.jpg,600,660,60,0.864363,False
T_20260715_020441_999906,T_20260715_020441_999906_frame_000600.jpg,T_20260715_020441_999906_frame_000690.jpg,600,690,90,0.819904,False
T_20260715_020441_999906,T_20260715_020441_999906_frame_000630.jpg,T_20260715_020441_999906_frame_000660.jpg,630,660,30,0.871649,False
T_20260715_020441_999906,T_20260715_020441_999906_frame_000630.jpg,T_20260715_020441_999906_frame_000690.jpg,630,690,60,0.828993,False
T_20260715_020441_999906,T_20260715_020441_999906_frame_000630.jpg,T_20260715_020441_999906_frame_000720.jpg,630,720,90,0.856892,False
T_20260715_020441_999906,T_20260715_020441_999906_frame_000660.jpg,T_20260715_020441_999906_frame_000690.jpg,660,690,30,0.786814,False
T_20260715_020441_999906,T_20260715_020441_999906_frame_000660.jpg,T_20260715_020441_999906_frame_000720.jpg,660,720,60,0.798169,False
T_20260715_020441_999906,T_20260715_020441_999906_frame_000690.jpg,T_20260715_020441_999906_frame_000720.jpg,690,720,30,0.920912,False
T_20260715_020520_889167,T_20260715_020520_889167_frame_000000.jpg,T_20260715_020520_889167_frame_000030.jpg,0,30,30,0.794257,False
T_20260715_020520_889167,T_20260715_020520_889167_frame_000000.jpg,T_20260715_020520_889167_frame_000060.jpg,0,60,60,0.844043,False
T_20260715_020520_889167,T_20260715_020520_889167_frame_000000.jpg,T_20260715_020520_889167_frame_000090.jpg,0,90,90,0.856161,False
T_20260715_020520_889167,T_20260715_020520_889167_frame_000030.jpg,T_20260715_020520_889167_frame_000060.jpg,30,60,30,0.806542,False
T_20260715_020520_889167,T_20260715_020520_889167_frame_000030.jpg,T_20260715_020520_889167_frame_000090.jpg,30,90,60,0.807306,False
T_20260715_020520_889167,T_20260715_020520_889167_frame_000030.jpg,T_20260715_020520_889167_frame_000120.jpg,30,120,90,0.797244,False
T_20260715_020520_889167,T_20260715_020520_889167_frame_000060.jpg,T_20260715_020520_889167_frame_000090.jpg,60,90,30,0.918064,False
T_20260715_020520_889167,T_20260715_020520_889167_frame_000060.jpg,T_20260715_020520_889167_frame_000120.jpg,60,120,60,0.925049,False
T_20260715_020520_889167,T_20260715_020520_889167_frame_000060.jpg,T_20260715_020520_889167_frame_000150.jpg,60,150,90,0.932584,False
T_20260715_020520_889167,T_20260715_020520_889167_frame_000090.jpg,T_20260715_020520_889167_frame_000120.jpg,90,120,30,0.959998,True
T_20260715_020520_889167,T_20260715_020520_889167_frame_000090.jpg,T_20260715_020520_889167_frame_000150.jpg,90,150,60,0.946764,False
T_20260715_020520_889167,T_20260715_020520_889167_frame_000090.jpg,T_20260715_020520_889167_frame_000180.jpg,90,180,90,0.943016,False
T_20260715_020520_889167,T_20260715_020520_889167_frame_000120.jpg,T_20260715_020520_889167_frame_000150.jpg,120,150,30,0.94947,False
T_20260715_020520_889167,T_20260715_020520_889167_frame_000120.jpg,T_20260715_020520_889167_frame_000180.jpg,120,180,60,0.946167,False
T_20260715_020520_889167,T_20260715_020520_889167_frame_000120.jpg,T_20260715_020520_889167_frame_000210.jpg,120,210,90,0.945908,False
T_20260715_020520_889167,T_20260715_020520_889167_frame_000150.jpg,T_20260715_020520_889167_frame_000180.jpg,150,180,30,0.976927,True
T_20260715_020520_889167,T_20260715_020520_889167_frame_000150.jpg,T_20260715_020520_889167_frame_000210.jpg,150,210,60,0.971288,True
T_20260715_020520_889167,T_20260715_020520_889167_frame_000150.jpg,T_20260715_020520_889167_frame_000240.jpg,150,240,90,0.967354,True
T_20260715_020520_889167,T_20260715_020520_889167_frame_000180.jpg,T_20260715_020520_889167_frame_000210.jpg,180,210,30,0.975067,True
T_20260715_020520_889167,T_20260715_020520_889167_frame_000180.jpg,T_20260715_020520_889167_frame_000240.jpg,180,240,60,0.971436,True
T_20260715_020520_889167,T_20260715_020520_889167_frame_000180.jpg,T_20260715_020520_889167_frame_000270.jpg,180,270,90,0.967053,True
T_20260715_020520_889167,T_20260715_020520_889167_frame_000210.jpg,T_20260715_020520_889167_frame_000240.jpg,210,240,30,0.979185,True
T_20260715_020520_889167,T_20260715_020520_889167_frame_000210.jpg,T_20260715_020520_889167_frame_000270.jpg,210,270,60,0.964769,True
T_20260715_020520_889167,T_20260715_020520_889167_frame_000210.jpg,T_20260715_020520_889167_frame_000300.jpg,210,300,90,0.853215,False
T_20260715_020520_889167,T_20260715_020520_889167_frame_000240.jpg,T_20260715_020520_889167_frame_000270.jpg,240,270,30,0.966109,True
T_20260715_020520_889167,T_20260715_020520_889167_frame_000240.jpg,T_20260715_020520_889167_frame_000300.jpg,240,300,60,0.852022,False
T_20260715_020520_889167,T_20260715_020520_889167_frame_000240.jpg,T_20260715_020520_889167_frame_000330.jpg,240,330,90,0.855156,False
T_20260715_020520_889167,T_20260715_020520_889167_frame_000270.jpg,T_20260715_020520_889167_frame_000300.jpg,270,300,30,0.847038,False
T_20260715_020520_889167,T_20260715_020520_889167_frame_000270.jpg,T_20260715_020520_889167_frame_000330.jpg,270,330,60,0.850072,False
T_20260715_020520_889167,T_20260715_020520_889167_frame_000270.jpg,T_20260715_020520_889167_frame_000360.jpg,270,360,90,0.851912,False
T_20260715_020520_889167,T_20260715_020520_889167_frame_000300.jpg,T_20260715_020520_889167_frame_000330.jpg,300,330,30,0.834206,False
T_20260715_020520_889167,T_20260715_020520_889167_frame_000300.jpg,T_20260715_020520_889167_frame_000360.jpg,300,360,60,0.806861,False
T_20260715_020520_889167,T_20260715_020520_889167_frame_000300.jpg,T_20260715_020520_889167_frame_000390.jpg,300,390,90,0.792395,False
T_20260715_020520_889167,T_20260715_020520_889167_frame_000330.jpg,T_20260715_020520_889167_frame_000360.jpg,330,360,30,0.814664,False
T_20260715_020520_889167,T_20260715_020520_889167_frame_000330.jpg,T_20260715_020520_889167_frame_000390.jpg,330,390,60,0.805493,False
T_20260715_020520_889167,T_20260715_020520_889167_frame_000330.jpg,T_20260715_020520_889167_frame_000420.jpg,330,420,90,0.794852,False
T_20260715_020520_889167,T_20260715_020520_889167_frame_000360.jpg,T_20260715_020520_889167_frame_000390.jpg,360,390,30,0.87998,False
T_20260715_020520_889167,T_20260715_020520_889167_frame_000360.jpg,T_20260715_020520_889167_frame_000420.jpg,360,420,60,0.86125,False
T_20260715_020520_889167,T_20260715_020520_889167_frame_000360.jpg,T_20260715_020520_889167_frame_000450.jpg,360,450,90,0.848297,False
T_20260715_020520_889167,T_20260715_020520_889167_frame_000390.jpg,T_20260715_020520_889167_frame_000420.jpg,390,420,30,0.919173,False
T_20260715_020520_889167,T_20260715_020520_889167_frame_000390.jpg,T_20260715_020520_889167_frame_000450.jpg,390,450,60,0.888998,False
T_20260715_020520_889167,T_20260715_020520_889167_frame_000390.jpg,T_20260715_020520_889167_frame_000480.jpg,390,480,90,0.845738,False
T_20260715_020520_889167,T_20260715_020520_889167_frame_000420.jpg,T_20260715_020520_889167_frame_000450.jpg,420,450,30,0.921207,False
T_20260715_020520_889167,T_20260715_020520_889167_frame_000420.jpg,T_20260715_020520_889167_frame_000480.jpg,420,480,60,0.86876,False
T_20260715_020520_889167,T_20260715_020520_889167_frame_000420.jpg,T_20260715_020520_889167_frame_000510.jpg,420,510,90,0.875312,False
T_20260715_020520_889167,T_20260715_020520_889167_frame_000450.jpg,T_20260715_020520_889167_frame_000480.jpg,450,480,30,0.921524,False
T_20260715_020520_889167,T_20260715_020520_889167_frame_000450.jpg,T_20260715_020520_889167_frame_000510.jpg,450,510,60,0.891329,False
T_20260715_020520_889167,T_20260715_020520_889167_frame_000450.jpg,T_20260715_020520_889167_frame_000540.jpg,450,540,90,0.869899,False
T_20260715_020520_889167,T_20260715_020520_889167_frame_000480.jpg,T_20260715_020520_889167_frame_000510.jpg,480,510,30,0.895045,False
T_20260715_020520_889167,T_20260715_020520_889167_frame_000480.jpg,T_20260715_020520_889167_frame_000540.jpg,480,540,60,0.876046,False
T_20260715_020520_889167,T_20260715_020520_889167_frame_000480.jpg,T_20260715_020520_889167_frame_000570.jpg,480,570,90,0.880193,False
T_20260715_020520_889167,T_20260715_020520_889167_frame_000510.jpg,T_20260715_020520_889167_frame_000540.jpg,510,540,30,0.930351,False
T_20260715_020520_889167,T_20260715_020520_889167_frame_000510.jpg,T_20260715_020520_889167_frame_000570.jpg,510,570,60,0.92882,False
T_20260715_020520_889167,T_20260715_020520_889167_frame_000510.jpg,T_20260715_020520_889167_frame_000600.jpg,510,600,90,0.864014,False
T_20260715_020520_889167,T_20260715_020520_889167_frame_000540.jpg,T_20260715_020520_889167_frame_000570.jpg,540,570,30,0.935453,False
T_20260715_020520_889167,T_20260715_020520_889167_frame_000540.jpg,T_20260715_020520_889167_frame_000600.jpg,540,600,60,0.868588,False
T_20260715_020520_889167,T_20260715_020520_889167_frame_000540.jpg,T_20260715_020520_889167_frame_000630.jpg,540,630,90,0.767586,False
T_20260715_020520_889167,T_20260715_020520_889167_frame_000570.jpg,T_20260715_020520_889167_frame_000600.jpg,570,600,30,0.882668,False
T_20260715_020520_889167,T_20260715_020520_889167_frame_000570.jpg,T_20260715_020520_889167_frame_000630.jpg,570,630,60,0.780123,False
T_20260715_020520_889167,T_20260715_020520_889167_frame_000600.jpg,T_20260715_020520_889167_frame_000630.jpg,600,630,30,0.779366,False
T_20260715_020604_756053,T_20260715_020604_756053_frame_000000.jpg,T_20260715_020604_756053_frame_000030.jpg,0,30,30,0.863768,False
T_20260715_020604_756053,T_20260715_020604_756053_frame_000000.jpg,T_20260715_020604_756053_frame_000060.jpg,0,60,60,0.801052,False
T_20260715_020604_756053,T_20260715_020604_756053_frame_000000.jpg,T_20260715_020604_756053_frame_000090.jpg,0,90,90,0.741804,False
T_20260715_020604_756053,T_20260715_020604_756053_frame_000030.jpg,T_20260715_020604_756053_frame_000060.jpg,30,60,30,0.883042,False
T_20260715_020604_756053,T_20260715_020604_756053_frame_000030.jpg,T_20260715_020604_756053_frame_000090.jpg,30,90,60,0.803307,False
T_20260715_020604_756053,T_20260715_020604_756053_frame_000030.jpg,T_20260715_020604_756053_frame_000120.jpg,30,120,90,0.793333,False
T_20260715_020604_756053,T_20260715_020604_756053_frame_000060.jpg,T_20260715_020604_756053_frame_000090.jpg,60,90,30,0.798545,False
T_20260715_020604_756053,T_20260715_020604_756053_frame_000060.jpg,T_20260715_020604_756053_frame_000120.jpg,60,120,60,0.737883,False
T_20260715_020604_756053,T_20260715_020604_756053_frame_000060.jpg,T_20260715_020604_756053_frame_000150.jpg,60,150,90,0.719121,False
T_20260715_020604_756053,T_20260715_020604_756053_frame_000090.jpg,T_20260715_020604_756053_frame_000120.jpg,90,120,30,0.794452,False
T_20260715_020604_756053,T_20260715_020604_756053_frame_000090.jpg,T_20260715_020604_756053_frame_000150.jpg,90,150,60,0.751923,False
T_20260715_020604_756053,T_20260715_020604_756053_frame_000090.jpg,T_20260715_020604_756053_frame_000180.jpg,90,180,90,0.724063,False
T_20260715_020604_756053,T_20260715_020604_756053_frame_000120.jpg,T_20260715_020604_756053_frame_000150.jpg,120,150,30,0.781307,False
T_20260715_020604_756053,T_20260715_020604_756053_frame_000120.jpg,T_20260715_020604_756053_frame_000180.jpg,120,180,60,0.723904,False
T_20260715_020604_756053,T_20260715_020604_756053_frame_000120.jpg,T_20260715_020604_756053_frame_000210.jpg,120,210,90,0.778462,False
T_20260715_020604_756053,T_20260715_020604_756053_frame_000150.jpg,T_20260715_020604_756053_frame_000180.jpg,150,180,30,0.772974,False
T_20260715_020604_756053,T_20260715_020604_756053_frame_000150.jpg,T_20260715_020604_756053_frame_000210.jpg,150,210,60,0.795454,False
T_20260715_020604_756053,T_20260715_020604_756053_frame_000150.jpg,T_20260715_020604_756053_frame_000240.jpg,150,240,90,0.759719,False
T_20260715_020604_756053,T_20260715_020604_756053_frame_000180.jpg,T_20260715_020604_756053_frame_000210.jpg,180,210,30,0.828772,False
T_20260715_020604_756053,T_20260715_020604_756053_frame_000180.jpg,T_20260715_020604_756053_frame_000240.jpg,180,240,60,0.776758,False
T_20260715_020604_756053,T_20260715_020604_756053_frame_000180.jpg,T_20260715_020604_756053_frame_000270.jpg,180,270,90,0.780853,False
T_20260715_020604_756053,T_20260715_020604_756053_frame_000210.jpg,T_20260715_020604_756053_frame_000240.jpg,210,240,30,0.835323,False
T_20260715_020604_756053,T_20260715_020604_756053_frame_000210.jpg,T_20260715_020604_756053_frame_000270.jpg,210,270,60,0.751245,False
T_20260715_020604_756053,T_20260715_020604_756053_frame_000210.jpg,T_20260715_020604_756053_frame_000300.jpg,210,300,90,0.781771,False
T_20260715_020604_756053,T_20260715_020604_756053_frame_000240.jpg,T_20260715_020604_756053_frame_000270.jpg,240,270,30,0.750243,False
T_20260715_020604_756053,T_20260715_020604_756053_frame_000240.jpg,T_20260715_020604_756053_frame_000300.jpg,240,300,60,0.764406,False
T_20260715_020604_756053,T_20260715_020604_756053_frame_000240.jpg,T_20260715_020604_756053_frame_000330.jpg,240,330,90,0.75009,False
T_20260715_020604_756053,T_20260715_020604_756053_frame_000270.jpg,T_20260715_020604_756053_frame_000300.jpg,270,300,30,0.861213,False
T_20260715_020604_756053,T_20260715_020604_756053_frame_000270.jpg,T_20260715_020604_756053_frame_000330.jpg,270,330,60,0.850481,False
T_20260715_020604_756053,T_20260715_020604_756053_frame_000270.jpg,T_20260715_020604_756053_frame_000360.jpg,270,360,90,0.727001,False
T_20260715_020604_756053,T_20260715_020604_756053_frame_000300.jpg,T_20260715_020604_756053_frame_000330.jpg,300,330,30,0.834518,False
T_20260715_020604_756053,T_20260715_020604_756053_frame_000300.jpg,T_20260715_020604_756053_frame_000360.jpg,300,360,60,0.745297,False
T_20260715_020604_756053,T_20260715_020604_756053_frame_000300.jpg,T_20260715_020604_756053_frame_000390.jpg,300,390,90,0.805867,False
T_20260715_020604_756053,T_20260715_020604_756053_frame_000330.jpg,T_20260715_020604_756053_frame_000360.jpg,330,360,30,0.749105,False
T_20260715_020604_756053,T_20260715_020604_756053_frame_000330.jpg,T_20260715_020604_756053_frame_000390.jpg,330,390,60,0.764799,False
T_20260715_020604_756053,T_20260715_020604_756053_frame_000330.jpg,T_20260715_020604_756053_frame_000420.jpg,330,420,90,0.731316,False
T_20260715_020604_756053,T_20260715_020604_756053_frame_000360.jpg,T_20260715_020604_756053_frame_000390.jpg,360,390,30,0.750877,False
T_20260715_020604_756053,T_20260715_020604_756053_frame_000360.jpg,T_20260715_020604_756053_frame_000420.jpg,360,420,60,0.761602,False
T_20260715_020604_756053,T_20260715_020604_756053_frame_000360.jpg,T_20260715_020604_756053_frame_000450.jpg,360,450,90,0.724965,False
T_20260715_020604_756053,T_20260715_020604_756053_frame_000390.jpg,T_20260715_020604_756053_frame_000420.jpg,390,420,30,0.881725,False
T_20260715_020604_756053,T_20260715_020604_756053_frame_000390.jpg,T_20260715_020604_756053_frame_000450.jpg,390,450,60,0.82972,False
T_20260715_020604_756053,T_20260715_020604_756053_frame_000390.jpg,T_20260715_020604_756053_frame_000480.jpg,390,480,90,0.747286,False
T_20260715_020604_756053,T_20260715_020604_756053_frame_000420.jpg,T_20260715_020604_756053_frame_000450.jpg,420,450,30,0.864184,False
T_20260715_020604_756053,T_20260715_020604_756053_frame_000420.jpg,T_20260715_020604_756053_frame_000480.jpg,420,480,60,0.812631,False
T_20260715_020604_756053,T_20260715_020604_756053_frame_000420.jpg,T_20260715_020604_756053_frame_000510.jpg,420,510,90,0.82084,False
T_20260715_020604_756053,T_20260715_020604_756053_frame_000450.jpg,T_20260715_020604_756053_frame_000480.jpg,450,480,30,0.793838,False
T_20260715_020604_756053,T_20260715_020604_756053_frame_000450.jpg,T_20260715_020604_756053_frame_000510.jpg,450,510,60,0.846134,False
T_20260715_020604_756053,T_20260715_020604_756053_frame_000450.jpg,T_20260715_020604_756053_frame_000540.jpg,450,540,90,0.809415,False
T_20260715_020604_756053,T_20260715_020604_756053_frame_000480.jpg,T_20260715_020604_756053_frame_000510.jpg,480,510,30,0.775558,False
T_20260715_020604_756053,T_20260715_020604_756053_frame_000480.jpg,T_20260715_020604_756053_frame_000540.jpg,480,540,60,0.763388,False
T_20260715_020604_756053,T_20260715_020604_756053_frame_000480.jpg,T_20260715_020604_756053_frame_000570.jpg,480,570,90,0.702871,False
T_20260715_020604_756053,T_20260715_020604_756053_frame_000510.jpg,T_20260715_020604_756053_frame_000540.jpg,510,540,30,0.85,False
T_20260715_020604_756053,T_20260715_020604_756053_frame_000510.jpg,T_20260715_020604_756053_frame_000570.jpg,510,570,60,0.746136,False
T_20260715_020604_756053,T_20260715_020604_756053_frame_000510.jpg,T_20260715_020604_756053_frame_000600.jpg,510,600,90,0.712525,False
T_20260715_020604_756053,T_20260715_020604_756053_frame_000540.jpg,T_20260715_020604_756053_frame_000570.jpg,540,570,30,0.717839,False
T_20260715_020604_756053,T_20260715_020604_756053_frame_000540.jpg,T_20260715_020604_756053_frame_000600.jpg,540,600,60,0.70763,False
T_20260715_020604_756053,T_20260715_020604_756053_frame_000540.jpg,T_20260715_020604_756053_frame_000630.jpg,540,630,90,0.676148,False
T_20260715_020604_756053,T_20260715_020604_756053_frame_000570.jpg,T_20260715_020604_756053_frame_000600.jpg,570,600,30,0.774909,False
T_20260715_020604_756053,T_20260715_020604_756053_frame_000570.jpg,T_20260715_020604_756053_frame_000630.jpg,570,630,60,0.702033,False
T_20260715_020604_756053,T_20260715_020604_756053_frame_000570.jpg,T_20260715_020604_756053_frame_000660.jpg,570,660,90,0.673355,False
T_20260715_020604_756053,T_20260715_020604_756053_frame_000600.jpg,T_20260715_020604_756053_frame_000630.jpg,600,630,30,0.694784,False
T_20260715_020604_756053,T_20260715_020604_756053_frame_000600.jpg,T_20260715_020604_756053_frame_000660.jpg,600,660,60,0.664312,False
T_20260715_020604_756053,T_20260715_020604_756053_frame_000600.jpg,T_20260715_020604_756053_frame_000690.jpg,600,690,90,0.72213,False
T_20260715_020604_756053,T_20260715_020604_756053_frame_000630.jpg,T_20260715_020604_756053_frame_000660.jpg,630,660,30,0.750952,False
T_20260715_020604_756053,T_20260715_020604_756053_frame_000630.jpg,T_20260715_020604_756053_frame_000690.jpg,630,690,60,0.752751,False
T_20260715_020604_756053,T_20260715_020604_756053_frame_000630.jpg,T_20260715_020604_756053_frame_000720.jpg,630,720,90,0.70708,False
T_20260715_020604_756053,T_20260715_020604_756053_frame_000660.jpg,T_20260715_020604_756053_frame_000690.jpg,660,690,30,0.728946,False
T_20260715_020604_756053,T_20260715_020604_756053_frame_000660.jpg,T_20260715_020604_756053_frame_000720.jpg,660,720,60,0.682985,False
T_20260715_020604_756053,T_20260715_020604_756053_frame_000660.jpg,T_20260715_020604_756053_frame_000750.jpg,660,750,90,0.67766,False
T_20260715_020604_756053,T_20260715_020604_756053_frame_000690.jpg,T_20260715_020604_756053_frame_000720.jpg,690,720,30,0.73899,False
T_20260715_020604_756053,T_20260715_020604_756053_frame_000690.jpg,T_20260715_020604_756053_frame_000750.jpg,690,750,60,0.734054,False
T_20260715_020604_756053,T_20260715_020604_756053_frame_000690.jpg,T_20260715_020604_756053_frame_000780.jpg,690,780,90,0.692648,False
T_20260715_020604_756053,T_20260715_020604_756053_frame_000720.jpg,T_20260715_020604_756053_frame_000750.jpg,720,750,30,0.862708,False
T_20260715_020604_756053,T_20260715_020604_756053_frame_000720.jpg,T_20260715_020604_756053_frame_000780.jpg,720,780,60,0.721277,False
T_20260715_020604_756053,T_20260715_020604_756053_frame_000750.jpg,T_20260715_020604_756053_frame_000780.jpg,750,780,30,0.742464,False
T_20260715_020711_333827,T_20260715_020711_333827_frame_000000.jpg,T_20260715_020711_333827_frame_000030.jpg,0,30,30,0.909876,False
T_20260715_020711_333827,T_20260715_020711_333827_frame_000000.jpg,T_20260715_020711_333827_frame_000060.jpg,0,60,60,0.859793,False
T_20260715_020711_333827,T_20260715_020711_333827_frame_000000.jpg,T_20260715_020711_333827_frame_000090.jpg,0,90,90,0.791215,False
T_20260715_020711_333827,T_20260715_020711_333827_frame_000030.jpg,T_20260715_020711_333827_frame_000060.jpg,30,60,30,0.887575,False
T_20260715_020711_333827,T_20260715_020711_333827_frame_000030.jpg,T_20260715_020711_333827_frame_000090.jpg,30,90,60,0.818926,False
T_20260715_020711_333827,T_20260715_020711_333827_frame_000030.jpg,T_20260715_020711_333827_frame_000120.jpg,30,120,90,0.723681,False
T_20260715_020711_333827,T_20260715_020711_333827_frame_000060.jpg,T_20260715_020711_333827_frame_000090.jpg,60,90,30,0.815562,False
T_20260715_020711_333827,T_20260715_020711_333827_frame_000060.jpg,T_20260715_020711_333827_frame_000120.jpg,60,120,60,0.697302,False
T_20260715_020711_333827,T_20260715_020711_333827_frame_000060.jpg,T_20260715_020711_333827_frame_000150.jpg,60,150,90,0.783556,False
T_20260715_020711_333827,T_20260715_020711_333827_frame_000090.jpg,T_20260715_020711_333827_frame_000120.jpg,90,120,30,0.721051,False
T_20260715_020711_333827,T_20260715_020711_333827_frame_000090.jpg,T_20260715_020711_333827_frame_000150.jpg,90,150,60,0.812764,False
T_20260715_020711_333827,T_20260715_020711_333827_frame_000090.jpg,T_20260715_020711_333827_frame_000180.jpg,90,180,90,0.766589,False
T_20260715_020711_333827,T_20260715_020711_333827_frame_000120.jpg,T_20260715_020711_333827_frame_000150.jpg,120,150,30,0.694308,False
T_20260715_020711_333827,T_20260715_020711_333827_frame_000120.jpg,T_20260715_020711_333827_frame_000180.jpg,120,180,60,0.678078,False
T_20260715_020711_333827,T_20260715_020711_333827_frame_000120.jpg,T_20260715_020711_333827_frame_000210.jpg,120,210,90,0.649956,False
T_20260715_020711_333827,T_20260715_020711_333827_frame_000150.jpg,T_20260715_020711_333827_frame_000180.jpg,150,180,30,0.758406,False
T_20260715_020711_333827,T_20260715_020711_333827_frame_000150.jpg,T_20260715_020711_333827_frame_000210.jpg,150,210,60,0.6955,False
T_20260715_020711_333827,T_20260715_020711_333827_frame_000150.jpg,T_20260715_020711_333827_frame_000240.jpg,150,240,90,0.754917,False
T_20260715_020711_333827,T_20260715_020711_333827_frame_000180.jpg,T_20260715_020711_333827_frame_000210.jpg,180,210,30,0.761576,False
T_20260715_020711_333827,T_20260715_020711_333827_frame_000180.jpg,T_20260715_020711_333827_frame_000240.jpg,180,240,60,0.712696,False
T_20260715_020711_333827,T_20260715_020711_333827_frame_000180.jpg,T_20260715_020711_333827_frame_000270.jpg,180,270,90,0.730593,False
T_20260715_020711_333827,T_20260715_020711_333827_frame_000210.jpg,T_20260715_020711_333827_frame_000240.jpg,210,240,30,0.789689,False
T_20260715_020711_333827,T_20260715_020711_333827_frame_000210.jpg,T_20260715_020711_333827_frame_000270.jpg,210,270,60,0.810737,False
T_20260715_020711_333827,T_20260715_020711_333827_frame_000210.jpg,T_20260715_020711_333827_frame_000300.jpg,210,300,90,0.726639,False
T_20260715_020711_333827,T_20260715_020711_333827_frame_000240.jpg,T_20260715_020711_333827_frame_000270.jpg,240,270,30,0.88793,False
T_20260715_020711_333827,T_20260715_020711_333827_frame_000240.jpg,T_20260715_020711_333827_frame_000300.jpg,240,300,60,0.744976,False
T_20260715_020711_333827,T_20260715_020711_333827_frame_000240.jpg,T_20260715_020711_333827_frame_000330.jpg,240,330,90,0.727906,False
T_20260715_020711_333827,T_20260715_020711_333827_frame_000270.jpg,T_20260715_020711_333827_frame_000300.jpg,270,300,30,0.759122,False
T_20260715_020711_333827,T_20260715_020711_333827_frame_000270.jpg,T_20260715_020711_333827_frame_000330.jpg,270,330,60,0.74258,False
T_20260715_020711_333827,T_20260715_020711_333827_frame_000270.jpg,T_20260715_020711_333827_frame_000360.jpg,270,360,90,0.769787,False
T_20260715_020711_333827,T_20260715_020711_333827_frame_000300.jpg,T_20260715_020711_333827_frame_000330.jpg,300,330,30,0.883999,False
T_20260715_020711_333827,T_20260715_020711_333827_frame_000300.jpg,T_20260715_020711_333827_frame_000360.jpg,300,360,60,0.74042,False
T_20260715_020711_333827,T_20260715_020711_333827_frame_000300.jpg,T_20260715_020711_333827_frame_000390.jpg,300,390,90,0.758362,False
T_20260715_020711_333827,T_20260715_020711_333827_frame_000330.jpg,T_20260715_020711_333827_frame_000360.jpg,330,360,30,0.72728,False
T_20260715_020711_333827,T_20260715_020711_333827_frame_000330.jpg,T_20260715_020711_333827_frame_000390.jpg,330,390,60,0.750564,False
T_20260715_020711_333827,T_20260715_020711_333827_frame_000330.jpg,T_20260715_020711_333827_frame_000420.jpg,330,420,90,0.717718,False
T_20260715_020711_333827,T_20260715_020711_333827_frame_000360.jpg,T_20260715_020711_333827_frame_000390.jpg,360,390,30,0.770986,False
T_20260715_020711_333827,T_20260715_020711_333827_frame_000360.jpg,T_20260715_020711_333827_frame_000420.jpg,360,420,60,0.745324,False
T_20260715_020711_333827,T_20260715_020711_333827_frame_000360.jpg,T_20260715_020711_333827_frame_000450.jpg,360,450,90,0.719221,False
T_20260715_020711_333827,T_20260715_020711_333827_frame_000390.jpg,T_20260715_020711_333827_frame_000420.jpg,390,420,30,0.800288,False
T_20260715_020711_333827,T_20260715_020711_333827_frame_000390.jpg,T_20260715_020711_333827_frame_000450.jpg,390,450,60,0.802555,False
T_20260715_020711_333827,T_20260715_020711_333827_frame_000390.jpg,T_20260715_020711_333827_frame_000480.jpg,390,480,90,0.777096,False
T_20260715_020711_333827,T_20260715_020711_333827_frame_000420.jpg,T_20260715_020711_333827_frame_000450.jpg,420,450,30,0.831772,False
T_20260715_020711_333827,T_20260715_020711_333827_frame_000420.jpg,T_20260715_020711_333827_frame_000480.jpg,420,480,60,0.752001,False
T_20260715_020711_333827,T_20260715_020711_333827_frame_000420.jpg,T_20260715_020711_333827_frame_000510.jpg,420,510,90,0.751222,False
T_20260715_020711_333827,T_20260715_020711_333827_frame_000450.jpg,T_20260715_020711_333827_frame_000480.jpg,450,480,30,0.743741,False
T_20260715_020711_333827,T_20260715_020711_333827_frame_000450.jpg,T_20260715_020711_333827_frame_000510.jpg,450,510,60,0.73696,False
T_20260715_020711_333827,T_20260715_020711_333827_frame_000450.jpg,T_20260715_020711_333827_frame_000540.jpg,450,540,90,0.749328,False
T_20260715_020711_333827,T_20260715_020711_333827_frame_000480.jpg,T_20260715_020711_333827_frame_000510.jpg,480,510,30,0.853077,False
T_20260715_020711_333827,T_20260715_020711_333827_frame_000480.jpg,T_20260715_020711_333827_frame_000540.jpg,480,540,60,0.843712,False
T_20260715_020711_333827,T_20260715_020711_333827_frame_000480.jpg,T_20260715_020711_333827_frame_000570.jpg,480,570,90,0.860202,False
T_20260715_020711_333827,T_20260715_020711_333827_frame_000510.jpg,T_20260715_020711_333827_frame_000540.jpg,510,540,30,0.861525,False
T_20260715_020711_333827,T_20260715_020711_333827_frame_000510.jpg,T_20260715_020711_333827_frame_000570.jpg,510,570,60,0.887543,False
T_20260715_020711_333827,T_20260715_020711_333827_frame_000510.jpg,T_20260715_020711_333827_frame_000600.jpg,510,600,90,0.803727,False
T_20260715_020711_333827,T_20260715_020711_333827_frame_000540.jpg,T_20260715_020711_333827_frame_000570.jpg,540,570,30,0.908322,False
T_20260715_020711_333827,T_20260715_020711_333827_frame_000540.jpg,T_20260715_020711_333827_frame_000600.jpg,540,600,60,0.827159,False
T_20260715_020711_333827,T_20260715_020711_333827_frame_000540.jpg,T_20260715_020711_333827_frame_000630.jpg,540,630,90,0.800071,False
T_20260715_020711_333827,T_20260715_020711_333827_frame_000570.jpg,T_20260715_020711_333827_frame_000600.jpg,570,600,30,0.837857,False
T_20260715_020711_333827,T_20260715_020711_333827_frame_000570.jpg,T_20260715_020711_333827_frame_000630.jpg,570,630,60,0.816974,False
T_20260715_020711_333827,T_20260715_020711_333827_frame_000570.jpg,T_20260715_020711_333827_frame_000660.jpg,570,660,90,0.858197,False
T_20260715_020711_333827,T_20260715_020711_333827_frame_000600.jpg,T_20260715_020711_333827_frame_000630.jpg,600,630,30,0.83893,False
T_20260715_020711_333827,T_20260715_020711_333827_frame_000600.jpg,T_20260715_020711_333827_frame_000660.jpg,600,660,60,0.787762,False
T_20260715_020711_333827,T_20260715_020711_333827_frame_000600.jpg,T_20260715_020711_333827_frame_000690.jpg,600,690,90,0.806872,False
T_20260715_020711_333827,T_20260715_020711_333827_frame_000630.jpg,T_20260715_020711_333827_frame_000660.jpg,630,660,30,0.780962,False
T_20260715_020711_333827,T_20260715_020711_333827_frame_000630.jpg,T_20260715_020711_333827_frame_000690.jpg,630,690,60,0.883173,False
T_20260715_020711_333827,T_20260715_020711_333827_frame_000660.jpg,T_20260715_020711_333827_frame_000690.jpg,660,690,30,0.748514,False
